10	1.9891e+30	0	0	0	0	0	0	5.61156e+23	0	0	3.285e+23	5.8344e+10	0	0	0	47870	0	-1.28109e+22	0	0	4.867e+24	1.07712e+11	0	0	0	35020	0	-5.56873e+22	0	0	5.972e+24	1.496e+11	0	0	0	29780	0	-3.52251e+22	0	0	6.39e+23	2.27392e+11	0	0	0	24130	0	-1.64034e+21	0	0	1.898e+27	7.7792e+11	0	0	0	13070	0	-4.16193e+23	0	0	5.683e+26	1.43317e+12	0	0	0	9680	0	-3.68964e+22	0	0	8.681e+25	2.87531e+12	0	0	0	6800	0	-1.3978e+21	0	0	1.024e+26	4.49548e+12	0	0	0	5430	0	-6.74235e+20	0	0	7.342e+22	1.49984e+11	0	0	0	30802	0	-6.31304e+20	0	0	
10	1.9891e+30	559187	27738	0	0.554316	0.0404701	0	5.33201e+23	7.5146e+22	0	3.285e+23	-3.60079e+09	5.86697e+10	0	-47445.8	-2570.16	0	7.73402e+20	-1.2598e+22	0	4.867e+24	8.56141e+10	6.51795e+10	0	-21317.8	27829	0	-4.43991e+22	-3.38037e+22	0	5.972e+24	1.37894e+11	5.80259e+10	0	-11560.3	27453.3	0	-3.25168e+22	-1.38854e+22	0	6.39e+23	2.22277e+11	4.78975e+10	0	-5095.82	23587.2	0	-1.60372e+21	-3.45635e+20	0	1.898e+27	7.77481e+11	2.61351e+10	0	-438.477	13062.6	0	-4.15958e+23	-1.39896e+22	0	5.683e+26	1.43304e+12	1.93594e+10	0	-129.844	9679.13	0	-3.68928e+22	-4.94427e+20	0	8.681e+25	2.87528e+12	1.35999e+10	0	-32.2036	6799.92	0	-1.39778e+21	-6.57215e+18	0	1.024e+26	4.49547e+12	1.086e+10	0	-13.1686	5429.98	0	-6.74233e+20	-1.61953e+18	0	7.342e+22	1.38151e+11	5.77379e+10	0	-10802.3	28120.1	0	-5.31937e+20	-2.10007e+19	0	
10	1.9891e+30	2.18698e+06	198867	0	1.06492	0.13612	0	4.83165e+23	1.08237e+23	0	3.285e+23	-5.89214e+10	-5.48712e+09	0	4401	-46989.2	0	1.23987e+22	1.15465e+21	0	4.867e+24	2.83072e+10	1.03518e+11	0	-33946.6	9109.56	0	-1.47948e+22	-5.41136e+22	0	5.972e+24	1.04611e+11	1.06969e+11	0	-21306	20835.1	0	-2.47859e+22	-2.55252e+22	0	6.39e+23	2.0716e+11	9.36394e+10	0	-9964.04	21982.4	0	-1.49541e+21	-6.76076e+20	0	1.898e+27	7.76166e+11	5.22407e+10	0	-876.458	13040.5	0	-4.15253e+23	-2.79635e+22	0	5.683e+26	1.43265e+12	3.87154e+10	0	-259.663	9676.52	0	-3.68822e+22	-9.88786e+20	0	8.681e+25	2.87518e+12	2.71996e+10	0	-64.4064	6799.7	0	-1.39774e+21	-1.31443e+19	0	1.024e+26	4.49543e+12	2.17199e+10	0	-26.3372	5429.94	0	-6.74227e+20	-3.23906e+18	0	7.342e+22	1.04564e+11	1.06595e+11	0	-20279	20678.8	0	-2.80685e+20	-1.07669e+20	0	
10	1.9891e+30	4.78933e+06	583607	0	1.53148	0.250056	0	4.47621e+23	1.17397e+23	0	3.285e+23	7.43186e+09	-5.82385e+10	0	47148.2	6347.35	0	-1.60038e+21	1.25499e+22	0	4.867e+24	-4.0689e+10	9.89344e+10	0	-32547.2	-13560.7	0	2.14781e+22	-5.22142e+22	0	5.972e+24	5.49597e+10	1.39172e+11	0	-27708.9	10957.7	0	-1.31835e+22	-3.3043e+22	0	6.39e+23	1.82717e+11	1.35165e+11	0	-14386.8	19386.3	0	-1.32006e+21	-9.76723e+20	0	1.898e+27	7.73976e+11	7.82874e+10	0	-1313.45	13003.7	0	-4.14079e+23	-4.19057e+22	0	5.683e+26	1.432e+12	5.80643e+10	0	-389.432	9672.17	0	-3.68644e+22	-1.48301e+21	0	8.681e+25	2.87502e+12	4.07986e+10	0	-96.6077	6799.32	0	-1.39765e+21	-1.97164e+19	0	1.024e+26	4.49536e+12	3.25797e+10	0	-39.5056	5429.86	0	-6.74216e+20	-4.85862e+18	0	7.342e+22	5.46384e+10	1.38981e+11	0	-27165.8	10063.4	0	1.96652e+19	-2.99645e+20	0	
10	1.9891e+30	8.29235e+06	1.20481e+06	0	1.96608	0.372584	0	4.14974e+23	1.2547e+23	0	3.285e+23	5.73043e+10	1.10455e+10	0	-8994.37	47011.7	0	-1.25765e+22	-2.42422e+21	0	4.867e+24	-9.26255e+10	5.2991e+10	0	-17474.2	-30722.3	0	4.92445e+22	-2.81689e+22	0	5.972e+24	-3.29015e+09	1.49602e+11	0	-29772.1	-637.47	0	5.87972e+20	-3.53307e+22	0	6.39e+23	1.50042e+11	1.70599e+11	0	-18165.2	15913.5	0	-1.08518e+21	-1.23418e+21	0	1.898e+27	7.70913e+11	1.04246e+11	0	-1748.96	12952.2	0	-4.12438e+23	-5.58004e+22	0	5.683e+26	1.43109e+12	7.74029e+10	0	-519.126	9666.08	0	-3.68395e+22	-1.97702e+21	0	8.681e+25	2.8748e+12	5.43968e+10	0	-128.807	6798.79	0	-1.39754e+21	-2.62883e+19	0	1.024e+26	4.49527e+12	4.34393e+10	0	-52.6738	5429.75	0	-6.74202e+20	-6.47819e+18	0	7.342e+22	-3.64702e+09	1.49726e+11	0	-30112.1	-1611.92	0	2.04415e+20	-5.01588e+20	0	
10	1.9891e+30	1.26282e+07	2.07423e+06	0	2.36303	0.494318	0	3.76078e+23	1.10381e+23	0	3.285e+23	-1.4473e+10	5.70494e+10	0	-46071.9	-11356	0	3.09824e+21	-1.22012e+22	0	4.867e+24	-1.05547e+11	-1.52428e+10	0	5031.6	-35006.7	0	5.62167e+22	8.11884e+21	0	5.972e+24	-6.10262e+10	1.36636e+11	0	-27181.2	-12136.1	0	1.43697e+22	-3.21282e+22	0	6.39e+23	1.106e+11	1.98335e+11	0	-21128.3	11717.9	0	-8.00948e+20	-1.43683e+21	0	1.898e+27	7.66982e+11	1.30087e+11	0	-2182.49	12886.1	0	-4.10331e+23	-6.96319e+22	0	5.683e+26	1.42992e+12	9.67275e+10	0	-648.72	9658.26	0	-3.68076e+22	-2.47074e+21	0	8.681e+25	2.87451e+12	6.79937e+10	0	-161.003	6798.11	0	-1.39739e+21	-3.28601e+19	0	1.024e+26	4.49515e+12	5.42987e+10	0	-65.8416	5429.6	0	-6.74183e+20	-8.09779e+18	0	7.342e+22	-6.11552e+10	1.3699e+11	0	-28157	-12508.1	0	2.47537e+20	-5.89829e+20	0	
10	1.9891e+30	1.77261e+07	3.16051e+06	0	2.73372	0.584719	0	3.69731e+23	6.81898e+22	0	3.285e+23	-5.68757e+10	-1.62331e+10	0	13039.3	-45369.5	0	1.19799e+22	3.41879e+21	0	4.867e+24	-7.39485e+10	-7.70537e+10	0	25391.7	-24546.2	0	3.92184e+22	4.08565e+22	0	5.972e+24	-1.09219e+11	1.02309e+11	0	-20348.3	-21736.9	0	2.59326e+22	-2.40235e+22	0	6.39e+23	6.61632e+10	2.17112e+11	0	-23140.4	6986.33	0	-4.79771e+20	-1.57533e+21	0	1.898e+27	7.62185e+11	1.55781e+11	0	-2613.56	12805.5	0	-4.0776e+23	-8.33843e+22	0	5.683e+26	1.4285e+12	1.16035e+11	0	-778.189	9648.69	0	-3.67686e+22	-2.9641e+21	0	8.681e+25	2.87415e+12	8.15891e+10	0	-193.195	6797.27	0	-1.39721e+21	-3.94317e+19	0	1.024e+26	4.49501e+12	6.51577e+10	0	-79.009	5429.43	0	-6.7416e+20	-9.71742e+18	0	7.342e+22	-1.09027e+11	1.02644e+11	0	-21233.8	-21249.9	0	2.18351e+20	-4.68766e+20	0	
10	1.9891e+30	2.35755e+07	4.38757e+06	0	3.12231	0.638614	0	4.08065e+23	4.65916e+22	0	3.285e+23	1.81979e+10	-5.57422e+10	0	45191.4	15067.6	0	-3.93164e+21	1.20598e+22	0	4.867e+24	-1.12575e+10	-1.06522e+11	0	35001.2	-3881.08	0	5.93039e+21	5.59919e+22	0	5.972e+24	-1.40335e+11	5.19921e+10	0	-10341.2	-27934.7	0	3.3378e+22	-1.22487e+22	0	6.39e+23	1.87353e+10	2.26063e+11	0	-24107.9	1930.65	0	-1.35844e+20	-1.64307e+21	0	1.898e+27	7.56529e+11	1.81299e+11	0	-3041.68	12710.4	0	-4.04729e+23	-9.70422e+22	0	5.683e+26	1.42681e+12	1.35321e+11	0	-907.509	9637.39	0	-3.67226e+22	-3.45702e+21	0	8.681e+25	2.87373e+12	9.51827e+10	0	-225.383	6796.29	0	-1.397e+21	-4.6003e+19	0	1.024e+26	4.49483e+12	7.60164e+10	0	-92.1759	5429.23	0	-6.74133e+20	-1.13371e+19	0	7.342e+22	-1.39958e+11	5.20753e+10	0	-10550.3	-26939.8	0	2.17166e+20	-1.94896e+20	0	
10	1.9891e+30	3.02453e+07	5.7169e+06	0	3.55372	0.695079	0	4.45095e+23	7.17426e+22	0	3.285e+23	5.42227e+10	2.16968e+10	0	-17659.4	44468	0	-1.18821e+22	-4.75596e+21	0	4.867e+24	5.61798e+10	-9.16133e+10	0	30011	18215.7	0	-2.92376e+22	4.7709e+22	0	5.972e+24	-1.4951e+11	-6.44997e+09	0	1280.09	-29759.6	0	3.55142e+22	1.40868e+21	0	6.39e+23	-2.95391e+10	2.24769e+11	0	-23983.2	-3221.28	0	2.15438e+20	-1.63651e+21	0	1.898e+27	7.50021e+11	2.06613e+11	0	-3466.36	12601	0	-4.01241e+23	-1.1059e+23	0	5.683e+26	1.42487e+12	1.54583e+11	0	-1036.65	9624.36	0	-3.66696e+22	-3.94941e+21	0	8.681e+25	2.87325e+12	1.08774e+11	0	-257.565	6795.15	0	-1.39675e+21	-5.2574e+19	0	1.024e+26	4.49464e+12	8.68746e+10	0	-105.342	5428.99	0	-6.74102e+20	-1.29568e+19	0	7.342e+22	-1.49201e+11	-6.67771e+09	0	1886.28	-28939.9	0	2.76553e+20	1.37272e+20	0	
10	1.9891e+30	3.7804e+07	7.1918e+06	0	4.00556	0.785635	0	4.49701e+23	1.06067e+23	0	3.285e+23	-2.48252e+10	5.3437e+10	0	-43095.7	-19711.6	0	5.2978e+21	-1.13847e+22	0	4.867e+24	1.0046e+11	-3.88426e+10	0	12703.2	32649.7	0	-5.19732e+22	2.01077e+22	0	5.972e+24	-1.35313e+11	-6.38845e+10	0	12705.4	-26927.9	0	3.20229e+22	1.4905e+22	0	6.39e+23	-7.64695e+10	2.13269e+11	0	-22768.3	-8235.68	0	5.58139e+20	-1.55543e+21	0	1.898e+27	7.42666e+11	2.31694e+11	0	-3887.13	12477.4	0	-3.973e+23	-1.24013e+23	0	5.683e+26	1.42266e+12	1.73817e+11	0	-1165.6	9609.6	0	-3.66097e+22	-4.44121e+21	0	8.681e+25	2.8727e+12	1.22363e+11	0	-289.741	6793.87	0	-1.39647e+21	-5.91446e+19	0	1.024e+26	4.49441e+12	9.77323e+10	0	-118.508	5428.72	0	-6.74066e+20	-1.45765e+19	0	7.342e+22	-1.35278e+11	-6.42625e+10	0	13730	-26860.3	0	3.73605e+20	3.88552e+20	0	
10	1.9891e+30	4.62664e+07	8.87726e+06	0	4.45665	0.903222	0	4.49073e+23	1.26948e+23	0	3.285e+23	-5.28578e+10	-2.64173e+10	0	21237.5	-42185.2	0	1.11556e+22	5.57232e+21	0	4.867e+24	1.03505e+11	2.98985e+10	0	-9762.65	33638.5	0	-5.35226e+22	-1.54629e+22	0	5.972e+24	-9.99613e+10	-1.11336e+11	0	22153.1	-19886.1	0	2.34972e+22	2.6186e+22	0	6.39e+23	-1.19919e+11	1.9207e+11	0	-20514.9	-12883.5	0	8.76495e+20	-1.40305e+21	0	1.898e+27	7.34475e+11	2.56513e+11	0	-4303.5	12339.7	0	-3.92911e+23	-1.37295e+23	0	5.683e+26	1.4202e+12	1.9302e+11	0	-1294.33	9593.1	0	-3.65429e+22	-4.9323e+21	0	8.681e+25	2.87209e+12	1.3595e+11	0	-321.911	6792.43	0	-1.39616e+21	-6.57147e+19	0	1.024e+26	4.49416e+12	1.08589e+11	0	-131.673	5428.42	0	-6.74027e+20	-1.61963e+19	0	7.342e+22	-1.0023e+11	-1.11591e+11	0	22879.5	-20656.5	0	4.44061e+20	4.68505e+20	0	
10	1.9891e+30	5.56331e+07	1.08198e+07	0	4.9108	1.04428	0	4.53161e+23	1.57045e+23	0	3.285e+23	2.8334e+10	-5.12717e+10	0	41625.9	23287.1	0	-6.14002e+21	1.1135e+22	0	4.867e+24	6.40823e+10	8.63577e+10	0	-28264.3	20790.5	0	-3.33029e+22	-4.4914e+22	0	5.972e+24	-4.89791e+10	-1.41385e+11	0	28145.6	-9740.05	0	1.13961e+22	3.34731e+22	0	6.39e+23	-1.57902e+11	1.62122e+11	0	-17322.7	-16950.9	0	1.15567e+21	-1.18593e+21	0	1.898e+27	7.25455e+11	2.81043e+11	0	-4715.02	12188.1	0	-3.88077e+23	-1.50421e+23	0	5.683e+26	1.41749e+12	2.12189e+11	0	-1422.8	9574.88	0	-3.64693e+22	-5.42262e+21	0	8.681e+25	2.87142e+12	1.49533e+11	0	-354.073	6790.84	0	-1.39582e+21	-7.22843e+19	0	1.024e+26	4.49389e+12	1.19446e+11	0	-144.837	5428.09	0	-6.73983e+20	-1.78162e+19	0	7.342e+22	-4.93532e+10	-1.41331e+11	0	28015.4	-10762.3	0	3.46214e+20	3.81259e+20	0	
10	1.9891e+30	6.59065e+07	1.30804e+07	0	5.35905	1.22335	0	4.31993e+23	1.9769e+23	0	3.285e+23	4.92119e+10	3.15739e+10	0	-25679.4	40335.9	0	-1.07563e+22	-6.90751e+21	0	4.867e+24	-1.72799e+09	1.07168e+11	0	-35183.5	-760.603	0	9.42806e+20	-5.62464e+22	0	5.972e+24	9.66692e+09	-1.49327e+11	0	29738.2	1924.83	0	-2.37978e+21	3.55005e+22	0	6.39e+23	-1.88678e+11	1.24779e+11	0	-13335.4	-20249.7	0	1.3825e+21	-9.13786e+20	0	1.898e+27	7.15618e+11	3.05256e+11	0	-5121.22	12022.8	0	-3.82806e+23	-1.63378e+23	0	5.683e+26	1.41451e+12	2.31319e+11	0	-1551.01	9554.94	0	-3.63888e+22	-5.91206e+21	0	8.681e+25	2.87068e+12	1.63113e+11	0	-386.227	6789.1	0	-1.39544e+21	-7.88532e+19	0	1.024e+26	4.49358e+12	1.30302e+11	0	-158	5427.72	0	-6.73936e+20	-1.94361e+19	0	7.342e+22	9.46273e+09	-1.49007e+11	0	28868.9	1365.6	0	8.20431e+19	2.64849e+20	0	
10	1.9891e+30	7.70441e+07	1.57326e+07	0	5.77082	1.43014	0	3.87219e+23	2.05514e+23	0	3.285e+23	-3.42983e+10	4.79662e+10	0	-38631	-27351.7	0	7.2994e+21	-1.01819e+22	0	4.867e+24	-6.6745e+10	8.33909e+10	0	-27457	-22181.6	0	3.53941e+22	-4.41604e+22	0	5.972e+24	6.68103e+10	-1.33913e+11	0	26675.1	13288.5	0	-1.57307e+22	3.18824e+22	0	6.39e+23	-2.10833e+11	8.17381e+10	0	-8734.63	-22626.5	0	1.54616e+21	-5.99035e+20	0	1.898e+27	7.04974e+11	3.29125e+11	0	-5521.63	11843.9	0	-3.77102e+23	-1.76149e+23	0	5.683e+26	1.41128e+12	2.50407e+11	0	-1678.92	9533.27	0	-3.63015e+22	-6.40053e+21	0	8.681e+25	2.86987e+12	1.76689e+11	0	-418.371	6787.21	0	-1.39504e+21	-8.54215e+19	0	1.024e+26	4.49325e+12	1.41157e+11	0	-171.163	5427.33	0	-6.73884e+20	-2.1056e+19	0	7.342e+22	6.69252e+10	-1.33547e+11	0	25696.4	13573.4	0	-2.55049e+20	2.01121e+20	0	
10	1.9891e+30	8.89654e+07	1.87917e+07	0	6.14743	1.62417	0	3.69585e+23	1.7817e+23	0	3.285e+23	-4.70025e+10	-3.56861e+10	0	28716.5	-37538.6	0	9.95011e+21	7.54422e+21	0	4.867e+24	-1.03693e+11	2.4651e+10	0	-8122.06	-34414.9	0	5.52541e+22	-1.31138e+22	0	5.972e+24	1.13516e+11	-9.75465e+10	0	19432.5	22578.6	0	-2.66718e+22	2.31789e+22	0	6.39e+23	-2.23347e+11	3.49622e+10	0	-3731.06	-23970.3	0	1.6388e+21	-2.56251e+20	0	1.898e+27	6.93536e+11	3.52623e+11	0	-5915.8	11651.6	0	-3.70973e+23	-1.88721e+23	0	5.683e+26	1.4078e+12	2.69451e+11	0	-1806.51	9509.89	0	-3.62075e+22	-6.88794e+21	0	8.681e+25	2.869e+12	1.90262e+11	0	-450.506	6785.16	0	-1.3946e+21	-9.19888e+19	0	1.024e+26	4.4929e+12	1.52011e+11	0	-184.324	5426.9	0	-6.73828e+20	-2.2676e+19	0	7.342e+22	1.13867e+11	-9.73838e+10	0	19019	23497.7	0	-5.07523e+20	2.00276e+20	0	
10	1.9891e+30	1.01637e+08	2.22115e+07	0	6.5281	1.79322	0	3.91624e+23	1.64001e+23	0	3.285e+23	3.74788e+10	-4.49765e+10	0	36568.3	30707.4	0	-8.1428e+21	9.80331e+21	0	4.867e+24	-9.68806e+10	-4.44637e+10	0	14679.1	-32161.9	0	5.15857e+22	2.36624e+22	0	5.972e+24	1.42478e+11	-4.59135e+10	0	9146.02	28343.7	0	-3.35262e+22	1.07951e+22	0	6.39e+23	-2.25641e+11	-1.34115e+10	0	1444.98	-24218.1	0	1.65592e+21	9.85678e+19	0	1.898e+27	6.81316e+11	3.75723e+11	0	-6303.3	11446.2	0	-3.64425e+23	-2.0108e+23	0	5.683e+26	1.40406e+12	2.88446e+11	0	-1933.76	9484.79	0	-3.61068e+22	-7.37417e+21	0	8.681e+25	2.86807e+12	2.0383e+11	0	-482.631	6782.97	0	-1.39413e+21	-9.85552e+19	0	1.024e+26	4.49252e+12	1.62864e+11	0	-197.484	5426.44	0	-6.73769e+20	-2.42961e+19	0	7.342e+22	1.42825e+11	-4.60694e+10	0	9576.38	29280.6	0	-5.96291e+20	2.15662e+20	0	
10	1.9891e+30	1.15096e+08	2.59673e+07	0	6.93427	1.96577	0	4.12843e+23	1.82501e+23	0	3.285e+23	4.24557e+10	4.03273e+10	0	-32765.1	34771.6	0	-9.24438e+21	-8.79918e+21	0	4.867e+24	-4.92043e+10	-9.48555e+10	0	31233.7	-16405.1	0	2.60607e+22	5.01351e+22	0	5.972e+24	1.49162e+11	1.29075e+10	0	-2569.45	29680.5	0	-3.52321e+22	-3.24234e+21	0	6.39e+23	-2.1761e+11	-6.11706e+10	0	6554.85	-23358.2	0	1.59668e+21	4.48798e+20	0	1.898e+27	6.68327e+11	3.98399e+11	0	-6683.68	11227.9	0	-3.57466e+23	-2.1321e+23	0	5.683e+26	1.40006e+12	3.07389e+11	0	-2060.64	9457.99	0	-3.59995e+22	-7.85914e+21	0	8.681e+25	2.86707e+12	2.17393e+11	0	-514.744	6780.62	0	-1.39363e+21	-1.05121e+20	0	1.024e+26	4.49211e+12	1.73717e+11	0	-210.643	5425.95	0	-6.73705e+20	-2.59161e+19	0	7.342e+22	1.49271e+11	1.25426e+10	0	-1586.19	29962.4	0	-4.91336e+20	1.56966e+20	0	
10	1.9891e+30	1.29382e+08	3.009e+07	0	7.35274	2.16025	0	4.19242e+23	2.02884e+23	0	3.285e+23	-4.25652e+10	4.08365e+10	0	-32841.1	-34018.5	0	9.0384e+21	-8.63859e+21	0	4.867e+24	1.91583e+10	-1.05541e+11	0	34643.4	6070	0	-9.95915e+21	5.52577e+22	0	5.972e+24	1.32521e+11	6.97106e+10	0	-13875.7	26374.8	0	-3.14588e+22	-1.66719e+22	0	6.39e+23	-1.99622e+11	-1.06131e+11	0	11363.1	-21430.8	0	1.46394e+21	7.78039e+20	0	1.898e+27	6.54586e+11	4.20626e+11	0	-7056.51	10997	0	-3.50104e+23	-2.251e+23	0	5.683e+26	1.39581e+12	3.26276e+11	0	-2187.13	9429.48	0	-3.58855e+22	-8.34275e+21	0	8.681e+25	2.86601e+12	2.30952e+11	0	-546.846	6778.12	0	-1.39309e+21	-1.11685e+20	0	1.024e+26	4.49167e+12	1.84568e+11	0	-223.801	5425.43	0	-6.73637e+20	-2.75363e+19	0	7.342e+22	1.32315e+11	6.94008e+10	0	-13007.7	25777.9	0	-2.70232e+20	-2.70556e+19	0	
10	1.9891e+30	1.44513e+08	3.46207e+07	0	7.7809	2.37413	0	4.34556e+23	2.25462e+23	0	3.285e+23	-3.95073e+10	-4.37149e+10	0	35220.1	-31582.6	0	8.4004e+21	9.26849e+21	0	4.867e+24	7.96686e+10	-7.24047e+10	0	23708.4	25845.5	0	-4.12769e+22	3.76012e+22	0	5.972e+24	9.51609e+10	1.15607e+11	0	-23001.8	18938.2	0	-2.26977e+22	-2.73696e+22	0	6.39e+23	-1.72505e+11	-1.46241e+11	0	15648.7	-18525.9	0	1.26408e+21	1.07096e+21	0	1.898e+27	6.40106e+11	4.42379e+11	0	-7421.38	10753.6	0	-3.42346e+23	-2.36735e+23	0	5.683e+26	1.39131e+12	3.45105e+11	0	-2313.21	9399.27	0	-3.5765e+22	-8.82489e+21	0	8.681e+25	2.86488e+12	2.44506e+11	0	-578.934	6775.48	0	-1.39253e+21	-1.18247e+20	0	1.024e+26	4.49121e+12	1.95419e+11	0	-236.957	5424.88	0	-6.73565e+20	-2.91564e+19	0	7.342e+22	9.47867e+10	1.15584e+11	0	-22911.7	17899.3	0	-6.89716e+19	-3.25034e+20	0	
10	1.9891e+30	1.60518e+08	3.96102e+07	0	8.22597	2.62411	0	4.46485e+23	2.77602e+23	0	3.285e+23	4.5306e+10	-3.70718e+10	0	30190.8	37056.3	0	-9.86353e+21	8.10834e+21	0	4.867e+24	1.07453e+11	-9.41556e+09	0	3098.63	34886.8	0	-5.54781e+22	4.89005e+21	0	5.972e+24	4.29314e+10	1.43421e+11	0	-28525.8	8533.36	0	-1.02609e+22	-3.37909e+22	0	6.39e+23	-1.37506e+11	-1.79672e+11	0	19215.9	-14778.9	0	1.00666e+21	1.31407e+21	0	1.898e+27	6.24906e+11	4.63633e+11	0	-7777.87	10498.2	0	-3.34202e+23	-2.48103e+23	0	5.683e+26	1.38656e+12	3.63872e+11	0	-2438.86	9367.36	0	-3.56379e+22	-9.30546e+21	0	8.681e+25	2.86369e+12	2.58054e+11	0	-611.01	6772.68	0	-1.39193e+21	-1.24809e+20	0	1.024e+26	4.49073e+12	2.06268e+11	0	-250.112	5424.29	0	-6.7349e+20	-3.07766e+19	0	7.342e+22	4.26641e+10	1.43695e+11	0	-29251	7816.15	0	1.65837e+19	-5.59478e+20	0	
10	1.9891e+30	1.77412e+08	4.51607e+07	0	8.66284	2.9376	0	4.13256e+23	3.43386e+23	0	3.285e+23	3.42012e+10	4.76495e+10	0	-38663.2	27982.7	0	-7.40619e+21	-1.03624e+22	0	4.867e+24	9.12124e+10	5.7458e+10	0	-18764.6	29598.2	0	-4.71778e+22	-2.97532e+22	0	5.972e+24	-1.59899e+10	1.48808e+11	0	-29590.1	-3207.17	0	3.84355e+21	-3.49992e+22	0	6.39e+23	-9.62289e+10	-2.04909e+11	0	21902.9	-10363.7	0	7.03898e+20	1.49636e+21	0	1.898e+27	6.09001e+11	4.84363e+11	0	-8125.57	10230.9	0	-3.25681e+23	-2.5919e+23	0	5.683e+26	1.38156e+12	3.82574e+11	0	-2564.05	9333.77	0	-3.55043e+22	-9.78437e+21	0	8.681e+25	2.86244e+12	2.71596e+11	0	-643.071	6769.72	0	-1.3913e+21	-1.31368e+20	0	1.024e+26	4.49021e+12	2.17116e+11	0	-263.265	5423.67	0	-6.7341e+20	-3.23967e+19	0	7.342e+22	-1.5958e+10	1.49189e+11	0	-30613	-3133.21	0	2.99311e+19	-6.29468e+20	0	
10	1.9891e+30	1.95132e+08	5.13944e+07	0	9.0449	3.30048	0	3.45517e+23	3.69504e+23	0	3.285e+23	-4.93405e+10	3.23017e+10	0	-25931.7	-39489.9	0	1.04602e+22	-6.81005e+21	0	4.867e+24	3.7553e+10	1.00704e+11	0	-32985.4	12076.9	0	-1.95035e+22	-5.25499e+22	0	5.972e+24	-7.23823e+10	1.30933e+11	0	-26032.9	-14441.5	0	1.7323e+22	-3.0838e+22	0	6.39e+23	-5.05618e+10	-2.20816e+11	0	23589.7	-5484.02	0	3.69997e+20	1.60981e+21	0	1.898e+27	5.92409e+11	5.04548e+11	0	-8464.1	9952.02	0	-3.16792e+23	-2.69984e+23	0	5.683e+26	1.37631e+12	4.01206e+11	0	-2688.75	9298.5	0	-3.53643e+22	-1.02615e+22	0	8.681e+25	2.86112e+12	2.85133e+11	0	-675.118	6766.62	0	-1.39065e+21	-1.37926e+20	0	1.024e+26	4.48967e+12	2.27962e+11	0	-276.417	5423.02	0	-6.73327e+20	-3.40169e+19	0	7.342e+22	-7.20728e+10	1.31166e+11	0	-26635.7	-13637.7	0	5.41585e+19	-4.98119e+20	0	
10	1.9891e+30	2.13549e+08	5.83641e+07	0	9.3635	3.66661	0	2.9336e+23	3.55077e+23	0	3.285e+23	-3.06255e+10	-5.02196e+10	0	40520.8	-24513.5	0	6.55412e+21	1.06854e+22	0	4.867e+24	-3.15333e+10	1.02262e+11	0	-33601	-10609	0	1.67347e+22	-5.38716e+22	0	5.972e+24	-1.17426e+11	9.25985e+10	0	-18409.7	-23410	0	2.80138e+22	-2.19192e+22	0	6.39e+23	-2.58672e+09	-2.26684e+11	0	24202.8	-363.574	0	2.04368e+19	1.64968e+21	0	1.898e+27	5.75151e+11	5.24164e+11	0	-8793.08	9661.98	0	-3.07547e+23	-2.80474e+23	0	5.683e+26	1.3708e+12	4.19767e+11	0	-2812.95	9261.55	0	-3.52178e+22	-1.07368e+22	0	8.681e+25	2.85974e+12	2.98663e+11	0	-707.149	6763.37	0	-1.38996e+21	-1.44482e+20	0	1.024e+26	4.48911e+12	2.38808e+11	0	-289.567	5422.34	0	-6.73239e+20	-3.56371e+19	0	7.342e+22	-1.17053e+11	9.25232e+10	0	-18183.2	-22404.1	0	1.44876e+20	-2.30573e+20	0	
10	1.9891e+30	2.3256e+08	6.60475e+07	0	9.64354	4.01355	0	2.656e+23	3.3627e+23	0	3.285e+23	5.15337e+10	-2.78324e+10	0	22717.3	42096.9	0	-1.12343e+22	6.10949e+21	0	4.867e+24	-8.73152e+10	6.11397e+10	0	-20127.5	-29033.7	0	4.65055e+22	-3.24417e+22	0	5.972e+24	-1.44079e+11	3.97998e+10	0	-7908.13	-28710.5	0	3.42135e+22	-9.57302e+21	0	6.39e+23	4.55164e+10	-2.22264e+11	0	23718.1	4764.42	0	-3.288e+20	1.6147e+21	0	1.898e+27	5.57244e+11	5.43189e+11	0	-9112.13	9361.04	0	-2.97954e+23	-2.90646e+23	0	5.683e+26	1.36505e+12	4.38251e+11	0	-2936.62	9222.93	0	-3.50649e+22	-1.12101e+22	0	8.681e+25	2.85829e+12	3.12186e+11	0	-739.163	6759.97	0	-1.38924e+21	-1.51035e+20	0	1.024e+26	4.48852e+12	2.49652e+11	0	-302.715	5421.63	0	-6.73148e+20	-3.72573e+19	0	7.342e+22	-1.43901e+11	3.94658e+10	0	-6995.5	-28225.3	0	3.25063e+20	6.54275e+19	0	
10	1.9891e+30	2.52106e+08	7.44069e+07	0	9.8972	4.34236	0	2.38724e+23	3.14735e+23	0	3.285e+23	2.47481e+10	5.32876e+10	0	-43168.8	20221.8	0	-5.31381e+21	-1.15434e+22	0	4.867e+24	-1.06246e+11	-5.65708e+09	0	1899.5	-35312.9	0	5.67195e+22	3.05278e+21	0	5.972e+24	-1.48178e+11	-1.92102e+10	0	3836	-29519.8	0	3.50185e+22	4.36742e+21	0	6.39e+23	9.15698e+10	-2.07775e+11	0	22161.5	9668.08	0	-6.61973e+20	1.50696e+21	0	1.898e+27	5.38709e+11	5.61601e+11	0	-9420.9	9049.56	0	-2.88025e+23	-3.00491e+23	0	5.683e+26	1.35906e+12	4.56657e+11	0	-3059.75	9182.65	0	-3.49057e+22	-1.16813e+22	0	8.681e+25	2.85678e+12	3.25702e+11	0	-771.161	6756.41	0	-1.38849e+21	-1.57587e+20	0	1.024e+26	4.4879e+12	2.60494e+11	0	-315.862	5420.89	0	-6.73053e+20	-3.88774e+19	0	7.342e+22	-1.48315e+11	-1.95599e+10	0	4796.23	-29915.1	0	5.06095e+20	2.49759e+20	0	
10	1.9891e+30	2.72134e+08	8.33948e+07	0	10.1297	4.63802	0	2.30319e+23	2.70546e+23	0	3.285e+23	-5.43941e+10	2.26637e+10	0	-18143.2	-43587.4	0	1.15218e+22	-4.75911e+21	0	4.867e+24	-8.02597e+10	-7.00389e+10	0	23119.4	-26712.5	0	4.27336e+22	3.72105e+22	0	5.972e+24	-1.29081e+11	-7.52084e+10	0	14989.3	-25717.7	0	3.03858e+22	1.7745e+22	0	6.39e+23	1.33495e+11	-1.83888e+11	0	19606.7	14127.2	0	-9.64278e+20	1.33178e+21	0	1.898e+27	5.19567e+11	5.7938e+11	0	-9719.03	8727.88	0	-2.77772e+23	-3.09996e+23	0	5.683e+26	1.35282e+12	4.74981e+11	0	-3182.3	9140.71	0	-3.47402e+22	-1.21503e+22	0	8.681e+25	2.85521e+12	3.39212e+11	0	-803.141	6752.7	0	-1.38771e+21	-1.64136e+20	0	1.024e+26	4.48725e+12	2.71335e+11	0	-329.006	5420.11	0	-6.72954e+20	-4.04975e+19	0	7.342e+22	-1.29438e+11	-7.53128e+10	0	15300.9	-26724.6	0	5.77039e+20	2.76859e+20	0	
10	1.9891e+30	2.92634e+08	9.29282e+07	0	10.3766	4.88925	0	2.68133e+23	2.35237e+23	0	3.285e+23	-2.06612e+10	-5.4967e+10	0	44429	-16566.8	0	4.46917e+21	1.17435e+22	0	4.867e+24	-2.04025e+10	-1.04968e+11	0	34539.1	-6972.49	0	1.08906e+22	5.52871e+22	0	5.972e+24	-8.97696e+10	-1.19439e+11	0	23805	-17901.9	0	2.11351e+22	2.83813e+22	0	6.39e+23	1.69408e+11	-1.51695e+11	0	16171.5	17942.9	0	-1.22246e+21	1.09737e+21	0	1.898e+27	4.9984e+11	5.96506e+11	0	-10006.2	8396.37	0	-2.67205e+23	-3.19151e+23	0	5.683e+26	1.34633e+12	4.93219e+11	0	-3304.26	9097.13	0	-3.45684e+22	-1.26171e+22	0	8.681e+25	2.85357e+12	3.52713e+11	0	-835.103	6748.85	0	-1.3869e+21	-1.70682e+20	0	1.024e+26	4.48658e+12	2.82175e+11	0	-342.149	5419.31	0	-6.72851e+20	-4.21176e+19	0	7.342e+22	-9.00863e+10	-1.19224e+11	0	23250.2	-18753.2	0	4.27505e+20	2.34631e+20	0	
10	1.9891e+30	3.13676e+08	1.02944e+08	0	10.6748	5.12925	0	3.22548e+23	2.51671e+23	0	3.285e+23	5.59344e+10	-1.75843e+10	0	14414.9	45638.3	0	-1.21997e+22	3.87953e+21	0	4.867e+24	4.81311e+10	-9.60865e+10	0	31524.3	15496.2	0	-2.4925e+22	5.01406e+22	0	5.972e+24	-3.63813e+10	-1.44983e+11	0	28898.8	-7289.82	0	8.65388e+21	3.4515e+22	0	6.39e+23	1.97697e+11	-1.12658e+11	0	12012.2	20945.9	0	-1.42533e+21	8.1442e+20	0	1.898e+27	4.7955e+11	6.12959e+11	0	-10282.1	8055.41	0	-2.56337e+23	-3.27946e+23	0	5.683e+26	1.3396e+12	5.11368e+11	0	-3425.61	9051.91	0	-3.43903e+22	-1.30815e+22	0	8.681e+25	2.85187e+12	3.66207e+11	0	-867.046	6744.84	0	-1.38605e+21	-1.77225e+20	0	1.024e+26	4.48588e+12	2.93012e+11	0	-355.29	5418.47	0	-6.72745e+20	-4.37376e+19	0	7.342e+22	-3.64328e+10	-1.44602e+11	0	27887.4	-7426.16	0	1.34189e+20	2.2766e+20	0	
10	1.9891e+30	3.3536e+08	1.13472e+08	0	11.0124	5.40711	0	3.4144e+23	3.01899e+23	0	3.285e+23	1.4436e+10	5.70477e+10	0	-46129.6	11773.6	0	-3.04725e+21	-1.23041e+22	0	4.867e+24	9.69326e+10	-4.74192e+10	0	15548.8	31408.6	0	-5.0017e+22	2.4613e+22	0	5.972e+24	2.27445e+10	-1.47837e+11	0	29469.6	4465.42	0	-5.17335e+21	3.51561e+22	0	6.39e+23	2.17098e+11	-6.85419e+10	0	7316.18	23003.6	0	-1.56418e+21	4.95586e+20	0	1.898e+27	4.5872e+11	6.28721e+11	0	-10546.3	7705.36	0	-2.4518e+23	-3.36371e+23	0	5.683e+26	1.33263e+12	5.29426e+11	0	-3546.31	9005.06	0	-3.4206e+22	-1.35435e+22	0	8.681e+25	2.8501e+12	3.79692e+11	0	-898.969	6740.68	0	-1.38518e+21	-1.83766e+20	0	1.024e+26	4.48516e+12	3.03849e+11	0	-368.428	5417.6	0	-6.72635e+20	-4.53575e+19	0	7.342e+22	2.29973e+10	-1.47545e+11	0	28702	5123.98	0	-1.9452e+20	2.8346e+20	0	
10	1.9891e+30	3.57726e+08	1.24604e+08	0	11.352	5.73183	0	3.32618e+23	3.41153e+23	0	3.285e+23	-5.75548e+10	1.22564e+10	0	-9741.77	-46177.7	0	1.21915e+22	-2.55388e+21	0	4.867e+24	1.06055e+11	2.07954e+10	0	-6744.27	34371.4	0	-5.4666e+22	-1.06899e+22	0	5.972e+24	7.83669e+10	-1.27548e+11	0	25427.4	15530.3	0	-1.82638e+22	3.02261e+22	0	6.39e+23	2.26743e+11	-2.13349e+10	0	2293.89	24025.5	0	-1.63308e+21	1.54973e+20	0	1.898e+27	4.37373e+11	6.43775e+11	0	-10798.7	7346.65	0	-2.33746e+23	-3.44416e+23	0	5.683e+26	1.32541e+12	5.47387e+11	0	-3666.36	8956.59	0	-3.40156e+22	-1.40029e+22	0	8.681e+25	2.84827e+12	3.93169e+11	0	-930.872	6736.37	0	-1.38428e+21	-1.90303e+20	0	1.024e+26	4.48441e+12	3.14683e+11	0	-381.564	5416.7	0	-6.7252e+20	-4.69773e+19	0	7.342e+22	7.87487e+10	-1.2754e+11	0	25432.4	16552.1	0	-4.27831e+20	3.65585e+20	0	
10	1.9891e+30	3.80762e+08	1.36422e+08	0	11.6818	6.09134	0	3.23551e+23	3.7539e+23	0	3.285e+23	-9.95734e+09	-5.77854e+10	0	46799.5	-8011.7	0	2.21347e+21	1.24013e+22	0	4.867e+24	7.18007e+10	8.05184e+10	0	-26298.9	23208.8	0	-3.7116e+22	-4.17732e+22	0	5.972e+24	1.21787e+11	-8.72846e+10	0	17407.1	24175.6	0	-2.86093e+22	2.05394e+22	0	6.39e+23	2.26204e+11	2.68387e+10	0	-2830.38	23966.7	0	-1.6291e+21	-1.92457e+20	0	1.898e+27	4.15533e+11	6.58102e+11	0	-11038.8	6979.65	0	-2.22049e+23	-3.52073e+23	0	5.683e+26	1.31796e+12	5.65251e+11	0	-3785.72	8906.5	0	-3.38189e+22	-1.44597e+22	0	8.681e+25	2.84638e+12	4.06638e+11	0	-962.753	6731.91	0	-1.38335e+21	-1.96837e+20	0	1.024e+26	4.48363e+12	3.25515e+11	0	-394.698	5415.76	0	-6.72403e+20	-4.8597e+19	0	7.342e+22	1.22028e+11	-8.75706e+10	0	18212.4	24848.1	0	-4.86294e+20	4.13416e+20	0	
10	1.9891e+30	4.04445e+08	1.48997e+08	0	11.9976	6.49146	0	2.99041e+23	4.21564e+23	0	3.285e+23	5.83499e+10	-6.69305e+09	0	5585.76	47547.5	0	-1.27209e+22	1.50213e+21	0	4.867e+24	8.12814e+09	1.07081e+11	0	-35092.4	2369.05	0	-4.04878e+21	-5.6065e+22	0	5.972e+24	1.46212e+11	-3.33423e+10	0	6668.84	29044.9	0	-3.45599e+22	7.72949e+21	0	6.39e+23	2.15505e+11	7.38119e+10	0	-7827.93	22829.7	0	-1.55239e+21	-5.31455e+20	0	1.898e+27	3.93225e+11	6.71688e+11	0	-11266.5	6604.8	0	-2.10102e+23	-3.59333e+23	0	5.683e+26	1.31027e+12	5.83012e+11	0	-3904.39	8854.82	0	-3.36162e+22	-1.49138e+22	0	8.681e+25	2.84442e+12	4.20097e+11	0	-994.613	6727.3	0	-1.38239e+21	-2.03367e+20	0	1.024e+26	4.48283e+12	3.36346e+11	0	-407.83	5414.8	0	-6.72281e+20	-5.02166e+19	0	7.342e+22	1.46143e+11	-3.37137e+10	0	7682.9	28858.4	0	-3.86851e+20	3.00285e+20	0	
10	1.9891e+30	4.28723e+08	1.62416e+08	0	12.2704	6.93267	0	2.39505e+23	4.48549e+23	0	3.285e+23	3.63447e+09	5.88064e+10	0	-47452.3	2942.86	0	-6.90036e+20	-1.26236e+22	0	4.867e+24	-5.87086e+10	8.9192e+10	0	-29306.1	-19639.1	0	3.12953e+22	-4.7112e+22	0	5.972e+24	1.47817e+11	2.58397e+10	0	-5105.3	29368.7	0	-3.50767e+22	-6.17954e+21	0	6.39e+23	1.95125e+11	1.17471e+11	0	-12475.4	20664.4	0	-1.40621e+21	-8.47103e+20	0	1.898e+27	3.70475e+11	6.84517e+11	0	-11481.5	6222.51	0	-1.97917e+23	-3.66187e+23	0	5.683e+26	1.30235e+12	6.00669e+11	0	-4022.33	8801.53	0	-3.34075e+22	-1.5365e+22	0	8.681e+25	2.8424e+12	4.33547e+11	0	-1026.45	6722.54	0	-1.3814e+21	-2.09894e+20	0	1.024e+26	4.482e+12	3.47174e+11	0	-420.959	5413.8	0	-6.72156e+20	-5.1836e+19	0	7.342e+22	1.4749e+11	2.56572e+10	0	-4592.88	28454.2	0	-2.48675e+20	2.71743e+19	0	
10	1.9891e+30	4.53484e+08	1.76729e+08	0	12.4813	7.37638	0	1.85825e+23	4.27473e+23	0	3.285e+23	-5.87124e+10	1.44201e+09	0	-1011.57	-47175.7	0	1.24491e+22	-2.66146e+20	0	4.867e+24	-1.00719e+11	3.39983e+10	0	-11148.6	-33544.7	0	5.38487e+22	-1.80004e+22	0	5.972e+24	1.26353e+11	8.10028e+10	0	-16074.5	25090.9	0	-2.99912e+22	-1.90571e+22	0	6.39e+23	1.65975e+11	1.55846e+11	0	-16564.5	17566.1	0	-1.19678e+21	-1.1254e+21	0	1.898e+27	3.47308e+11	6.96573e+11	0	-11683.6	5833.21	0	-1.8551e+23	-3.72629e+23	0	5.683e+26	1.29418e+12	6.18217e+11	0	-4139.52	8746.67	0	-3.31927e+22	-1.58133e+22	0	8.681e+25	2.84032e+12	4.46987e+11	0	-1058.26	6717.63	0	-1.38037e+21	-2.16416e+20	0	1.024e+26	4.48115e+12	3.58001e+11	0	-434.086	5412.77	0	-6.72027e+20	-5.34553e+19	0	7.342e+22	1.26e+11	8.11463e+10	0	-16434.2	24131.6	0	-1.80382e+20	-3.12525e+20	0	
10	1.9891e+30	4.78627e+08	1.91899e+08	0	12.6596	7.78826	0	1.75771e+23	3.945e+23	0	3.285e+23	1.11683e+09	-5.85642e+10	0	47537.6	857.955	0	-1.37162e+20	1.26298e+22	0	4.867e+24	-1.00078e+11	-3.54374e+10	0	11763.9	-33340.1	0	5.35113e+22	1.89608e+22	0	5.972e+24	8.51855e+10	1.2352e+11	0	-24527.5	16882.7	0	-2.01173e+22	-2.90075e+22	0	6.39e+23	1.29363e+11	1.87203e+11	0	-19910.4	13671.8	0	-9.33105e+20	-1.35384e+21	0	1.898e+27	3.2375e+11	7.07845e+11	0	-11872.4	5437.35	0	-1.72893e+23	-3.7865e+23	0	5.683e+26	1.28579e+12	6.35655e+11	0	-4255.95	8690.24	0	-3.29719e+22	-1.62586e+22	0	8.681e+25	2.83817e+12	4.60417e+11	0	-1090.05	6712.57	0	-1.37932e+21	-2.22935e+20	0	1.024e+26	4.48027e+12	3.68826e+11	0	-447.21	5411.71	0	-6.71894e+20	-5.50744e+19	0	7.342e+22	8.50538e+10	1.23883e+11	0	-25478.8	16541.7	0	-1.78228e+20	-5.42604e+20	0	
10	1.9891e+30	5.04126e+08	2.07869e+08	0	12.8415	8.18053	0	1.85084e+23	3.9114e+23	0	3.285e+23	5.86944e+10	4.45563e+09	0	-3447.94	47751.9	0	-1.27766e+22	-9.32587e+20	0	4.867e+24	-5.70523e+10	-8.98718e+10	0	29667.5	-19116.5	0	3.04439e+22	4.76469e+22	0	5.972e+24	3.07644e+10	1.46745e+11	0	-29145.5	6034.79	0	-7.06519e+21	-3.45029e+22	0	6.39e+23	8.69311e+10	2.10116e+11	0	-22360.9	9154.45	0	-6.26647e+20	-1.52197e+21	0	1.898e+27	2.99827e+11	7.18319e+11	0	-12047.9	5035.36	0	-1.60082e+23	-3.84245e+23	0	5.683e+26	1.27716e+12	6.52977e+11	0	-4371.59	8632.24	0	-3.27452e+22	-1.67008e+22	0	8.681e+25	2.83596e+12	4.73837e+11	0	-1121.82	6707.36	0	-1.37824e+21	-2.29449e+20	0	1.024e+26	4.47936e+12	3.79648e+11	0	-460.332	5410.62	0	-6.71757e+20	-5.66933e+19	0	7.342e+22	3.09487e+10	1.47083e+11	0	-30041.9	6524.99	0	-1.82972e+20	-5.98104e+20	0	
10	1.9891e+30	5.29994e+08	2.24627e+08	0	13.0255	8.57899	0	1.78373e+23	4.00152e+23	0	3.285e+23	-7.27266e+09	5.85142e+10	0	-47103.2	-5956.03	0	1.67297e+21	-1.24975e+22	0	4.867e+24	1.01274e+10	-1.06576e+11	0	35064.1	2982.87	0	-5.02885e+21	5.59656e+22	0	5.972e+24	-2.83884e+10	1.47054e+11	0	-29208	-5749.23	0	7.03524e+21	-3.46862e+22	0	6.39e+23	4.05922e+10	2.23538e+11	0	-23802.6	4215.93	0	-2.90895e+20	-1.62188e+21	0	1.898e+27	2.75567e+11	7.27983e+11	0	-12209.7	4627.71	0	-1.47089e+23	-3.89406e+23	0	5.683e+26	1.2683e+12	6.70183e+11	0	-4486.42	8572.69	0	-3.25125e+22	-1.71398e+22	0	8.681e+25	2.83368e+12	4.87247e+11	0	-1153.56	6702	0	-1.37713e+21	-2.35959e+20	0	1.024e+26	4.47842e+12	3.90468e+11	0	-473.451	5409.5	0	-6.71617e+20	-5.8312e+19	0	7.342e+22	-2.80148e+10	1.47142e+11	0	-29422.4	-4757.58	0	-1.10502e+20	-4.72536e+20	0	
10	1.9891e+30	5.56222e+08	2.42187e+08	0	13.2011	8.98151	0	1.73721e+23	4.00231e+23	0	3.285e+23	-5.78276e+10	-9.4026e+09	0	7752.41	-46549.8	0	1.22873e+22	2.02987e+21	0	4.867e+24	7.33657e+10	-7.89055e+10	0	25913.6	23660.7	0	-3.78215e+22	4.11151e+22	0	5.972e+24	-8.30168e+10	1.24406e+11	0	-24703.9	-16623.3	0	1.99308e+22	-2.94849e+22	0	6.39e+23	-7.56006e+09	2.26846e+11	0	-24166.9	-921.665	0	5.91721e+19	-1.64861e+21	0	1.898e+27	2.50997e+11	7.36826e+11	0	-12357.8	4214.85	0	-1.33931e+23	-3.94128e+23	0	5.683e+26	1.25921e+12	6.87267e+11	0	-4600.42	8511.6	0	-3.2274e+22	-1.75755e+22	0	8.681e+25	2.83134e+12	5.00645e+11	0	-1185.27	6696.49	0	-1.37599e+21	-2.42465e+20	0	1.024e+26	4.47746e+12	4.01286e+11	0	-486.567	5408.34	0	-6.71473e+20	-5.99306e+19	0	7.342e+22	-8.27187e+10	1.24182e+11	0	-24056	-15795	0	7.57349e+19	-2.36448e+20	0	
10	1.9891e+30	5.82801e+08	2.60555e+08	0	13.3797	9.38919	0	1.81671e+23	4.15802e+23	0	3.285e+23	1.21748e+10	-5.72647e+10	0	46605.2	9733.09	0	-2.50164e+21	1.24146e+22	0	4.867e+24	1.06624e+11	-1.85956e+10	0	6174.11	34485.1	0	-5.48366e+22	9.7521e+21	0	5.972e+24	-1.24579e+11	8.2348e+10	0	-16333.3	-24888.8	0	2.95939e+22	-1.96133e+22	0	6.39e+23	-5.53427e+10	2.19873e+11	0	-23433.8	-6025.77	0	4.07732e+20	-1.60046e+21	0	1.898e+27	2.26145e+11	7.44839e+11	0	-12491.9	3797.25	0	-1.20622e+23	-3.98406e+23	0	5.683e+26	1.2499e+12	7.04228e+11	0	-4713.57	8448.99	0	-3.20297e+22	-1.80079e+22	0	8.681e+25	2.82894e+12	5.14033e+11	0	-1216.96	6690.83	0	-1.37482e+21	-2.48965e+20	0	1.024e+26	4.47648e+12	4.12101e+11	0	-499.68	5407.16	0	-6.71326e+20	-6.15488e+19	0	7.342e+22	-1.24574e+11	8.19727e+10	0	-15293.4	-24859.6	0	3.62579e+20	-3.07495e+19	0	
10	1.9891e+30	6.09742e+08	2.79765e+08	0	13.5587	9.82741	0	1.66995e+23	4.57775e+23	0	3.285e+23	5.69561e+10	1.54662e+10	0	-12356.1	46243.1	0	-1.23641e+22	-3.33229e+21	0	4.867e+24	9.63691e+10	4.94603e+10	0	-16065.9	31142.3	0	-4.9595e+22	-2.54701e+22	0	5.972e+24	-1.46581e+11	2.74595e+10	0	-5402.49	-29262.1	0	3.46452e+22	-6.55942e+21	0	6.39e+23	-1.00582e+11	2.0292e+11	0	-21633	-10863.8	0	7.3883e+20	-1.47913e+21	0	1.898e+27	2.01039e+11	7.52012e+11	0	-12612	3375.38	0	-1.07176e+23	-4.02235e+23	0	5.683e+26	1.24036e+12	7.21062e+11	0	-4825.86	8384.86	0	-3.17797e+22	-1.84369e+22	0	8.681e+25	2.82647e+12	5.27408e+11	0	-1248.62	6685.01	0	-1.37362e+21	-2.55461e+20	0	1.024e+26	4.47547e+12	4.22914e+11	0	-512.791	5405.94	0	-6.71175e+20	-6.31668e+19	0	7.342e+22	-1.46865e+11	2.72103e+10	0	-4722.41	-30039.6	0	5.8049e+20	5.68654e+19	0	
10	1.9891e+30	6.37011e+08	2.99892e+08	0	13.7007	10.3031	0	1.11246e+23	4.80953e+23	0	3.285e+23	-1.79008e+10	5.61923e+10	0	-45106.5	-14611.1	0	3.9591e+21	-1.19367e+22	0	4.867e+24	4.67717e+10	9.72879e+10	0	-31769.4	14954.6	0	-2.40599e+22	-5.058e+22	0	5.972e+24	-1.45583e+11	-3.16773e+10	0	6378.66	-29066.5	0	3.43712e+22	7.59477e+21	0	6.39e+23	-1.41214e+11	1.76743e+11	0	-18843.3	-15213.7	0	1.03712e+21	-1.28975e+21	0	1.898e+27	1.75707e+11	7.58338e+11	0	-12717.8	2949.71	0	-9.36093e+22	-4.05611e+23	0	5.683e+26	1.2306e+12	7.37766e+11	0	-4937.25	8319.22	0	-3.15239e+22	-1.88624e+22	0	8.681e+25	2.82394e+12	5.40772e+11	0	-1280.26	6679.05	0	-1.37239e+21	-2.61951e+20	0	1.024e+26	4.47443e+12	4.33725e+11	0	-525.898	5404.69	0	-6.7102e+20	-6.47846e+19	0	7.342e+22	-1.45958e+11	-3.16152e+10	0	6230.56	-30089.7	0	6.23613e+20	5.88451e+19	0	
10	1.9891e+30	6.64504e+08	3.20977e+08	0	13.7839	10.7788	0	5.90777e+22	4.59417e+23	0	3.285e+23	-5.49281e+10	-1.99008e+10	0	16254.5	-44320.7	0	1.1711e+22	4.25992e+21	0	4.867e+24	-2.187e+10	1.04983e+11	0	-34393.9	-7570.11	0	1.18652e+22	-5.51052e+22	0	5.972e+24	-1.21738e+11	-8.58158e+10	0	17164.9	-24333.6	0	2.88391e+22	2.05335e+22	0	6.39e+23	-1.75378e+11	1.42524e+11	0	-15189.8	-18875	0	1.28863e+21	-1.0407e+21	0	1.898e+27	1.50177e+11	7.63809e+11	0	-12809.2	2520.72	0	-7.99369e+22	-4.08529e+23	0	5.683e+26	1.22061e+12	7.54338e+11	0	-5047.73	8252.1	0	-3.12624e+22	-1.92842e+22	0	8.681e+25	2.82135e+12	5.54124e+11	0	-1311.86	6672.94	0	-1.37113e+21	-2.68436e+20	0	1.024e+26	4.47336e+12	4.44533e+11	0	-539.002	5403.41	0	-6.70861e+20	-6.64021e+19	0	7.342e+22	-1.21943e+11	-8.54871e+10	0	16314.8	-24869.2	0	4.59703e+20	8.3981e+19	0	
10	1.9891e+30	6.92123e+08	3.42985e+08	0	13.8314	11.2232	0	4.0102e+22	4.26106e+23	0	3.285e+23	2.28287e+10	-5.39214e+10	0	44022.1	18299.5	0	-4.79584e+21	1.17563e+22	0	4.867e+24	-8.10638e+10	6.90141e+10	0	-22624.6	-27111.1	0	4.33995e+22	-3.64521e+22	0	5.972e+24	-7.8763e+10	-1.26489e+11	0	25267.1	-15797.6	0	1.88457e+22	3.01863e+22	0	6.39e+23	-2.01506e+11	1.01815e+11	0	-10838.2	-21677.8	0	1.48145e+21	-7.43285e+20	0	1.898e+27	1.2448e+11	7.68419e+11	0	-12886.2	2088.9	0	-6.61741e+22	-4.10988e+23	0	5.683e+26	1.21041e+12	7.70774e+11	0	-5157.28	8183.5	0	-3.09953e+22	-1.97024e+22	0	8.681e+25	2.8187e+12	5.67464e+11	0	-1343.43	6666.69	0	-1.36984e+21	-2.74916e+20	0	1.024e+26	4.47227e+12	4.55339e+11	0	-552.104	5402.1	0	-6.70699e+20	-6.80192e+19	0	7.342e+22	-7.86566e+10	-1.2612e+11	0	24287.2	-15501	0	1.77195e+20	1.79234e+20	0	
10	1.9891e+30	7.19823e+08	3.65852e+08	0	13.8682	11.6409	0	3.2456e+22	4.06132e+23	0	3.285e+23	5.32011e+10	2.59464e+10	0	-20812.3	43078	0	-1.15003e+22	-5.60542e+21	0	4.867e+24	-1.05861e+11	4.19334e+09	0	-1251.97	-35333.9	0	5.67684e+22	-2.0377e+21	0	5.972e+24	-2.33662e+10	-1.4733e+11	0	29416.4	-4785.65	0	5.87954e+21	3.50251e+22	0	6.39e+23	-2.18396e+11	5.64723e+10	0	-5987.25	-23491.7	0	1.60637e+21	-4.11187e+20	0	1.898e+27	9.86423e+10	7.72163e+11	0	-12948.7	1654.74	0	-5.23363e+22	-4.12982e+23	0	5.683e+26	1.19998e+12	7.87071e+11	0	-5265.89	8113.43	0	-3.07227e+22	-2.01169e+22	0	8.681e+25	2.81598e+12	5.80791e+11	0	-1374.98	6660.28	0	-1.36852e+21	-2.8139e+20	0	1.024e+26	4.47115e+12	4.66142e+11	0	-565.201	5400.75	0	-6.70533e+20	-6.96361e+19	0	7.342e+22	-2.30187e+10	-1.4717e+11	0	28993.9	-3857.16	0	-1.12023e+20	3.47186e+20	0	
10	1.9891e+30	7.47589e+08	3.89535e+08	0	13.8962	12.0368	0	2.56572e+22	3.78314e+23	0	3.285e+23	-2.78779e+10	5.19327e+10	0	-41545.3	-22724	0	6.09102e+21	-1.09674e+22	0	4.867e+24	-8.57026e+10	-6.22398e+10	0	20659.1	-28663.7	0	4.59135e+22	3.32629e+22	0	5.972e+24	3.57991e+10	-1.45073e+11	0	28965.3	6985.78	0	-8.10633e+21	3.43421e+22	0	6.39e+23	-2.2527e+11	8.56537e+09	0	-859.876	-24231.8	0	1.65739e+21	-5.98405e+19	0	1.898e+27	7.26947e+10	7.75036e+11	0	-12996.5	1218.71	0	-3.84391e+22	-4.14512e+23	0	5.683e+26	1.18934e+12	8.03226e+11	0	-5373.52	8041.91	0	-3.04445e+22	-2.05275e+22	0	8.681e+25	2.8132e+12	5.94105e+11	0	-1406.49	6653.72	0	-1.36718e+21	-2.87858e+20	0	1.024e+26	4.47001e+12	4.76942e+11	0	-578.296	5399.38	0	-6.70363e+20	-7.12526e+19	0	7.342e+22	3.61415e+10	-1.45228e+11	0	29417	7922.72	0	-2.91658e+20	5.06935e+20	0	
10	1.9891e+30	7.75412e+08	4.13977e+08	0	13.9308	12.4001	0	4.98087e+22	3.4721e+23	0	3.285e+23	-5.01107e+10	-2.96889e+10	0	24208	-40560.8	0	1.07374e+22	6.35201e+21	0	4.867e+24	-2.91604e+10	-1.02348e+11	0	33801.7	-10006.3	0	1.57739e+22	5.41478e+22	0	5.972e+24	8.94834e+10	-1.20063e+11	0	23987.5	17676.1	0	-2.09527e+22	2.83152e+22	0	6.39e+23	-2.21808e+11	-3.97147e+10	0	4307.87	-23863.4	0	1.63206e+21	2.94335e+20	0	1.898e+27	4.66661e+10	7.77036e+11	0	-13029.6	781.323	0	-2.44982e+22	-4.15574e+23	0	5.683e+26	1.17849e+12	8.19238e+11	0	-5480.17	7968.95	0	-3.01609e+22	-2.09342e+22	0	8.681e+25	2.81035e+12	6.07406e+11	0	-1437.97	6647.01	0	-1.3658e+21	-2.9432e+20	0	1.024e+26	4.46884e+12	4.87739e+11	0	-591.388	5397.97	0	-6.7019e+20	-7.28688e+19	0	7.342e+22	8.95666e+10	-1.20425e+11	0	25013.5	17926.1	0	-3.04246e+20	5.56214e+20	0	
10	1.9891e+30	8.0334e+08	4.39124e+08	0	14.0054	12.7488	0	9.90499e+22	3.56015e+23	0	3.285e+23	3.27011e+10	-4.86425e+10	0	39867.2	26248.7	0	-6.93532e+21	1.06715e+22	0	4.867e+24	3.99257e+10	-9.95559e+10	0	32787.9	12660.3	0	-2.04176e+22	5.2188e+22	0	5.972e+24	1.29288e+11	-7.62044e+10	0	15264.8	25606.4	0	-3.05429e+22	1.79866e+22	0	6.39e+23	-2.08169e+11	-8.61595e+10	0	9277.93	-22403.8	0	1.53157e+21	6.34771e+20	0	1.898e+27	2.05859e+10	7.78161e+11	0	-13048.1	343.062	0	-1.05292e+22	-4.16168e+23	0	5.683e+26	1.16742e+12	8.35101e+11	0	-5585.8	7894.57	0	-2.98718e+22	-2.13369e+22	0	8.681e+25	2.80745e+12	6.20693e+11	0	-1469.42	6640.16	0	-1.36439e+21	-3.00776e+20	0	1.024e+26	4.46764e+12	4.98534e+11	0	-604.475	5396.53	0	-6.70013e+20	-7.44846e+19	0	7.342e+22	1.29056e+11	-7.65057e+10	0	16083.6	24992.4	0	-2.50225e+20	3.84267e+20	0	
10	1.9891e+30	8.31462e+08	4.64996e+08	0	14.1201	13.1325	0	1.20207e+23	4.11216e+23	0	3.285e+23	4.75683e+10	3.5523e+10	0	-28508.2	38376.6	0	-1.02202e+22	-7.66624e+21	0	4.867e+24	9.28591e+10	-5.53604e+10	0	18267.1	29928.6	0	-4.76808e+22	2.89253e+22	0	5.972e+24	1.48985e+11	-2.03532e+10	0	4159.23	29528	0	-3.52773e+22	4.91811e+21	0	6.39e+23	-1.8498e+11	-1.28646e+11	0	13821.7	-19920.9	0	1.36075e+21	9.45596e+20	0	1.898e+27	-5.5165e+09	7.78408e+11	0	-13051.8	-95.5783	0	3.4523e+21	-4.16293e+23	0	5.683e+26	1.15615e+12	8.50815e+11	0	-5690.41	7818.77	0	-2.95774e+22	-2.17355e+22	0	8.681e+25	2.80448e+12	6.33966e+11	0	-1500.84	6633.15	0	-1.36296e+21	-3.07226e+20	0	1.024e+26	4.46642e+12	5.09325e+11	0	-617.56	5395.06	0	-6.69833e+20	-7.61001e+19	0	7.342e+22	1.48604e+11	-2.03751e+10	0	4225.99	28499.4	0	-2.32082e+20	7.27297e+19	0	
10	1.9891e+30	8.59817e+08	4.91694e+08	0	14.2307	13.5737	0	9.48012e+22	4.61905e+23	0	3.285e+23	-3.68566e+10	4.58928e+10	0	-36553.3	-30018.8	0	7.99893e+21	-9.6286e+21	0	4.867e+24	1.07973e+11	1.18054e+10	0	-3682.53	34838.8	0	-5.53846e+22	-5.84843e+21	0	5.972e+24	1.45492e+11	3.87566e+10	0	-7595.11	28823.6	0	-3.43797e+22	-8.91803e+21	0	6.39e+23	-1.53305e+11	-1.65237e+11	0	17731	-16530.6	0	1.12776e+21	1.21242e+21	0	1.898e+27	-3.16116e+10	7.77779e+11	0	-13040.8	-534.102	0	1.74305e+22	-4.15948e+23	0	5.683e+26	1.14466e+12	8.66375e+11	0	-5793.98	7741.59	0	-2.92777e+22	-2.213e+22	0	8.681e+25	2.80144e+12	6.47226e+11	0	-1532.23	6626	0	-1.36149e+21	-3.13669e+20	0	1.024e+26	4.46517e+12	5.20114e+11	0	-630.641	5393.56	0	-6.69648e+20	-7.77151e+19	0	7.342e+22	1.45222e+11	3.90337e+10	0	-8310.06	28111.2	0	-2.85275e+20	-2.53121e+20	0	
10	1.9891e+30	8.88361e+08	5.19316e+08	0	14.3075	14.0527	0	5.83887e+22	4.88604e+23	0	3.285e+23	-4.35352e+10	-3.84259e+10	0	31341.7	-35392.2	0	9.39551e+21	8.23691e+21	0	4.867e+24	7.91363e+10	7.43253e+10	0	-24134.2	25442.9	0	-4.06224e+22	-3.83154e+22	0	5.972e+24	1.19362e+11	9.18804e+10	0	-18162.4	23606.3	0	-2.80379e+22	-2.14308e+22	0	6.39e+23	-1.14597e+11	-1.94267e+11	0	20827.9	-12390.2	0	8.43673e+20	1.42307e+21	0	1.898e+27	-5.767e+10	7.76272e+11	0	-13015.1	-972.017	0	3.13897e+22	-4.15135e+23	0	5.683e+26	1.13297e+12	8.8178e+11	0	-5896.48	7663.02	0	-2.89728e+22	-2.25203e+22	0	8.681e+25	2.79835e+12	6.6047e+11	0	-1563.58	6618.7	0	-1.36e+21	-3.20106e+20	0	1.024e+26	4.4639e+12	5.30899e+11	0	-643.718	5392.02	0	-6.6946e+20	-7.93298e+19	0	7.342e+22	1.19385e+11	9.2264e+10	0	-19176.2	23689	0	-3.55132e+20	-4.63502e+20	0	
10	1.9891e+30	9.17023e+08	5.47921e+08	0	14.3482	14.5558	0	2.03645e+22	5.13023e+23	0	3.285e+23	4.14418e+10	-4.16065e+10	0	34279.2	33290.6	0	-8.83897e+21	9.19449e+21	0	4.867e+24	1.80944e+10	1.06426e+11	0	-34725.7	5478.18	0	-8.99296e+21	-5.54315e+22	0	5.972e+24	7.46925e+10	1.30712e+11	0	-25890.5	14699	0	-1.73006e+22	-3.0688e+22	0	6.39e+23	-7.06284e+10	-2.14424e+11	0	22972.9	-7691.14	0	5.21862e+20	1.5681e+21	0	1.898e+27	-8.36622e+10	7.73891e+11	0	-12974.7	-1408.83	0	4.53141e+22	-4.13854e+23	0	5.683e+26	1.12108e+12	8.97027e+11	0	-5997.9	7583.08	0	-2.86626e+22	-2.29063e+22	0	8.681e+25	2.79519e+12	6.737e+11	0	-1594.89	6611.25	0	-1.35847e+21	-3.26536e+20	0	1.024e+26	4.4626e+12	5.41682e+11	0	-656.792	5390.46	0	-6.69269e+20	-8.0944e+19	0	7.342e+22	7.49969e+10	1.30938e+11	0	-26503.3	15532.8	0	-3.77627e+20	-4.98165e+20	0	
10	1.9891e+30	9.45721e+08	5.77556e+08	0	14.3393	15.0822	0	-4.3157e+22	5.28875e+23	0	3.285e+23	4.02668e+10	4.38595e+10	0	-35168.1	32317.3	0	-8.57562e+21	-9.43933e+21	0	4.867e+24	-5.00334e+10	9.45689e+10	0	-30923.1	-16936.6	0	2.69429e+22	-4.96734e+22	0	5.972e+24	1.84824e+10	1.49182e+11	0	-29568.9	3502.29	0	-3.95087e+21	-3.52068e+22	0	6.39e+23	-2.34045e+10	-2.24802e+11	0	24071	-2649.39	0	1.77315e+20	1.64127e+21	0	1.898e+27	-1.09559e+11	7.70638e+11	0	-12919.6	-1844.04	0	5.9188e+22	-4.12106e+23	0	5.683e+26	1.10898e+12	9.12112e+11	0	-6098.22	7501.79	0	-2.83474e+22	-2.3288e+22	0	8.681e+25	2.79197e+12	6.86915e+11	0	-1626.17	6603.66	0	-1.35692e+21	-3.32959e+20	0	1.024e+26	4.46127e+12	5.52461e+11	0	-669.861	5388.86	0	-6.69074e+20	-8.25578e+19	0	7.342e+22	1.88516e+10	1.49098e+11	0	-29327.2	4502.35	0	-2.5135e+20	-3.8735e+20	0	
10	1.9891e+30	9.74331e+08	6.08246e+08	0	14.2583	15.6027	0	-1.14314e+23	4.9749e+23	0	3.285e+23	-4.45264e+10	3.82918e+10	0	-30310.5	-36251.5	0	9.62249e+21	-7.96925e+21	0	4.867e+24	-9.67771e+10	4.33724e+10	0	-14092.8	-32400.7	0	5.19971e+22	-2.27462e+22	0	5.972e+24	-4.04687e+10	1.44409e+11	0	-28618.4	-8230.08	0	9.89572e+21	-3.42037e+22	0	6.39e+23	2.49257e+10	-2.24945e+11	0	24075.8	2504.73	0	-1.74116e+20	1.6397e+21	0	1.898e+27	-1.35331e+11	7.66516e+11	0	-12850	-2277.17	0	7.29959e+22	-4.09893e+23	0	5.683e+26	1.09669e+12	9.27033e+11	0	-6197.42	7419.17	0	-2.80271e+22	-2.36652e+22	0	8.681e+25	2.78868e+12	7.00115e+11	0	-1657.41	6595.91	0	-1.35533e+21	-3.39375e+20	0	1.024e+26	4.45992e+12	5.63237e+11	0	-682.927	5387.23	0	-6.68875e+20	-8.41712e+19	0	7.342e+22	-4.03062e+10	1.44076e+11	0	-27666.4	-7768.59	0	2.77714e+19	-2.29045e+20	0	
10	1.9891e+30	1.00272e+09	6.39931e+08	0	14.1248	16.0714	0	-1.41707e+23	4.34076e+23	0	3.285e+23	-3.54227e+10	-4.58011e+10	0	37407.8	-28983.4	0	7.72577e+21	9.85017e+21	0	4.867e+24	-1.02332e+11	-2.58219e+10	0	8743.71	-34251.3	0	5.50091e+22	1.40878e+22	0	5.972e+24	-9.2939e+10	1.1715e+11	0	-23184.7	-18666.6	0	2.21258e+22	-2.7734e+22	0	6.39e+23	7.21708e+10	-2.14863e+11	0	22990.7	7537.3	0	-5.16474e+20	1.56397e+21	0	1.898e+27	-1.60949e+11	7.61531e+11	0	-12765.8	-2707.72	0	8.67223e+22	-4.07218e+23	0	5.683e+26	1.08419e+12	9.41787e+11	0	-6295.48	7335.23	0	-2.77018e+22	-2.4038e+22	0	8.681e+25	2.78534e+12	7.13299e+11	0	-1688.62	6588.02	0	-1.35372e+21	-3.45783e+20	0	1.024e+26	4.45854e+12	5.7401e+11	0	-695.989	5385.57	0	-6.68672e+20	-8.57841e+19	0	7.342e+22	-9.31056e+10	1.1681e+11	0	-22248.3	-19094.5	0	3.64128e+20	-1.55656e+20	0	
10	1.9891e+30	1.03083e+09	6.72493e+08	0	13.9885	16.4834	0	-1.25835e+23	3.92358e+23	0	3.285e+23	4.87364e+10	-3.30529e+10	0	27451.5	39164.5	0	-1.04328e+22	7.3755e+21	0	4.867e+24	-6.43195e+10	-8.38705e+10	0	27858.5	-21681.4	0	3.46063e+22	4.47709e+22	0	5.972e+24	-1.30726e+11	7.16769e+10	0	-14120.1	-26183.6	0	3.09631e+22	-1.68408e+22	0	6.39e+23	1.16196e+11	-1.95028e+11	0	20868.4	12221.5	0	-8.34424e+20	1.41799e+21	0	1.898e+27	-1.86385e+11	7.55687e+11	0	-12667.2	-3135.21	0	1.00352e+23	-4.04084e+23	0	5.683e+26	1.07151e+12	9.56373e+11	0	-6392.39	7249.99	0	-2.73716e+22	-2.44062e+22	0	8.681e+25	2.78193e+12	7.26467e+11	0	-1719.79	6579.98	0	-1.35208e+21	-3.52184e+20	0	1.024e+26	4.45714e+12	5.8478e+11	0	-709.047	5383.88	0	-6.68466e+20	-8.73965e+19	0	7.342e+22	-1.31096e+11	7.15745e+10	0	-13846.5	-27165.3	0	5.73385e+20	-1.5193e+20	0	
10	1.9891e+30	1.05869e+09	7.0585e+08	0	13.8702	16.8718	0	-1.12681e+23	3.82563e+23	0	3.285e+23	3.15618e+10	5.06683e+10	0	-40556.8	25126	0	-6.63151e+21	-1.08619e+22	0	4.867e+24	1.13868e+09	-1.06472e+11	0	35208.1	-131.24	0	-4.21429e+19	5.62472e+22	0	5.972e+24	-1.47923e+11	1.51066e+10	0	-2846.78	-29611.3	0	3.5059e+22	-3.29443e+21	0	6.39e+23	1.55017e+11	-1.66349e+11	0	17807.7	16347.6	0	-1.11392e+21	1.20872e+21	0	1.898e+27	-2.11609e+11	7.48992e+11	0	-12554.4	-3559.16	0	1.13869e+23	-4.00494e+23	0	5.683e+26	1.05862e+12	9.70787e+11	0	-6488.13	7163.45	0	-2.70365e+22	-2.47697e+22	0	8.681e+25	2.77846e+12	7.39619e+11	0	-1750.92	6571.79	0	-1.35041e+21	-3.58578e+20	0	1.024e+26	4.45571e+12	5.95546e+11	0	-722.101	5382.16	0	-6.68256e+20	-8.90085e+19	0	7.342e+22	-1.48244e+11	1.53187e+10	0	-3399.45	-30467.1	0	5.95868e+20	-1.51079e+20	0	
10	1.9891e+30	1.08631e+09	7.39975e+08	0	13.7586	17.2518	0	-1.08241e+23	3.72176e+23	0	3.285e+23	-5.06256e+10	2.94027e+10	0	-23036.5	-41215.8	0	1.09112e+22	-6.04775e+21	0	4.867e+24	6.66091e+10	-8.44835e+10	0	27915.7	21294.3	0	-3.40779e+22	4.43246e+22	0	5.972e+24	-1.41841e+11	-4.3712e+10	0	8869.39	-28414.6	0	3.37594e+22	1.07043e+22	0	6.39e+23	1.86893e+11	-1.30132e+11	0	13948.5	19731.9	0	-1.34275e+21	9.45822e+20	0	1.898e+27	-2.36593e+11	7.41453e+11	0	-12427.3	-3979.09	0	1.27259e+23	-3.96452e+23	0	5.683e+26	1.04555e+12	9.85026e+11	0	-6582.68	7075.65	0	-2.66966e+22	-2.51286e+22	0	8.681e+25	2.77493e+12	7.52754e+11	0	-1782.01	6563.46	0	-1.34871e+21	-3.64964e+20	0	1.024e+26	4.45425e+12	6.06308e+11	0	-735.151	5380.41	0	-6.68042e+20	-9.062e+19	0	7.342e+22	-1.41901e+11	-4.33306e+10	0	7870.25	-28553.2	0	4.46131e+20	-6.59006e+19	0	
10	1.9891e+30	1.11373e+09	7.7485e+08	0	13.6577	17.6223	0	-9.00382e+22	3.68538e+23	0	3.285e+23	-2.60504e+10	-5.15511e+10	0	42193.7	-21548	0	5.78059e+21	1.11352e+22	0	4.867e+24	1.05076e+11	-2.73134e+10	0	9194.52	33819.8	0	-5.37846e+22	1.45321e+22	0	5.972e+24	-1.13425e+11	-9.55805e+10	0	19196.2	-22775.6	0	2.72143e+22	2.2938e+22	0	6.39e+23	2.10394e+11	-8.80162e+10	0	9465.66	22224.7	0	-1.51104e+21	6.41161e+20	0	1.898e+27	-2.61309e+11	7.33079e+11	0	-12286.2	-4394.52	0	1.40506e+23	-3.91963e+23	0	5.683e+26	1.03229e+12	9.99088e+11	0	-6676.03	6986.59	0	-2.63519e+22	-2.54827e+22	0	8.681e+25	2.77133e+12	7.65872e+11	0	-1813.07	6554.97	0	-1.34698e+21	-3.71342e+20	0	1.024e+26	4.45276e+12	6.17067e+11	0	-748.196	5378.62	0	-6.67825e+20	-9.22309e+19	0	7.342e+22	-1.13179e+11	-9.52953e+10	0	18418.6	-22081.4	0	1.99992e+20	1.25165e+20	0	
10	1.9891e+30	1.14096e+09	8.10472e+08	0	13.5761	18.0043	0	-7.70295e+22	3.96868e+23	0	3.285e+23	5.43223e+10	-2.32795e+10	0	19625.5	43651.2	0	-1.16541e+22	5.27911e+21	0	4.867e+24	1.00867e+11	4.13997e+10	0	-13252.6	32442.5	0	-5.16223e+22	-2.10096e+22	0	5.972e+24	-6.71051e+10	-1.32387e+11	0	26521	-13568.1	0	1.63447e+22	3.14955e+22	0	6.39e+23	2.24472e+11	-4.19015e+10	0	4560.55	23716	0	-1.6116e+21	3.08302e+20	0	1.898e+27	-2.85728e+11	7.23878e+11	0	-12131.3	-4804.99	0	1.53595e+23	-3.87032e+23	0	5.683e+26	1.01885e+12	1.01297e+12	0	-6768.16	6896.29	0	-2.60026e+22	-2.5832e+22	0	8.681e+25	2.76767e+12	7.78974e+11	0	-1844.08	6546.35	0	-1.34522e+21	-3.77712e+20	0	1.024e+26	4.45126e+12	6.27823e+11	0	-761.238	5376.8	0	-6.67604e+20	-9.38413e+19	0	7.342e+22	-6.67275e+10	-1.32397e+11	0	26548.8	-12535.7	0	-7.10997e+18	3.94448e+20	0	
10	1.9891e+30	1.16803e+09	8.46893e+08	0	13.4875	18.4233	0	-1.07046e+23	4.32727e+23	0	3.285e+23	2.17684e+10	5.57149e+10	0	-44488	17067.4	0	-4.46259e+21	-1.18858e+22	0	4.867e+24	5.5702e+10	9.34262e+10	0	-30309.9	17708.5	0	-2.84051e+22	-4.82197e+22	0	5.972e+24	-1.01145e+10	-1.4837e+11	0	29703.3	-2226.99	0	2.79917e+21	3.51409e+22	0	6.39e+23	2.285e+11	6.13593e+09	0	-547.352	24140.6	0	-1.64016e+21	-3.80638e+19	0	1.898e+27	-3.09824e+11	7.13862e+11	0	-11962.6	-5210.03	0	1.66513e+23	-3.81664e+23	0	5.683e+26	1.00522e+12	1.02667e+12	0	-6859.04	6804.78	0	-2.56487e+22	-2.61764e+22	0	8.681e+25	2.76395e+12	7.92058e+11	0	-1875.05	6537.57	0	-1.34343e+21	-3.84074e+20	0	1.024e+26	4.44972e+12	6.38574e+11	0	-774.275	5374.95	0	-6.67379e+20	-9.54512e+19	0	7.342e+22	-9.88135e+09	-1.48662e+11	0	30527.4	-1584.55	0	-9.80878e+19	5.95882e+20	0	
10	1.9891e+30	1.19488e+09	8.84178e+08	0	13.3537	18.8603	0	-1.57723e+23	4.2907e+23	0	3.285e+23	-5.49441e+10	1.95378e+10	0	-14982.2	-44748.6	0	1.18256e+22	-3.9293e+21	0	4.867e+24	-1.19589e+10	1.07187e+11	0	-34914.4	-4475.17	0	6.91488e+21	-5.58862e+22	0	5.972e+24	4.86415e+10	-1.4102e+11	0	28248.8	9473.26	0	-1.12784e+22	3.3384e+22	0	6.39e+23	2.22299e+11	5.3936e+10	0	-5630.02	23479.7	0	-1.59553e+21	-3.82722e+20	0	1.898e+27	-3.3357e+11	7.03042e+11	0	-11780.4	-5609.19	0	1.79243e+23	-3.75865e+23	0	5.683e+26	9.91415e+11	1.04019e+12	0	-6948.68	6712.06	0	-2.52903e+22	-2.65158e+22	0	8.681e+25	2.76017e+12	8.05124e+11	0	-1905.98	6528.65	0	-1.34162e+21	-3.90427e+20	0	1.024e+26	4.44816e+12	6.49322e+11	0	-787.307	5373.07	0	-6.6715e+20	-9.70606e+19	0	7.342e+22	4.85526e+10	-1.41385e+11	0	29267.5	9252.76	0	-8.79375e+19	6.12567e+20	0	
10	1.9891e+30	1.22141e+09	9.2232e+08	0	13.1794	19.277	0	-1.83254e+23	3.98877e+23	0	3.285e+23	-1.57373e+10	-5.54672e+10	0	45526	-13335.2	0	3.62216e+21	1.20442e+22	0	4.867e+24	-7.40937e+10	7.66558e+10	0	-24942.5	-24969.9	0	3.99366e+22	-4.01577e+22	0	5.972e+24	9.99744e+10	-1.11475e+11	0	22383.7	19695.9	0	-2.35512e+22	2.65167e+22	0	6.39e+23	2.06147e+11	9.93491e+10	0	-10460.6	21762.5	0	-1.47962e+21	-7.10533e+20	0	1.898e+27	-3.56937e+11	6.9143e+11	0	-11584.9	-6002.01	0	1.91772e+23	-3.69642e+23	0	5.683e+26	9.77429e+11	1.05352e+12	0	-7037.05	6618.15	0	-2.49274e+22	-2.68503e+22	0	8.681e+25	2.75633e+12	8.18172e+11	0	-1936.87	6519.58	0	-1.33977e+21	-3.96772e+20	0	1.024e+26	4.44657e+12	6.60067e+11	0	-800.335	5371.16	0	-6.66918e+20	-9.86694e+19	0	7.342e+22	9.96313e+10	-1.11651e+11	0	22853.6	18802.3	0	-1.11981e+20	4.18114e+20	0	
10	1.9891e+30	1.24759e+09	9.61267e+08	0	12.9926	19.667	0	-1.87857e+23	3.80177e+23	0	3.285e+23	5.79992e+10	-1.26297e+10	0	11082.9	46581.7	0	-1.24536e+22	2.98244e+21	0	4.867e+24	-1.04569e+11	1.43359e+10	0	-4401.51	-35069.3	0	5.63472e+22	-7.1209e+21	0	5.972e+24	1.35853e+11	-6.43448e+10	0	13019.2	26836.2	0	-3.20517e+22	1.5532e+22	0	6.39e+23	1.80768e+11	1.40331e+11	0	-14822.8	19064.7	0	-1.29737e+21	-1.00703e+21	0	1.898e+27	-3.799e+11	6.79038e+11	0	-11376.3	-6388.06	0	2.04086e+23	-3.63001e+23	0	5.683e+26	9.63267e+11	1.06666e+12	0	-7124.13	6523.08	0	-2.45601e+22	-2.71797e+22	0	8.681e+25	2.75243e+12	8.31202e+11	0	-1967.71	6510.37	0	-1.33789e+21	-4.03109e+20	0	1.024e+26	4.44496e+12	6.70807e+11	0	-813.359	5369.22	0	-6.66682e+20	-1.00278e+20	0	7.342e+22	1.35494e+11	-6.42075e+10	0	12653.2	25882.6	0	-2.08981e+20	1.20513e+20	0	
10	1.9891e+30	1.27338e+09	1.00098e+09	0	12.7984	20.0435	0	-1.99696e+23	3.66759e+23	0	3.285e+23	1.12412e+10	5.88317e+10	0	-46831.4	8435.68	0	-2.15099e+21	-1.24792e+22	0	4.867e+24	-9.04197e+10	-5.36175e+10	0	18022.5	-30389.7	0	4.87312e+22	2.90287e+22	0	5.972e+24	1.50664e+11	-6.99325e+09	0	1615.44	29774.3	0	-3.54418e+22	2.07734e+21	0	6.39e+23	1.47299e+11	1.75032e+11	0	-18520.7	15505.3	0	-1.0566e+21	-1.25902e+21	0	1.898e+27	-4.02434e+11	6.65882e+11	0	-11154.9	-6766.89	0	2.16171e+23	-3.5595e+23	0	5.683e+26	9.48933e+11	1.07961e+12	0	-7209.91	6426.85	0	-2.41885e+22	-2.75039e+22	0	8.681e+25	2.74846e+12	8.44213e+11	0	-1998.52	6501.01	0	-1.33599e+21	-4.09436e+20	0	1.024e+26	4.44332e+12	6.81544e+11	0	-826.377	5367.25	0	-6.66442e+20	-1.01885e+20	0	7.342e+22	1.50527e+11	-6.6324e+09	0	669.254	29421.1	0	-3.66127e+20	-1.61351e+20	0	
10	1.9891e+30	1.29877e+09	1.04143e+09	0	12.5948	20.3991	0	-2.0058e+23	3.39527e+23	0	3.285e+23	-5.73333e+10	9.04342e+09	0	-6422.42	-46736.1	0	1.23391e+22	-1.68396e+21	0	4.867e+24	-3.76614e+10	-9.85992e+10	0	32789.7	-12969.7	0	2.05555e+22	5.25725e+22	0	5.972e+24	1.42093e+11	5.16124e+10	0	-10045.2	28053.2	0	-3.32431e+22	-1.17921e+22	0	6.39e+23	1.0724e+11	2.01881e+11	0	-21386.7	11242	0	-7.67718e+20	-1.45509e+21	0	1.898e+27	-4.24512e+11	6.51976e+11	0	-10920.8	-7138.07	0	2.28013e+23	-3.48497e+23	0	5.683e+26	9.34429e+11	1.09237e+12	0	-7294.37	6329.49	0	-2.38127e+22	-2.7823e+22	0	8.681e+25	2.74443e+12	8.57206e+11	0	-2029.27	6491.5	0	-1.33405e+21	-4.15755e+20	0	1.024e+26	4.44165e+12	6.92276e+11	0	-839.392	5365.24	0	-6.66199e+20	-1.03492e+20	0	7.342e+22	1.42269e+11	5.1946e+10	0	-10947.3	28563.9	0	-5.04136e+20	-3.2898e+20	0	
10	1.9891e+30	1.32377e+09	1.08256e+09	0	12.4053	20.7318	0	-1.7291e+23	3.28777e+23	0	3.285e+23	-4.83626e+09	-5.74014e+10	0	47278.6	-4623.79	0	1.32087e+21	1.25406e+22	0	4.867e+24	3.1426e+10	-1.01935e+11	0	33794.2	9717.75	0	-1.57325e+22	5.38406e+22	0	5.972e+24	1.11488e+11	1.02307e+11	0	-20137.2	21948.6	0	-2.58762e+22	-2.39282e+22	0	6.39e+23	6.23944e+10	2.19656e+11	0	-23289.5	6464.7	0	-4.43343e+20	-1.58617e+21	0	1.898e+27	-4.46109e+11	6.37335e+11	0	-10674.4	-7501.2	0	2.39598e+23	-3.4065e+23	0	5.683e+26	9.19756e+11	1.10493e+12	0	-7377.51	6231.02	0	-2.34327e+22	-2.81369e+22	0	8.681e+25	2.74034e+12	8.70179e+11	0	-2059.99	6481.85	0	-1.33209e+21	-4.22065e+20	0	1.024e+26	4.43996e+12	7.03004e+11	0	-852.401	5363.2	0	-6.65952e+20	-1.05099e+20	0	7.342e+22	1.11856e+11	1.02371e+11	0	-20325.8	22980.4	0	-5.2637e+20	-3.29251e+20	0	
10	1.9891e+30	1.34842e+09	1.12436e+09	0	12.2446	21.0759	0	-1.53069e+23	3.62036e+23	0	3.285e+23	5.96351e+10	-1.48013e+09	0	2134.38	47843.2	0	-1.2798e+22	5.71905e+20	0	4.867e+24	8.80796e+10	-6.25654e+10	0	20844.2	28214.5	0	-4.49774e+22	3.3029e+22	0	5.972e+24	6.36462e+10	1.37163e+11	0	-27076.1	12421.6	0	-1.4589e+22	-3.23282e+22	0	6.39e+23	1.47845e+10	2.27539e+11	0	-24139.9	1387.47	0	-9.78196e+19	-1.64594e+21	0	1.898e+27	-4.67201e+11	6.21977e+11	0	-10416	-7855.85	0	2.50915e+23	-3.32419e+23	0	5.683e+26	9.04919e+11	1.11729e+12	0	-7459.3	6131.46	0	-2.30486e+22	-2.84454e+22	0	8.681e+25	2.73619e+12	8.83133e+11	0	-2090.65	6472.05	0	-1.3301e+21	-4.28366e+20	0	1.024e+26	4.43824e+12	7.13729e+11	0	-865.405	5361.14	0	-6.65701e+20	-1.06705e+20	0	7.342e+22	6.39351e+10	1.36919e+11	0	-26411.3	13209.5	0	-3.39006e+20	-2.63784e+20	0	
10	1.9891e+30	1.37274e+09	1.16689e+09	0	12.0805	21.4629	0	-1.80956e+23	4.04148e+23	0	3.285e+23	3.57246e+08	5.99199e+10	0	-47516.3	-458.211	0	2.18219e+20	-1.26276e+22	0	4.867e+24	1.09064e+11	3.03099e+09	0	-595.832	35037.1	0	-5.56868e+22	-9.63158e+20	0	5.972e+24	6.05943e+09	1.50735e+11	0	-29771.6	962.404	0	-1.11262e+21	-3.55926e+22	0	6.39e+23	-3.34347e+10	2.25157e+11	0	-23896	-3760.66	0	2.53356e+20	-1.6312e+21	0	1.898e+27	-4.87765e+11	6.05918e+11	0	-10145.7	-8201.64	0	2.61949e+23	-3.23811e+23	0	5.683e+26	8.8992e+11	1.12945e+12	0	-7539.73	6030.82	0	-2.26604e+22	-2.87486e+22	0	8.681e+25	2.73198e+12	8.96067e+11	0	-2121.27	6462.11	0	-1.32808e+21	-4.34657e+20	0	1.024e+26	4.4365e+12	7.24449e+11	0	-878.405	5359.04	0	-6.65446e+20	-1.0831e+20	0	7.342e+22	6.05461e+09	1.50359e+11	0	-28727.6	961.323	0	-1.1081e+19	-2.30446e+20	0	
10	1.9891e+30	1.39671e+09	1.21023e+09	0	11.8735	21.8767	0	-2.30494e+23	4.13386e+23	0	3.285e+23	-5.77105e+10	-1.71462e+09	0	2353.6	-47114	0	1.24366e+22	6.15487e+20	0	4.867e+24	8.58585e+10	6.78624e+10	0	-21789.4	27477.1	0	-4.38144e+22	-3.45743e+22	0	5.972e+24	-5.22616e+10	1.40913e+11	0	-27801.4	-10640.8	0	1.25381e+22	-3.31686e+22	0	6.39e+23	-8.00734e+10	2.12604e+11	0	-22564.9	-8745.79	0	5.94206e+20	-1.54209e+21	0	1.898e+27	-5.07777e+11	5.89176e+11	0	-9864.03	-8538.15	0	2.72689e+23	-3.14837e+23	0	5.683e+26	8.74761e+11	1.14141e+12	0	-7618.79	5929.12	0	-2.22684e+22	-2.90464e+22	0	8.681e+25	2.72771e+12	9.08982e+11	0	-2151.85	6452.02	0	-1.32603e+21	-4.40938e+20	0	1.024e+26	4.43473e+12	7.35165e+11	0	-891.399	5356.9	0	-6.65188e+20	-1.09915e+20	0	7.342e+22	-5.25598e+10	1.4067e+11	0	-27146.2	-11412	0	3.10245e+20	-2.81682e+20	0	
10	1.9891e+30	1.42021e+09	1.2544e+09	0	11.6209	22.2881	0	-2.70077e+23	4.0441e+23	0	3.285e+23	6.27455e+09	-5.72737e+10	0	47377.4	4285.22	0	-1.04512e+21	1.26004e+22	0	4.867e+24	2.79087e+10	1.05241e+11	0	-34093.2	8537.59	0	-1.38515e+22	-5.43731e+22	0	5.972e+24	-1.02196e+11	1.09248e+11	0	-21479.7	-20578.8	0	2.4309e+22	-2.55096e+22	0	6.39e+23	-1.23006e+11	1.90434e+11	0	-20203.7	-13339.9	0	9.09012e+20	-1.38218e+21	0	1.898e+27	-5.27214e+11	5.71771e+11	0	-9571.17	-8865.02	0	2.83122e+23	-3.05507e+23	0	5.683e+26	8.59446e+11	1.15317e+12	0	-7696.47	5826.38	0	-2.18724e+22	-2.93388e+22	0	8.681e+25	2.72337e+12	9.21875e+11	0	-2182.37	6441.79	0	-1.32395e+21	-4.4721e+20	0	1.024e+26	4.43293e+12	7.45877e+11	0	-904.389	5354.74	0	-6.64926e+20	-1.11518e+20	0	7.342e+22	-1.02577e+11	1.09304e+11	0	-21639.8	-21581.7	0	4.95293e+20	-3.41119e+20	0	
10	1.9891e+30	1.44317e+09	1.29938e+09	0	11.3291	22.6906	0	-3.1356e+23	3.95094e+23	0	3.285e+23	5.91724e+10	9.77444e+09	0	-6892.41	47388.8	0	-1.26735e+22	-1.8605e+21	0	4.867e+24	-4.0982e+10	9.94948e+10	0	-32297	-14108	0	2.23945e+22	-5.18349e+22	0	5.972e+24	-1.35937e+11	6.0702e+10	0	-11801.6	-27300.8	0	3.23748e+22	-1.38764e+22	0	6.39e+23	-1.6027e+11	1.59646e+11	0	-16917.3	-17331.3	0	1.18307e+21	-1.15843e+21	0	1.898e+27	-5.46054e+11	5.53723e+11	0	-9267.47	-9181.88	0	2.93236e+23	-2.95831e+23	0	5.683e+26	8.43976e+11	1.16472e+12	0	-7772.74	5722.62	0	-2.14727e+22	-2.96257e+22	0	8.681e+25	2.71898e+12	9.34749e+11	0	-2212.85	6431.42	0	-1.32184e+21	-4.53473e+20	0	1.024e+26	4.43111e+12	7.56584e+11	0	-917.373	5352.55	0	-6.6466e+20	-1.13122e+20	0	7.342e+22	-1.36144e+11	6.10251e+10	0	-12662.7	-27850	0	5.04611e+20	-3.40011e+20	0	
10	1.9891e+30	1.46549e+09	1.34515e+09	0	10.9853	23.0727	0	-3.69482e+23	3.57177e+23	0	3.285e+23	-1.04986e+10	5.89556e+10	0	-46532.3	-9300.21	0	2.56115e+21	-1.2333e+22	0	4.867e+24	-9.2088e+10	5.26898e+10	0	-16923.4	-31002.5	0	4.97339e+22	-2.72951e+22	0	5.972e+24	-1.48211e+11	2.87598e+09	0	-284.546	-29755.7	0	3.54366e+22	-1.65466e+20	0	6.39e+23	-1.90156e+11	1.21634e+11	0	-12854.2	-20535.2	0	1.40341e+21	-8.809e+20	0	1.898e+27	-5.64276e+11	5.35051e+11	0	-8953.29	-9488.37	0	3.0302e+23	-2.85821e+23	0	5.683e+26	8.28356e+11	1.17606e+12	0	-7847.6	5617.86	0	-2.10693e+22	-2.9907e+22	0	8.681e+25	2.71452e+12	9.47601e+11	0	-2243.28	6420.9	0	-1.3197e+21	-4.59725e+20	0	1.024e+26	4.42926e+12	7.67287e+11	0	-930.352	5350.32	0	-6.64391e+20	-1.14724e+20	0	7.342e+22	-1.48108e+11	3.24204e+09	0	-1263.62	-29454	0	3.80726e+20	-2.00287e+20	0	
10	1.9891e+30	1.48708e+09	1.39163e+09	0	10.5974	23.3953	0	-3.92713e+23	2.81269e+23	0	3.285e+23	-5.60618e+10	-1.23605e+10	0	11050.3	-45869.9	0	1.2115e+22	2.89513e+21	0	4.867e+24	-1.03793e+11	-1.5714e+10	0	5652.93	-34888.6	0	5.60569e+22	9.10859e+21	0	5.972e+24	-1.37096e+11	-5.51857e+10	0	11271.6	-27555.7	0	3.29541e+22	1.34578e+22	0	6.39e+23	-2.11291e+11	7.81299e+10	0	-8199.44	-22802.7	0	1.55954e+21	-5.62317e+20	0	1.898e+27	-5.8186e+11	5.15776e+11	0	-8628.99	-9784.13	0	3.12463e+23	-2.75486e+23	0	5.683e+26	8.12587e+11	1.18719e+12	0	-7921.03	5512.13	0	-2.06622e+22	-3.01827e+22	0	8.681e+25	2.71e+12	9.60432e+11	0	-2273.66	6410.24	0	-1.31753e+21	-4.65968e+20	0	1.024e+26	4.42739e+12	7.77985e+11	0	-943.326	5348.07	0	-6.64117e+20	-1.16326e+20	0	7.342e+22	-1.36754e+11	-5.50424e+10	0	10867.5	-26577.4	0	2.08508e+20	8.30017e+19	0	
10	1.9891e+30	1.50788e+09	1.43868e+09	0	10.2147	23.6424	0	-3.61389e+23	2.17021e+23	0	3.285e+23	1.7205e+10	-5.50741e+10	0	45805.1	13078.7	0	-3.39274e+21	1.22144e+22	0	4.867e+24	-7.11031e+10	-7.6912e+10	0	25821.8	-24073.3	0	3.84853e+22	4.15291e+22	0	5.972e+24	-1.04323e+11	-1.04404e+11	0	21066	-21038.3	0	2.52013e+22	2.49267e+22	0	6.39e+23	-2.227e+11	3.11191e+10	0	-3166.75	-24027.9	0	1.64396e+21	-2.17467e+20	0	1.898e+27	-5.98786e+11	4.95922e+11	0	-8294.91	-10068.8	0	3.21554e+23	-2.6484e+23	0	5.683e+26	7.96673e+11	1.19811e+12	0	-7993.03	5405.43	0	-2.02516e+22	-3.04528e+22	0	8.681e+25	2.70543e+12	9.73242e+11	0	-2303.99	6399.43	0	-1.31534e+21	-4.722e+20	0	1.024e+26	4.42549e+12	7.88679e+11	0	-956.294	5345.78	0	-6.6384e+20	-1.17928e+20	0	7.342e+22	-1.03993e+11	-1.04588e+11	0	21552	-20127.8	0	1.27897e+20	4.08608e+20	0	
10	1.9891e+30	1.52796e+09	1.48617e+09	0	9.87516	23.8486	0	-3.16524e+23	2.00043e+23	0	3.285e+23	5.66282e+10	2.07353e+10	0	-15666.6	45235.3	0	-1.20853e+22	-4.22192e+21	0	4.867e+24	-7.90048e+09	-1.05234e+11	0	35065.9	-3248.37	0	4.95271e+21	5.60722e+22	0	5.972e+24	-5.50078e+10	-1.37081e+11	0	27574.9	-11221.5	0	1.34132e+22	3.25766e+22	0	6.39e+23	-2.23859e+11	-1.72476e+10	0	2012.19	-24153.5	0	1.65261e+21	1.37535e+20	0	1.898e+27	-6.15034e+11	4.75509e+11	0	-7951.44	-10342.2	0	3.30283e+23	-2.53893e+23	0	5.683e+26	7.80616e+11	1.20881e+12	0	-8063.57	5297.79	0	-1.98376e+22	-3.07172e+22	0	8.681e+25	2.70079e+12	9.8603e+11	0	-2334.27	6388.48	0	-1.31311e+21	-4.78421e+20	0	1.024e+26	4.42356e+12	7.99368e+11	0	-969.257	5343.46	0	-6.63559e+20	-1.19528e+20	0	7.342e+22	-5.49308e+10	-1.37452e+11	0	28585.6	-11009.7	0	1.21866e+20	6.00602e+20	0	
10	1.9891e+30	1.54741e+09	1.53407e+09	0	9.57003	24.051	0	-2.93195e+23	2.0234e+23	0	3.285e+23	-2.09467e+10	5.5985e+10	0	-43926.8	-17782.7	0	4.79713e+21	-1.16124e+22	0	4.867e+24	5.92736e+10	-8.9113e+10	0	29694.4	18753.6	0	-3.00511e+22	4.71882e+22	0	5.972e+24	3.14538e+09	-1.48096e+11	0	29782.6	357.69	0	-5.02322e+20	3.52484e+22	0	6.39e+23	-2.14712e+11	-6.47568e+10	0	7098.68	-23173.8	0	1.58512e+21	4.8607e+20	0	1.898e+27	-6.30585e+11	4.54561e+11	0	-7598.97	-10603.8	0	3.3864e+23	-2.42659e+23	0	5.683e+26	7.64419e+11	1.2193e+12	0	-8132.65	5189.23	0	-1.94201e+22	-3.09759e+22	0	8.681e+25	2.69609e+12	9.98796e+11	0	-2364.49	6377.38	0	-1.31086e+21	-4.84633e+20	0	1.024e+26	4.42161e+12	8.10053e+11	0	-982.214	5341.11	0	-6.63274e+20	-1.21128e+20	0	7.342e+22	2.90756e+09	-1.48397e+11	0	30596.8	-259.636	0	1.19821e+20	5.8985e+20	0	
10	1.9891e+30	1.56626e+09	1.58238e+09	0	9.28521	24.255	0	-2.71916e+23	2.04991e+23	0	3.285e+23	-5.24435e+10	-2.25236e+10	0	19374.2	-43044.1	0	1.13839e+22	5.08099e+21	0	4.867e+24	1.02644e+11	-3.55423e+10	0	12142.8	32885.9	0	-5.23076e+22	1.92122e+22	0	5.972e+24	6.10462e+10	-1.35713e+11	0	27339.4	11884.6	0	-1.42725e+22	3.24814e+22	0	6.39e+23	-1.95681e+11	-1.09235e+11	0	11858.5	-21134.7	0	1.44473e+21	8.11861e+20	0	1.898e+27	-6.45424e+11	4.33101e+11	0	-7237.9	-10853.5	0	3.46616e+23	-2.31149e+23	0	5.683e+26	7.48086e+11	1.22957e+12	0	-8200.25	5079.77	0	-1.89993e+22	-3.12288e+22	0	8.681e+25	2.69133e+12	1.01154e+12	0	-2394.67	6366.15	0	-1.30858e+21	-4.90834e+20	0	1.024e+26	4.41963e+12	8.20733e+11	0	-995.166	5338.73	0	-6.62986e+20	-1.22728e+20	0	7.342e+22	6.066e+10	-1.35739e+11	0	27397.4	10879.8	0	2.24517e+19	4.13628e+20	0	
10	1.9891e+30	1.58456e+09	1.6311e+09	0	9.02398	24.4712	0	-2.50105e+23	2.30563e+23	0	3.285e+23	2.75695e+10	-5.08691e+10	0	42606	21443.5	0	-5.63739e+21	1.13898e+22	0	4.867e+24	1.04512e+11	3.32875e+10	0	-10337.3	33489.6	0	-5.32557e+22	-1.63787e+22	0	5.972e+24	1.09639e+11	-1.01851e+11	0	20619.5	21553.3	0	-2.57224e+22	2.46402e+22	0	6.39e+23	-1.67641e+11	-1.48651e+11	0	16073.3	-18131.4	0	1.23821e+21	1.09979e+21	0	1.898e+27	-6.59531e+11	4.11155e+11	0	-6868.63	-11090.9	0	3.542e+23	-2.19377e+23	0	5.683e+26	7.31619e+11	1.23962e+12	0	-8266.37	4969.43	0	-1.85753e+22	-3.14759e+22	0	8.681e+25	2.68651e+12	1.02426e+12	0	-2424.79	6354.77	0	-1.30627e+21	-4.97024e+20	0	1.024e+26	4.41763e+12	8.31408e+11	0	-1008.11	5336.32	0	-6.62694e+20	-1.24326e+20	0	7.342e+22	1.09369e+11	-1.01582e+11	0	19882.7	20832.6	0	-1.73706e+20	1.60236e+20	0	
10	1.9891e+30	1.60236e+09	1.68029e+09	0	8.76949	24.7266	0	-2.65164e+23	2.77462e+23	0	3.285e+23	5.20974e+10	3.10148e+10	0	-23868.4	41464.4	0	-1.10572e+22	-6.42349e+21	0	4.867e+24	6.41259e+10	8.91077e+10	0	-28618.9	20323.8	0	-3.25335e+22	-4.54905e+22	0	5.972e+24	1.4132e+11	-5.17941e+10	0	10667.5	27850	0	-3.30691e+22	1.28638e+22	0	6.39e+23	-1.3188e+11	-1.8121e+11	0	19550.7	-14303.7	0	9.75403e+20	1.33666e+21	0	1.898e+27	-6.72893e+11	3.88746e+11	0	-6491.57	-11315.7	0	3.61385e+23	-2.07356e+23	0	5.683e+26	7.15022e+11	1.24944e+12	0	-8330.99	4858.23	0	-1.81481e+22	-3.17171e+22	0	8.681e+25	2.68163e+12	1.03696e+12	0	-2454.86	6343.25	0	-1.30393e+21	-5.03203e+20	0	1.024e+26	4.4156e+12	8.42078e+11	0	-1021.05	5333.87	0	-6.62398e+20	-1.25924e+20	0	7.342e+22	1.41348e+11	-5.14142e+10	0	9648.3	27936.6	0	-4.2277e+20	-4.61812e+19	0	
10	1.9891e+30	1.61961e+09	1.73003e+09	0	8.47584	25.0184	0	-3.22078e+23	2.94087e+23	0	3.285e+23	-3.06209e+10	5.11232e+10	0	-39800.6	-25614.3	0	6.85125e+21	-1.04963e+22	0	4.867e+24	-2.03646e+09	1.08823e+11	0	-35166.6	-1349.08	0	1.91893e+21	-5.62372e+22	0	5.972e+24	1.51132e+11	6.63563e+09	0	-960.702	29792.4	0	-3.52378e+22	-1.03815e+21	0	6.39e+23	-9.00353e+10	-2.05433e+11	0	22133.4	-9828.78	0	6.68736e+20	1.51178e+21	0	1.898e+27	-6.85493e+11	3.659e+11	0	-6107.16	-11527.8	0	3.68163e+23	-1.951e+23	0	5.683e+26	6.98296e+11	1.25905e+12	0	-8394.11	4746.2	0	-1.77179e+22	-3.19525e+22	0	8.681e+25	2.67669e+12	1.04963e+12	0	-2484.87	6331.58	0	-1.30156e+21	-5.09371e+20	0	1.024e+26	4.41355e+12	8.52743e+11	0	-1033.99	5331.4	0	-6.62098e+20	-1.27521e+20	0	7.342e+22	1.51435e+11	6.85284e+09	0	-1558.5	30657.6	0	-6.04928e+20	-1.37927e+20	0	
10	1.9891e+30	1.63622e+09	1.78036e+09	0	8.12549	25.3021	0	-3.6947e+23	2.65256e+23	0	3.285e+23	-4.69735e+10	-3.18474e+10	0	27042.8	-38728.4	0	1.02651e+22	7.10141e+21	0	4.867e+24	-6.66317e+10	8.39592e+10	0	-27065.8	-22637.3	0	3.61708e+22	-4.35421e+22	0	5.972e+24	1.37544e+11	6.42995e+10	0	-12441.5	27081.6	0	-3.19844e+22	-1.48664e+22	0	6.39e+23	-4.40202e+10	-2.20229e+11	0	23706.1	-4912.83	0	3.32541e+20	1.61748e+21	0	1.898e+27	-6.97317e+11	3.42644e+11	0	-5715.82	-11726.8	0	3.74526e+23	-1.82621e+23	0	5.683e+26	6.81446e+11	1.26843e+12	0	-8455.7	4633.34	0	-1.72847e+22	-3.21819e+22	0	8.681e+25	2.67169e+12	1.06228e+12	0	-2514.83	6319.77	0	-1.29916e+21	-5.15528e+20	0	1.024e+26	4.41147e+12	8.63403e+11	0	-1046.92	5328.89	0	-6.61794e+20	-1.29117e+20	0	7.342e+22	1.37901e+11	6.41883e+10	0	-12154.4	28087.4	0	-5.94246e+20	-1.18469e+20	0	
10	1.9891e+30	1.6521e+09	1.83121e+09	0	7.74417	25.5498	0	-3.85212e+23	2.29772e+23	0	3.285e+23	3.70025e+10	-4.47943e+10	0	37882.3	29077.6	0	-7.69579e+21	1.01504e+22	0	4.867e+24	-1.02545e+11	2.46239e+10	0	-7515.95	-34529.7	0	5.54803e+22	-1.21357e+22	0	5.972e+24	1.02687e+11	1.12178e+11	0	-21969.9	20144.1	0	-2.38395e+22	-2.63051e+22	0	6.39e+23	4.06927e+09	-2.24939e+11	0	24200.5	219.136	0	-1.76563e+19	1.64937e+21	0	1.898e+27	-7.08352e+11	3.19002e+11	0	-5318	-11912.6	0	3.80465e+23	-1.69935e+23	0	5.683e+26	6.64475e+11	1.27758e+12	0	-8515.76	4519.69	0	-1.68487e+22	-3.24054e+22	0	8.681e+25	2.66663e+12	1.07491e+12	0	-2544.73	6307.83	0	-1.29673e+21	-5.21673e+20	0	1.024e+26	4.40936e+12	8.74059e+11	0	-1059.84	5326.35	0	-6.61487e+20	-1.30713e+20	0	7.342e+22	1.02838e+11	1.11827e+11	0	-21037.1	20554.2	0	-3.74371e+20	-1.37543e+20	0	
10	1.9891e+30	1.66719e+09	1.88254e+09	0	7.35191	25.7689	0	-3.96703e+23	2.06303e+23	0	3.285e+23	4.57491e+10	4.02527e+10	0	-31200.6	36219	0	-9.63081e+21	-8.38284e+21	0	4.867e+24	-9.45186e+10	-4.43127e+10	0	15240.9	-31874	0	5.11525e+22	2.45682e+22	0	5.972e+24	5.20196e+10	1.42788e+11	0	-28051.3	10063	0	-1.2003e+22	-3.35234e+22	0	6.39e+23	5.20492e+10	-2.19363e+11	0	23597.7	5333.72	0	-3.6589e+20	1.60649e+21	0	1.898e+27	-7.18585e+11	2.95002e+11	0	-4914.15	-12084.9	0	3.85976e+23	-1.57056e+23	0	5.683e+26	6.47384e+11	1.28651e+12	0	-8574.29	4405.26	0	-1.64098e+22	-3.26228e+22	0	8.681e+25	2.66151e+12	1.08752e+12	0	-2574.58	6295.74	0	-1.29428e+21	-5.27807e+20	0	1.024e+26	4.40723e+12	8.84709e+11	0	-1072.75	5323.78	0	-6.61175e+20	-1.32308e+20	0	7.342e+22	5.18537e+10	1.42443e+11	0	-27122.5	9627.76	0	-6.06978e+19	-2.32261e+20	0	
10	1.9891e+30	1.68149e+09	1.93427e+09	0	6.94585	25.9598	0	-4.08225e+23	1.70248e+23	0	3.285e+23	-3.91853e+10	4.45533e+10	0	-34307.5	-32530.4	0	8.65696e+21	-9.02818e+21	0	4.867e+24	-4.59705e+10	-9.38098e+10	0	31512	-15830.7	0	2.5169e+22	5.05727e+22	0	5.972e+24	-6.52635e+09	1.51354e+11	0	-29736.1	-1587.85	0	1.75307e+21	-3.54029e+22	0	6.39e+23	9.7748e+10	-2.03769e+11	0	21928.6	10199.8	0	-6.9649e+20	1.49126e+21	0	1.898e+27	-7.28004e+11	2.70672e+11	0	-4504.72	-12243.5	0	3.91051e+23	-1.43998e+23	0	5.683e+26	6.30178e+11	1.2952e+12	0	-8631.26	4290.08	0	-1.59681e+22	-3.28343e+22	0	8.681e+25	2.65633e+12	1.10009e+12	0	-2604.37	6283.51	0	-1.29179e+21	-5.3393e+20	0	1.024e+26	4.40507e+12	8.95354e+11	0	-1085.67	5321.19	0	-6.6086e+20	-1.33902e+20	0	7.342e+22	-6.89871e+09	1.51247e+11	0	-29458.9	-2553.82	0	2.1237e+20	-3.81187e+20	0	
10	1.9891e+30	1.69498e+09	1.98635e+09	0	6.54133	26.11	0	-3.9077e+23	1.31448e+23	0	3.285e+23	-3.98359e+10	-4.00023e+10	0	33793.7	-33063.6	0	8.79242e+21	8.8894e+21	0	4.867e+24	2.25585e+10	-1.03252e+11	0	34527.1	6694.67	0	-1.09165e+22	5.5061e+22	0	5.972e+24	-6.37926e+10	1.36554e+11	0	-26768.2	-12988.5	0	1.5317e+22	-3.17205e+22	0	6.39e+23	1.39104e+11	-1.78875e+11	0	19271.7	14599	0	-9.94767e+20	1.30928e+21	0	1.898e+27	-7.366e+11	2.46037e+11	0	-4090.17	-12388.3	0	3.95684e+23	-1.30775e+23	0	5.683e+26	6.1286e+11	1.30367e+12	0	-8686.67	4174.16	0	-1.55239e+22	-3.30396e+22	0	8.681e+25	2.65109e+12	1.11265e+12	0	-2634.1	6271.14	0	-1.28928e+21	-5.40041e+20	0	1.024e+26	4.40288e+12	9.05994e+11	0	-1098.57	5318.55	0	-6.60541e+20	-1.35495e+20	0	7.342e+22	-6.41145e+10	1.36757e+11	0	-27338	-13846.2	0	3.61031e+20	-4.97132e+20	0	
10	1.9891e+30	1.70768e+09	2.03869e+09	0	6.16601	26.2368	0	-3.57131e+23	1.28464e+23	0	3.285e+23	4.51661e+10	-3.70524e+10	0	31792.7	35700.7	0	-9.48931e+21	8.53566e+21	0	4.867e+24	8.24755e+10	-6.90274e+10	0	23253.7	26273.3	0	-4.19116e+22	3.6877e+22	0	5.972e+24	-1.10825e+11	1.00717e+11	0	-19619.6	-22357.5	0	2.65827e+22	-2.31298e+22	0	6.39e+23	1.74256e+11	-1.45815e+11	0	15749.2	18334.8	0	-1.24762e+21	1.06904e+21	0	1.898e+27	-7.44362e+11	2.21128e+11	0	-3670.98	-12519.1	0	3.99871e+23	-1.17403e+23	0	5.683e+26	5.95433e+11	1.3119e+12	0	-8740.52	4057.54	0	-1.5077e+22	-3.32389e+22	0	8.681e+25	2.6458e+12	1.12518e+12	0	-2663.78	6258.62	0	-1.28674e+21	-5.4614e+20	0	1.024e+26	4.40067e+12	9.16628e+11	0	-1111.47	5315.89	0	-6.60219e+20	-1.37087e+20	0	7.342e+22	-1.10871e+11	1.01092e+11	0	-20647.5	-22484.6	0	3.50558e+20	-4.89809e+20	0	
10	1.9891e+30	1.71966e+09	2.09131e+09	0	5.81147	26.3789	0	-3.56152e+23	1.54666e+23	0	3.285e+23	3.78145e+10	4.81268e+10	0	-37400.4	29695.6	0	-7.86297e+21	-1.00284e+22	0	4.867e+24	1.09161e+11	-5.52372e+09	0	2493.55	34957.9	0	-5.55523e+22	3.93756e+21	0	5.972e+24	-1.4027e+11	4.94611e+10	0	-9412.46	-28227.5	0	3.37037e+22	-1.10451e+22	0	6.39e+23	2.01629e+11	-1.06089e+11	0	11520.9	21241.6	0	-1.44407e+21	7.81451e+20	0	1.898e+27	-7.51281e+11	1.95971e+11	0	-3247.61	-12635.7	0	4.03605e+23	-1.03898e+23	0	5.683e+26	5.77899e+11	1.3199e+12	0	-8792.79	3940.22	0	-1.46277e+22	-3.3432e+22	0	8.681e+25	2.64044e+12	1.13768e+12	0	-2693.39	6245.97	0	-1.28417e+21	-5.52227e+20	0	1.024e+26	4.39844e+12	9.27257e+11	0	-1124.36	5313.2	0	-6.59892e+20	-1.38679e+20	0	7.342e+22	-1.40016e+11	4.97388e+10	0	-10166.7	-27517.1	0	2.73761e+20	-2.91316e+20	0	
10	1.9891e+30	1.73091e+09	2.14422e+09	0	5.43808	26.5397	0	-3.88396e+23	1.5924e+23	0	3.285e+23	-4.63458e+10	3.65134e+10	0	-27643.8	-38300.5	0	1.01574e+22	-7.26141e+21	0	4.867e+24	9.17631e+10	6.11074e+10	0	-19276.9	29294.7	0	-4.66669e+22	-3.0562e+22	0	5.972e+24	-1.47527e+11	-9.19535e+09	0	2260.08	-29677.2	0	3.54895e+22	2.66475e+21	0	6.39e+23	2.19995e+11	-6.14881e+10	0	6777.45	23190.6	0	-1.57565e+21	4.59373e+20	0	1.898e+27	-7.5735e+11	1.70594e+11	0	-2820.55	-12738	0	4.06884e+23	-9.02731e+22	0	5.683e+26	5.60263e+11	1.32766e+12	0	-8843.48	3822.23	0	-1.41761e+22	-3.3619e+22	0	8.681e+25	2.63502e+12	1.15016e+12	0	-2722.95	6233.18	0	-1.28157e+21	-5.58302e+20	0	1.024e+26	4.39618e+12	9.37881e+11	0	-1137.24	5310.48	0	-6.59562e+20	-1.4027e+20	0	7.342e+22	-1.47156e+11	-9.22399e+09	0	2327.78	-28624.9	0	2.25271e+20	4.95384e+19	0	
10	1.9891e+30	1.74139e+09	2.19746e+09	0	5.03366	26.6897	0	-4.12692e+23	1.371e+23	0	3.285e+23	-3.12726e+10	-4.66983e+10	0	39392.3	-26236.4	0	7.01079e+21	1.03836e+22	0	4.867e+24	3.73525e+10	1.03469e+11	0	-33197.1	11528.1	0	-1.85995e+22	-5.28908e+22	0	5.972e+24	-1.3146e+11	-6.60797e+10	0	13581.1	-26477.6	0	3.16025e+22	1.59779e+22	0	6.39e+23	2.28535e+11	-1.40226e+10	0	1731.38	24096.1	0	-1.63674e+21	1.17079e+20	0	1.898e+27	-7.62561e+11	1.45028e+11	0	-2390.27	-12825.9	0	4.09703e+23	-7.65449e+22	0	5.683e+26	5.42526e+11	1.33518e+12	0	-8892.57	3703.6	0	-1.37221e+22	-3.37998e+22	0	8.681e+25	2.62955e+12	1.16262e+12	0	-2752.44	6220.25	0	-1.27894e+21	-5.64364e+20	0	1.024e+26	4.39389e+12	9.48499e+11	0	-1150.12	5307.72	0	-6.59228e+20	-1.4186e+20	0	7.342e+22	-1.31242e+11	-6.63937e+10	0	14403.5	-25878.5	0	2.72722e+20	3.63548e+20	0	
10	1.9891e+30	1.75104e+09	2.25097e+09	0	4.61266	26.8167	0	-4.25014e+23	1.17211e+23	0	3.285e+23	5.17662e+10	-2.79106e+10	0	24550.3	41066.1	0	-1.09475e+22	6.60186e+21	0	4.867e+24	-3.17671e+10	1.03874e+11	0	-33420.1	-11170.5	0	1.76731e+22	-5.35859e+22	0	5.972e+24	-9.45773e+10	-1.12296e+11	0	22787.5	-19132	0	2.27327e+22	2.68954e+22	0	6.39e+23	2.26868e+11	3.41731e+10	0	-3391.78	23918.2	0	-1.62472e+21	-2.30358e+20	0	1.898e+27	-7.66909e+11	1.19301e+11	0	-1957.27	-12899.3	0	4.12058e+23	-6.27286e+22	0	5.683e+26	5.24693e+11	1.34247e+12	0	-8940.06	3584.34	0	-1.32659e+22	-3.39744e+22	0	8.681e+25	2.62401e+12	1.17504e+12	0	-2781.88	6207.17	0	-1.27629e+21	-5.70415e+20	0	1.024e+26	4.39158e+12	9.59112e+11	0	-1163	5304.93	0	-6.5889e+20	-1.4345e+20	0	7.342e+22	-9.46652e+10	-1.1267e+11	0	23780.1	-19366.4	0	3.23596e+20	5.24547e+20	0	
10	1.9891e+30	1.75983e+09	2.30471e+09	0	4.17412	26.9244	0	-4.4955e+23	9.2981e+22	0	3.285e+23	2.85821e+10	5.43656e+10	0	-42251.3	22137.7	0	-5.82346e+21	-1.13029e+22	0	4.867e+24	-8.68393e+10	6.18258e+10	0	-19624.1	-29360.8	0	4.70749e+22	-3.16258e+22	0	5.972e+24	-4.26401e+10	-1.4061e+11	0	28441.2	-8791.52	0	1.03279e+22	3.37132e+22	0	6.39e+23	2.15069e+11	8.09321e+10	0	-8363.21	22664.8	0	-1.54012e+21	-5.67658e+20	0	1.898e+27	-7.70389e+11	9.34407e+10	0	-1522.03	-12958.1	0	4.13948e+23	-4.884e+22	0	5.683e+26	5.06767e+11	1.34952e+12	0	-8985.94	3464.48	0	-1.28076e+22	-3.41427e+22	0	8.681e+25	2.61842e+12	1.18745e+12	0	-2811.25	6193.96	0	-1.2736e+21	-5.76452e+20	0	1.024e+26	4.38924e+12	9.69719e+11	0	-1175.86	5302.12	0	-6.58548e+20	-1.45038e+20	0	7.342e+22	-4.29806e+10	-1.40792e+11	0	28923.1	-9682.73	0	3.02647e+20	5.06379e+20	0	
10	1.9891e+30	1.76771e+09	2.35864e+09	0	3.71173	26.9919	0	-4.64207e+23	3.63392e+22	0	3.285e+23	-5.18587e+10	2.72896e+10	0	-20041.5	-42735.2	0	1.1307e+22	-5.25667e+21	0	4.867e+24	-1.04611e+11	-5.24992e+09	0	2511.76	-35252.1	0	5.66578e+22	4.05264e+21	0	5.972e+24	1.62352e+10	-1.46582e+11	0	29653.1	2925.55	0	-3.61225e+21	3.53065e+22	0	6.39e+23	1.93664e+11	1.24151e+11	0	-12960.6	20391	0	-1.38655e+21	-8.79951e+20	0	1.898e+27	-7.72996e+11	6.7478e+10	0	-1085.05	-13002.2	0	4.1537e+23	-3.48948e+22	0	5.683e+26	4.88751e+11	1.35633e+12	0	-9030.2	3344.03	0	-1.23472e+22	-3.43048e+22	0	8.681e+25	2.61277e+12	1.19982e+12	0	-2840.56	6180.61	0	-1.27089e+21	-5.82477e+20	0	1.024e+26	4.38687e+12	9.8032e+11	0	-1188.72	5299.27	0	-6.58202e+20	-1.46626e+20	0	7.342e+22	1.5875e+10	-1.46453e+11	0	29284.9	1975.21	0	1.47018e+20	3.66903e+20	0	
10	1.9891e+30	1.77468e+09	2.41264e+09	0	3.25736	26.9961	0	-4.31354e+23	-2.37707e+22	0	3.285e+23	-2.15763e+10	-5.16931e+10	0	43638.6	-18473.3	0	4.97593e+21	1.15298e+22	0	4.867e+24	-7.75142e+10	-6.912e+10	0	23575.8	-26279.5	0	4.20668e+22	3.7953e+22	0	5.972e+24	7.28442e+10	-1.29258e+11	0	26225.7	14186.8	0	-1.68901e+22	3.13597e+22	0	6.39e+23	1.63613e+11	1.61881e+11	0	-16977.6	17197.2	0	-1.17059e+21	-1.15337e+21	0	1.898e+27	-7.74728e+11	4.14418e+10	0	-646.812	-13031.6	0	4.16322e+23	-2.09087e+22	0	5.683e+26	4.70647e+11	1.3629e+12	0	-9072.84	3223.03	0	-1.18849e+22	-3.44606e+22	0	8.681e+25	2.60706e+12	1.21217e+12	0	-2869.81	6167.12	0	-1.26815e+21	-5.8849e+20	0	1.024e+26	4.38448e+12	9.90916e+11	0	-1201.57	5296.39	0	-6.57853e+20	-1.48213e+20	0	7.342e+22	7.27201e+10	-1.28906e+11	0	25233.3	13845.7	0	-1.38627e+20	1.87639e+20	0	
10	1.9891e+30	1.78078e+09	2.46659e+09	0	2.85349	26.96	0	-3.72529e+23	-3.87312e+22	0	3.285e+23	5.65626e+10	-1.76874e+10	0	16413.8	44972.1	0	-1.2012e+22	4.41913e+21	0	4.867e+24	-1.70734e+10	-1.0295e+11	0	34645.3	-6344.84	0	9.91829e+21	5.54598e+22	0	5.972e+24	1.18333e+11	-9.13333e+10	0	18687.2	23233.4	0	-2.7488e+22	2.23827e+22	0	6.39e+23	1.26262e+11	1.92419e+11	0	-20232.9	13224.7	0	-9.01571e+20	-1.37563e+21	0	1.898e+27	-7.75583e+11	1.53615e+10	0	-207.822	-13046.2	0	4.16802e+23	-6.89754e+21	0	5.683e+26	4.5246e+11	1.36922e+12	0	-9113.85	3101.49	0	-1.14207e+22	-3.46101e+22	0	8.681e+25	2.60129e+12	1.22449e+12	0	-2899	6153.5	0	-1.26538e+21	-5.94489e+20	0	1.024e+26	4.38207e+12	1.00151e+12	0	-1214.42	5293.48	0	-6.575e+20	-1.49799e+20	0	7.342e+22	1.18529e+11	-9.10109e+10	0	17805.5	23768.5	0	-4.46994e+20	9.7141e+19	0	
10	1.9891e+30	1.78613e+09	2.52048e+09	0	2.49866	26.9308	0	-3.39493e+23	-1.74952e+22	0	3.285e+23	1.8384e+10	5.87586e+10	0	-45588.2	13823	0	-3.59037e+21	-1.21649e+22	0	4.867e+24	5.12735e+10	-9.28292e+10	0	31238.8	16064.2	0	-2.57911e+22	4.96918e+22	0	5.972e+24	1.45582e+11	-3.87272e+10	0	8216.9	28653.6	0	-3.38476e+22	9.79872e+21	0	6.39e+23	8.32884e+10	2.14378e+11	0	-22578.1	8650.21	0	-5.9121e+20	-1.53657e+21	0	1.898e+27	-7.75559e+11	-1.07334e+10	0	231.426	-13046.1	0	4.16812e+23	7.12273e+21	0	5.683e+26	4.34193e+11	1.3753e+12	0	-9153.23	2979.43	0	-1.09548e+22	-3.47533e+22	0	8.681e+25	2.59546e+12	1.23678e+12	0	-2928.12	6139.73	0	-1.26258e+21	-6.00476e+20	0	1.024e+26	4.37963e+12	1.01209e+12	0	-1227.26	5290.54	0	-6.57143e+20	-1.51384e+20	0	7.342e+22	1.45953e+11	-3.86724e+10	0	8064.31	29689.8	0	-6.23436e+20	8.854e+19	0	
10	1.9891e+30	1.79079e+09	2.57433e+09	0	2.16277	26.9227	0	-3.29721e+23	-2.60333e+20	0	3.285e+23	-5.55363e+10	1.72073e+10	0	-11761.3	-45689.5	0	1.20708e+22	-3.08113e+21	0	4.867e+24	9.92004e+10	-4.32784e+10	0	14990.6	31694.9	0	-5.04341e+22	2.37404e+22	0	5.972e+24	1.50327e+11	2.03351e+10	0	-3541.16	29601	0	-3.50294e+22	-4.34433e+21	0	6.39e+23	3.66287e+10	2.26754e+11	0	-23904.9	3678.19	0	-2.53181e+20	-1.6286e+21	0	1.898e+27	-7.74657e+11	-3.68132e+10	0	670.435	-13031.2	0	4.16349e+23	2.11362e+22	0	5.683e+26	4.15849e+11	1.38114e+12	0	-9190.96	2856.88	0	-1.04871e+22	-3.48902e+22	0	8.681e+25	2.58958e+12	1.24905e+12	0	-2957.17	6125.83	0	-1.25976e+21	-6.06449e+20	0	1.024e+26	4.37716e+12	1.02267e+12	0	-1240.09	5287.57	0	-6.56782e+20	-1.52968e+20	0	7.342e+22	1.50605e+11	2.00755e+10	0	-2860.93	30371	0	-5.78954e+20	8.73841e+19	0	
10	1.9891e+30	1.79478e+09	2.62818e+09	0	1.83597	26.931	0	-3.20692e+23	1.9393e+22	0	3.285e+23	-1.10799e+10	-5.4802e+10	0	46377.4	-10036.6	0	2.75385e+21	1.22844e+22	0	4.867e+24	1.07117e+11	2.5127e+10	0	-7350.57	34270.7	0	-5.44753e+22	-1.16363e+22	0	5.972e+24	1.31824e+11	7.66157e+10	0	-14739.4	25924.3	0	-3.07916e+22	-1.7714e+22	0	6.39e+23	-1.16092e+10	2.28973e+11	0	-24149.9	-1467.67	0	9.74384e+19	-1.64714e+21	0	1.898e+27	-7.72878e+11	-6.28485e+10	0	1108.71	-13001.6	0	4.15415e+23	3.51271e+22	0	5.683e+26	3.9743e+11	1.38673e+12	0	-9227.04	2733.86	0	-1.00179e+22	-3.50207e+22	0	8.681e+25	2.58363e+12	1.26128e+12	0	-2986.16	6111.79	0	-1.2569e+21	-6.12409e+20	0	1.024e+26	4.37466e+12	1.03324e+12	0	-1252.91	5284.56	0	-6.56417e+20	-1.54552e+20	0	7.342e+22	1.31816e+11	7.62291e+10	0	-13730.6	25902.7	0	-3.76118e+20	-1.94209e+19	0	
10	1.9891e+30	1.79813e+09	2.68208e+09	0	1.5112	26.9685	0	-3.32121e+23	5.72067e+22	0	3.285e+23	5.93827e+10	-6.74139e+09	0	7677.36	47272	0	-1.26401e+22	2.06851e+21	0	4.867e+24	7.18075e+10	8.42891e+10	0	-26710.2	22769.6	0	-3.63889e+22	-4.24159e+22	0	5.972e+24	9.29697e+10	1.21314e+11	0	-23622.7	18195.1	0	-2.17328e+22	-2.821e+22	0	6.39e+23	-5.92388e+10	2.20921e+11	0	-23298.5	-6554.37	0	4.44808e+20	-1.59085e+21	0	1.898e+27	-7.70223e+11	-8.88097e+10	0	1545.75	-12957.2	0	4.14011e+23	4.90794e+22	0	5.683e+26	3.78942e+11	1.39207e+12	0	-9261.47	2610.39	0	-9.5471e+21	-3.51448e+22	0	8.681e+25	2.57763e+12	1.27349e+12	0	-3015.09	6097.61	0	-1.25402e+21	-6.18355e+20	0	1.024e+26	4.37215e+12	1.04381e+12	0	-1265.73	5281.53	0	-6.56048e+20	-1.56134e+20	0	7.342e+22	9.26772e+10	1.21065e+11	0	-22961	17416.3	0	-1.15664e+20	-2.1861e+20	0	
10	1.9891e+30	1.8008e+09	2.73608e+09	0	1.15198	27.0404	0	-3.88496e+23	7.79192e+22	0	3.285e+23	7.58589e+09	6.11632e+10	0	-47303.2	5052.31	0	-1.24655e+21	-1.2589e+22	0	4.867e+24	7.65796e+09	1.09782e+11	0	-35140.8	1777.87	0	-3.07177e+21	-5.61327e+22	0	5.972e+24	3.98465e+10	1.47448e+11	0	-28803.3	7620.41	0	-9.20166e+21	-3.42203e+22	0	6.39e+23	-1.04094e+11	2.02949e+11	0	-21385.6	-11350.1	0	7.73025e+20	-1.46181e+21	0	1.898e+27	-7.66696e+11	-1.14668e+11	0	1981.06	-12898.2	0	4.12138e+23	6.29775e+22	0	5.683e+26	3.60386e+11	1.39717e+12	0	-9294.23	2486.5	0	-9.07491e+21	-3.52625e+22	0	8.681e+25	2.57157e+12	1.28568e+12	0	-3043.95	6083.29	0	-1.25111e+21	-6.24288e+20	0	1.024e+26	4.3696e+12	1.05437e+12	0	-1278.54	5278.46	0	-6.55676e+20	-1.57716e+20	0	7.342e+22	3.9466e+10	1.475e+11	0	-28955.6	6618.07	0	8.69276e+19	-4.48285e+20	0	
10	1.9891e+30	1.80269e+09	2.79023e+09	0	0.728269	27.1057	0	-4.49936e+23	4.34723e+22	0	3.285e+23	-5.7252e+10	6.62169e+09	0	-3084.62	-47066.5	0	1.2426e+22	-8.06187e+20	0	4.867e+24	-5.88814e+10	9.07704e+10	0	-28971.3	-20127.6	0	3.21139e+22	-4.65601e+22	0	5.972e+24	-1.9232e+10	1.50946e+11	0	-29477.8	-4144.92	0	4.86311e+21	-3.48763e+22	0	6.39e+23	-1.44128e+11	1.75861e+11	0	-18495.5	-15634.7	0	1.06686e+21	-1.26549e+21	0	1.898e+27	-7.623e+11	-1.40393e+11	0	2414.16	-12824.5	0	4.09798e+23	7.68055e+22	0	5.683e+26	3.41766e+11	1.40202e+12	0	-9325.34	2362.21	0	-8.60138e+21	-3.53739e+22	0	8.681e+25	2.56546e+12	1.29783e+12	0	-3072.74	6068.84	0	-1.24817e+21	-6.30207e+20	0	1.024e+26	4.36703e+12	1.06492e+12	0	-1291.34	5275.37	0	-6.553e+20	-1.59297e+20	0	7.342e+22	-1.94317e+10	1.51261e+11	0	-30377.2	-4687.51	0	1.7368e+20	-6.06378e+20	0	
10	1.9891e+30	1.80369e+09	2.84447e+09	0	0.261412	27.1186	0	-4.71241e+23	-1.80707e+22	0	3.285e+23	-1.46056e+08	-5.59012e+10	0	47501.6	-1215.17	0	4.18632e+20	1.26156e+22	0	4.867e+24	-9.99463e+10	3.48919e+10	0	-10574.1	-33713.9	0	5.41514e+22	-1.70562e+22	0	5.972e+24	-7.5024e+10	1.31277e+11	0	-25549.3	-15258.5	0	1.8242e+22	-3.01817e+22	0	6.39e+23	-1.77509e+11	1.40883e+11	0	-14757.7	-19210.6	0	1.31253e+21	-1.01059e+21	0	1.898e+27	-7.57041e+11	-1.65956e+11	0	2844.54	-12736.3	0	4.06994e+23	9.05477e+22	0	5.683e+26	3.23085e+11	1.40662e+12	0	-9354.77	2237.53	0	-8.1266e+21	-3.54788e+22	0	8.681e+25	2.55928e+12	1.30995e+12	0	-3101.46	6054.26	0	-1.2452e+21	-6.36113e+20	0	1.024e+26	4.36444e+12	1.07547e+12	0	-1304.14	5272.24	0	-6.54919e+20	-1.60877e+20	0	7.342e+22	-7.48947e+10	1.31628e+11	0	-26533.8	-14913.7	0	1.49994e+20	-5.68463e+20	0	
10	1.9891e+30	1.80374e+09	2.89867e+09	0	-0.209837	27.075	0	-4.64905e+23	-6.5409e+22	0	3.285e+23	6.01244e+10	4.54407e+09	0	-1340.91	47878.3	0	-1.28061e+22	-3.61305e+20	0	4.867e+24	-9.81211e+10	-3.44811e+10	0	12329	-33109.5	0	5.31651e+22	1.98883e+22	0	5.972e+24	-1.18806e+11	9.15316e+10	0	-17635	-23977.3	0	2.87069e+22	-2.08865e+22	0	6.39e+23	-2.02706e+11	9.96022e+10	0	-10341.9	-21911.8	0	1.49838e+21	-7.08679e+20	0	1.898e+27	-7.50924e+11	-1.91328e+11	0	3271.73	-12633.7	0	4.03728e+23	1.04188e+23	0	5.683e+26	3.04348e+11	1.41097e+12	0	-9382.54	2112.49	0	-7.65065e+21	-3.55773e+22	0	8.681e+25	2.55305e+12	1.32204e+12	0	-3130.11	6039.53	0	-1.24221e+21	-6.42004e+20	0	1.024e+26	4.36182e+12	1.08601e+12	0	-1316.92	5269.08	0	-6.54536e+20	-1.62456e+20	0	7.342e+22	-1.1845e+11	9.16624e+10	0	-17991.6	-23009.9	0	1.59497e+20	-3.29588e+20	0	
10	1.9891e+30	1.80285e+09	2.95274e+09	0	-0.674199	26.9886	0	-4.58112e+23	-1.0808e+23	0	3.285e+23	-3.42906e+09	6.15108e+10	0	-47348.2	-3860.81	0	1.12272e+21	-1.25668e+22	0	4.867e+24	-5.41844e+10	-8.81184e+10	0	29979.7	-18578.6	0	2.96066e+22	4.81613e+22	0	5.972e+24	-1.43735e+11	3.79339e+10	0	-6968.24	-28936.5	0	3.45791e+22	-8.37255e+21	0	6.39e+23	-2.18558e+11	5.39031e+10	0	-5450.08	-23612.3	0	1.61549e+21	-3.73666e+20	0	1.898e+27	-7.43956e+11	-2.16481e+11	0	3695.23	-12516.8	0	4.00006e+23	1.17712e+23	0	5.683e+26	2.85556e+11	1.41507e+12	0	-9408.62	1987.12	0	-7.17363e+21	-3.56693e+22	0	8.681e+25	2.54676e+12	1.33411e+12	0	-3158.7	6024.67	0	-1.23919e+21	-6.47882e+20	0	1.024e+26	4.35917e+12	1.09654e+12	0	-1329.7	5265.89	0	-6.54148e+20	-1.64034e+20	0	7.342e+22	-1.43408e+11	3.77428e+10	0	-6464.11	-28032.9	0	2.49392e+20	5.6599e+17	0	
10	1.9891e+30	1.80105e+09	3.00659e+09	0	-1.12389	26.8546	0	-4.30619e+23	-1.57645e+23	0	3.285e+23	-5.6949e+10	-4.09526e+09	0	5695.29	-46823.6	0	1.23626e+22	1.4944e+21	0	4.867e+24	1.32437e+10	-1.03617e+11	0	34991.4	3608.24	0	-5.99637e+21	5.58646e+22	0	5.972e+24	-1.4592e+11	-2.11323e+10	0	4790.07	-29363.1	0	3.49584e+22	5.51451e+21	0	6.39e+23	-2.24337e+11	5.874e+09	0	-307.055	-24232.7	0	1.65822e+21	-2.11404e+19	0	1.898e+27	-7.36146e+11	-2.41386e+11	0	4114.57	-12385.7	0	3.95829e+23	1.31104e+23	0	5.683e+26	2.66714e+11	1.41892e+12	0	-9433.03	1861.44	0	-6.69562e+21	-3.57549e+22	0	8.681e+25	2.54042e+12	1.34614e+12	0	-3187.21	6009.68	0	-1.23614e+21	-6.53745e+20	0	1.024e+26	4.3565e+12	1.10707e+12	0	-1342.48	5262.68	0	-6.53756e+20	-1.65611e+20	0	7.342e+22	-1.45846e+11	-2.15124e+10	0	5775.46	-29164.9	0	3.92054e+20	2.62898e+20	0	
10	1.9891e+30	1.79839e+09	3.06013e+09	0	-1.5299	26.6809	0	-3.74601e+23	-1.80005e+23	0	3.285e+23	1.08431e+10	-5.49385e+10	0	46959.1	7685.06	0	-1.95019e+21	1.25051e+22	0	4.867e+24	7.59626e+10	-7.48195e+10	0	25485	24123.7	0	-3.85264e+22	4.04554e+22	0	5.972e+24	-1.25021e+11	-7.64291e+10	0	15806	-25195.7	0	2.98651e+22	1.86359e+22	0	6.39e+23	-2.19776e+11	-4.22869e+10	0	4850.13	-23743.7	0	1.62449e+21	3.32404e+20	0	1.898e+27	-7.27501e+11	-2.66015e+11	0	4529.28	-12240.6	0	3.91205e+23	1.44348e+23	0	5.683e+26	2.47825e+11	1.42251e+12	0	-9455.75	1735.47	0	-6.21671e+21	-3.58341e+22	0	8.681e+25	2.53401e+12	1.35815e+12	0	-3215.65	5994.55	0	-1.23306e+21	-6.59594e+20	0	1.024e+26	4.3538e+12	1.11759e+12	0	-1355.24	5259.43	0	-6.53361e+20	-1.67188e+20	0	7.342e+22	-1.25252e+11	-7.67354e+10	0	16614.4	-25822.8	0	4.8639e+20	3.89213e+20	0	
10	1.9891e+30	1.79497e+09	3.11332e+09	0	-1.88217	26.5089	0	-3.33137e+23	-1.56687e+23	0	3.285e+23	5.87587e+10	1.57689e+10	0	-10310.7	46766	0	-1.25025e+22	-2.77769e+21	0	4.867e+24	1.08142e+11	-1.39062e+10	0	5560.21	34605.5	0	-5.50031e+22	8.80231e+21	0	5.972e+24	-8.43051e+10	-1.19305e+11	0	24358.1	-17089.6	0	2.01601e+22	2.89368e+22	0	6.39e+23	-2.05085e+11	-8.83751e+10	0	9783.75	-22168.2	0	1.51594e+21	6.704e+20	0	1.898e+27	-7.18032e+11	-2.90339e+11	0	4938.88	-12081.6	0	3.86136e+23	1.57429e+23	0	5.683e+26	2.28893e+11	1.42586e+12	0	-9476.78	1609.23	0	-5.73699e+21	-3.59068e+22	0	8.681e+25	2.52755e+12	1.37012e+12	0	-3244.03	5979.29	0	-1.22996e+21	-6.65428e+20	0	1.024e+26	4.35108e+12	1.12811e+12	0	-1368	5256.14	0	-6.52962e+20	-1.68763e+20	0	7.342e+22	-8.46867e+10	-1.1933e+11	0	24420.6	-18109.4	0	4.49857e+20	3.67346e+20	0	
10	1.9891e+30	1.79087e+09	3.16619e+09	0	-2.21598	26.3664	0	-3.36756e+23	-1.31064e+23	0	3.285e+23	-1.42737e+10	5.98007e+10	0	-45734.8	-12602.6	0	3.43388e+21	-1.21061e+22	0	4.867e+24	9.66749e+10	5.39987e+10	0	-16621.6	30877	0	-4.91531e+22	-2.63328e+22	0	5.972e+24	-3.0135e+10	-1.43047e+11	0	29104.6	-6312.77	0	7.40397e+21	3.47283e+22	0	6.39e+23	-1.80941e+11	-1.30283e+11	0	14266.9	-19580	0	1.33777e+21	9.7707e+20	0	1.898e+27	-7.07749e+11	-3.14332e+11	0	5342.9	-11908.9	0	3.8063e+23	1.70333e+23	0	5.683e+26	2.09919e+11	1.42895e+12	0	-9496.13	1482.75	0	-5.25655e+21	-3.59731e+22	0	8.681e+25	2.52104e+12	1.38206e+12	0	-3272.33	5963.89	0	-1.22682e+21	-6.71248e+20	0	1.024e+26	4.34833e+12	1.13862e+12	0	-1380.75	5252.83	0	-6.52559e+20	-1.70338e+20	0	7.342e+22	-3.04003e+10	-1.4278e+11	0	28350.6	-7024.94	0	2.3958e+20	2.79655e+20	0	
10	1.9891e+30	1.78609e+09	3.21879e+09	0	-2.56279	26.2345	0	-3.5132e+23	-1.35388e+23	0	3.285e+23	-5.46376e+10	-1.45713e+10	0	14283	-44968.7	0	1.18826e+22	3.74652e+21	0	4.867e+24	4.62176e+10	1.00991e+11	0	-32043.3	14415.4	0	-2.31772e+22	-5.10006e+22	0	5.972e+24	2.90234e+10	-1.43926e+11	0	29296.1	5453.09	0	-6.41645e+21	3.5022e+22	0	6.39e+23	-1.48455e+11	-1.66099e+11	0	18094.2	-16099.6	0	1.09855e+21	1.23823e+21	0	1.898e+27	-6.96664e+11	-3.37966e+11	0	5740.9	-11722.7	0	3.74692e+23	1.83045e+23	0	5.683e+26	1.90909e+11	1.43179e+12	0	-9513.78	1356.04	0	-4.77547e+21	-3.60329e+22	0	8.681e+25	2.51446e+12	1.39398e+12	0	-3300.56	5948.36	0	-1.22366e+21	-6.77053e+20	0	1.024e+26	4.34555e+12	1.14912e+12	0	-1393.49	5249.49	0	-6.52152e+20	-1.71912e+20	0	7.342e+22	2.90733e+10	-1.43559e+11	0	28247.3	5584.83	0	-1.08587e+20	2.19319e+20	0	
10	1.9891e+30	1.78061e+09	3.27112e+09	0	-2.91712	26.0918	0	-3.51851e+23	-1.47067e+23	0	3.285e+23	2.1501e+10	-5.19357e+10	0	44756.3	16349.8	0	-4.26864e+21	1.19498e+22	0	4.867e+24	-2.25836e+10	1.07519e+11	0	-34274.1	-8154.72	0	1.28287e+22	-5.48941e+22	0	5.972e+24	8.3921e+10	-1.21791e+11	0	24897.4	16374.7	0	-1.92689e+22	2.97043e+22	0	6.39e+23	-1.09118e+11	-1.94193e+11	0	21091.7	-11889	0	8.09655e+20	1.44198e+21	0	1.898e+27	-6.8479e+11	-3.61214e+11	0	6132.41	-11523.2	0	3.68329e+23	1.9555e+23	0	5.683e+26	1.71865e+11	1.43438e+12	0	-9529.74	1229.14	0	-4.29384e+21	-3.60862e+22	0	8.681e+25	2.50784e+12	1.40586e+12	0	-3328.71	5932.69	0	-1.22047e+21	-6.82844e+20	0	1.024e+26	4.34275e+12	1.15962e+12	0	-1406.22	5246.12	0	-6.51741e+20	-1.73484e+20	0	7.342e+22	8.42454e+10	-1.21593e+11	0	24350.2	17240.4	0	-4.12603e+20	2.5763e+20	0	
10	1.9891e+30	1.77443e+09	3.32315e+09	0	-3.27272	25.9419	0	-3.58876e+23	-1.51632e+23	0	3.285e+23	5.53375e+10	2.65349e+10	0	-18903.1	43978.3	0	-1.17418e+22	-5.08837e+21	0	4.867e+24	-8.11741e+10	7.05506e+10	0	-22164.2	-27487.5	0	4.40299e+22	-3.56863e+22	0	5.972e+24	1.2597e+11	-8.0091e+10	0	16598.3	24747.3	0	-2.92128e+22	1.96877e+22	0	6.39e+23	-6.47312e+10	-2.13296e+11	0	23124.9	-7142.65	0	4.84685e+20	1.57928e+21	0	1.898e+27	-6.72139e+11	-3.8405e+11	0	6517	-11310.6	0	3.61549e+23	2.07834e+23	0	5.683e+26	1.52791e+11	1.43671e+12	0	-9544	1102.05	0	-3.81175e+21	-3.6133e+22	0	8.681e+25	2.50115e+12	1.41771e+12	0	-3356.79	5916.89	0	-1.21726e+21	-6.88619e+20	0	1.024e+26	4.33993e+12	1.17011e+12	0	-1418.95	5242.71	0	-6.51326e+20	-1.75056e+20	0	7.342e+22	1.26333e+11	-8.02059e+10	0	16903.8	25731.5	0	-5.522e+20	3.02218e+20	0	
10	1.9891e+30	1.76751e+09	3.37488e+09	0	-3.64315	25.7787	0	-3.76507e+23	-1.79091e+23	0	3.285e+23	-2.45686e+10	5.61062e+10	0	-42532.3	-20870.6	0	5.6085e+21	-1.12298e+22	0	4.867e+24	-1.0487e+11	5.33699e+09	0	-652.689	-35334.8	0	5.67881e+22	-1.0456e+21	0	5.972e+24	1.48587e+11	-2.53392e+10	0	5701.74	29259.5	0	-3.46889e+22	6.61834e+21	0	6.39e+23	-1.73217e+10	-2.22551e+11	0	24104	-2078.66	0	1.38759e+20	1.64425e+21	0	1.898e+27	-6.58727e+11	-4.06447e+11	0	6894.22	-11085.2	0	3.54358e+23	2.19883e+23	0	5.683e+26	1.3369e+11	1.43878e+12	0	-9556.57	974.819	0	-3.32928e+21	-3.61734e+22	0	8.681e+25	2.49441e+12	1.42952e+12	0	-3384.8	5900.96	0	-1.21402e+21	-6.94379e+20	0	1.024e+26	4.33708e+12	1.18059e+12	0	-1431.66	5239.28	0	-6.50908e+20	-1.76627e+20	0	7.342e+22	1.48738e+11	-2.56942e+10	0	6625.83	29670.4	0	-5.03205e+20	2.64831e+20	0	
10	1.9891e+30	1.75985e+09	3.42624e+09	0	-4.01887	25.5736	0	-3.63056e+23	-2.28856e+23	0	3.285e+23	-5.03942e+10	-2.44404e+10	0	22388.7	-41561.1	0	1.1e+22	5.87745e+21	0	4.867e+24	-8.35934e+10	-6.0704e+10	0	21135.2	-28284.8	0	4.53189e+22	3.40506e+22	0	5.972e+24	1.48225e+11	3.39037e+10	0	-6083.2	29199.4	0	-3.47625e+22	-7.39664e+21	0	6.39e+23	3.09538e+10	-2.21552e+11	0	23988.3	3071.89	0	-2.12254e+20	1.63447e+21	0	1.898e+27	-6.44567e+11	-4.28382e+11	0	7263.66	-10847.3	0	3.46765e+23	2.31684e+23	0	5.683e+26	1.14566e+11	1.44061e+12	0	-9567.44	847.454	0	-2.84652e+21	-3.62073e+22	0	8.681e+25	2.48761e+12	1.44131e+12	0	-3412.73	5884.9	0	-1.21075e+21	-7.00124e+20	0	1.024e+26	4.3342e+12	1.19106e+12	0	-1444.37	5235.81	0	-6.50486e+20	-1.78197e+20	0	7.342e+22	1.48066e+11	3.35534e+10	0	-5168.01	28761.2	0	-3.46093e+20	9.17637e+19	0	
10	1.9891e+30	1.75146e+09	3.47714e+09	0	-4.36017	25.3275	0	-3.12859e+23	-2.5267e+23	0	3.285e+23	3.14493e+10	-4.69849e+10	0	40957.7	24467.9	0	-6.45172e+21	1.09625e+22	0	4.867e+24	-2.64033e+10	-9.9796e+10	0	33949.4	-9405.45	0	1.48307e+22	5.44029e+22	0	5.972e+24	1.24939e+11	8.8374e+10	0	-16910.7	24570.6	0	-2.93618e+22	-2.01553e+22	0	6.39e+23	7.79063e+10	-2.1036e+11	0	22786.7	8075.65	0	-5.52475e+20	1.55089e+21	0	1.898e+27	-6.29677e+11	-4.49828e+11	0	7624.89	-10597.1	0	3.38779e+23	2.43223e+23	0	5.683e+26	9.54218e+10	1.44217e+12	0	-9576.6	719.98	0	-2.36357e+21	-3.62348e+22	0	8.681e+25	2.48076e+12	1.45306e+12	0	-3440.59	5868.7	0	-1.20745e+21	-7.05854e+20	0	1.024e+26	4.3313e+12	1.20153e+12	0	-1457.07	5232.32	0	-6.5006e+20	-1.79766e+20	0	7.342e+22	1.24574e+11	8.82712e+10	0	-16636	23572.4	0	-1.64049e+20	-1.9336e+20	0	
10	1.9891e+30	1.74244e+09	3.52755e+09	0	-4.65239	25.081	0	-2.74619e+23	-2.33149e+23	0	3.285e+23	4.99859e+10	3.64623e+10	0	-26805	39621.3	0	-1.05555e+22	-7.20604e+21	0	4.867e+24	4.25833e+10	-9.57834e+10	0	32544.1	13236.8	0	-2.13127e+22	5.18225e+22	0	5.972e+24	8.23699e+10	1.29557e+11	0	-25088.9	16094.6	0	-1.92572e+22	-2.97222e+22	0	6.39e+23	1.21414e+11	-1.89497e+11	0	20557.1	12707.5	0	-8.66726e+20	1.39775e+21	0	1.898e+27	-6.14073e+11	-4.70762e+11	0	7977.5	-10334.8	0	3.30409e+23	2.54486e+23	0	5.683e+26	7.62609e+10	1.44349e+12	0	-9584.07	592.421	0	-1.8805e+21	-3.62558e+22	0	8.681e+25	2.47385e+12	1.46479e+12	0	-3468.37	5852.38	0	-1.20412e+21	-7.11569e+20	0	1.024e+26	4.32837e+12	1.21199e+12	0	-1469.77	5228.79	0	-6.4963e+20	-1.81334e+20	0	7.342e+22	8.20546e+10	1.29767e+11	0	-25669.9	15246.6	0	-6.39681e+19	-4.80354e+20	0	
10	1.9891e+30	1.73286e+09	3.57748e+09	0	-4.92469	24.8586	0	-2.7058e+23	-2.12275e+23	0	3.285e+23	-3.39578e+10	5.0569e+10	0	-37863.2	-28383.3	0	7.575e+21	-9.97358e+21	0	4.867e+24	9.47062e+10	-5.06568e+10	0	17728.3	30251.5	0	-4.8173e+22	2.81e+22	0	5.972e+24	2.71821e+10	1.51021e+11	0	-29344.2	5100.72	0	-6.04352e+21	-3.46858e+22	0	6.39e+23	1.59517e+11	-1.59916e+11	0	17402.9	16760.2	0	-1.14116e+21	1.18231e+21	0	1.898e+27	-5.97773e+11	-4.9116e+11	0	8321.09	-10060.8	0	3.21664e+23	2.65462e+23	0	5.683e+26	5.70867e+10	1.44454e+12	0	-9589.84	464.8	0	-1.39741e+21	-3.62703e+22	0	8.681e+25	2.46688e+12	1.47647e+12	0	-3496.07	5835.92	0	-1.20077e+21	-7.17267e+20	0	1.024e+26	4.32542e+12	1.22245e+12	0	-1482.45	5225.24	0	-6.49197e+20	-1.82901e+20	0	7.342e+22	2.71479e+10	1.5139e+11	0	-30397.8	5008.57	0	-5.38614e+19	-6.38779e+20	0	
10	1.9891e+30	1.72274e+09	3.62699e+09	0	-5.19755	24.6487	0	-2.70959e+23	-2.05959e+23	0	3.285e+23	-4.43633e+10	-3.33551e+10	0	29736.2	-36711.5	0	9.74111e+21	7.81684e+21	0	4.867e+24	1.08618e+11	1.67847e+10	0	-4304.59	34782.6	0	-5.52837e+22	-6.80515e+21	0	5.972e+24	-3.1988e+10	1.49423e+11	0	-29017.2	-6684.4	0	8.12494e+21	-3.43552e+22	0	6.39e+23	1.90503e+11	-1.22962e+11	0	13467.8	20053.8	0	-1.36385e+21	9.14443e+20	0	1.898e+27	-5.80795e+11	-5.10998e+11	0	8655.27	-9775.46	0	3.12554e+23	2.76137e+23	0	5.683e+26	3.79026e+10	1.44535e+12	0	-9593.91	337.139	0	-9.14377e+20	-3.62784e+22	0	8.681e+25	2.45986e+12	1.48813e+12	0	-3523.69	5819.33	0	-1.19739e+21	-7.22951e+20	0	1.024e+26	4.32244e+12	1.23289e+12	0	-1495.13	5221.65	0	-6.4876e+20	-1.84467e+20	0	7.342e+22	-3.17114e+10	1.4968e+11	0	-29741.3	-5948.64	0	-5.29981e+19	-5.62764e+20	0	
10	1.9891e+30	1.71207e+09	3.67608e+09	0	-5.46923	24.4476	0	-2.71881e+23	-1.91407e+23	0	3.285e+23	4.0332e+10	-4.02489e+10	0	35689.4	31744.5	0	-8.41748e+21	9.57365e+21	0	4.867e+24	7.86606e+10	7.88204e+10	0	-24594.6	25032	0	-3.99612e+22	-3.9024e+22	0	5.972e+24	-8.58855e+10	1.25027e+11	0	-24158.7	-17411.5	0	2.09127e+22	-2.87181e+22	0	6.39e+23	2.12985e+11	-8.03048e+10	0	8929.68	22442.3	0	-1.52517e+21	6.06181e+20	0	1.898e+27	-5.63159e+11	-5.30254e+11	0	8979.66	-9479	0	3.03089e+23	2.86499e+23	0	5.683e+26	1.87122e+10	1.44589e+12	0	-9596.28	209.461	0	-4.31487e+20	-3.628e+22	0	8.681e+25	2.45279e+12	1.49975e+12	0	-3551.24	5802.6	0	-1.19398e+21	-7.28618e+20	0	1.024e+26	4.31944e+12	1.24333e+12	0	-1507.79	5218.03	0	-6.48318e+20	-1.86032e+20	0	7.342e+22	-8.55031e+10	1.24989e+11	0	-24063	-16398.6	0	5.7511e+19	-3.35341e+20	0	
10	1.9891e+30	1.70086e+09	3.72479e+09	0	-5.75518	24.2647	0	-3.03443e+23	-1.7631e+23	0	3.285e+23	4.28981e+10	4.52057e+10	0	-33732.4	33859.4	0	-8.99114e+21	-9.053e+21	0	4.867e+24	1.70233e+10	1.09875e+11	0	-34839.5	4880.88	0	-8.02543e+21	-5.55945e+22	0	5.972e+24	-1.26087e+11	8.16586e+10	0	-15525.3	-25403.7	0	3.03266e+22	-1.8587e+22	0	6.39e+23	2.25955e+11	-3.38669e+10	0	3992.02	23820.5	0	-1.61821e+21	2.71207e+20	0	1.898e+27	-5.44883e+11	-5.48907e+11	0	9293.9	-9171.79	0	2.9328e+23	2.96537e+23	0	5.683e+26	-4.81322e+08	1.44618e+12	0	-9596.95	81.7887	0	5.11713e+19	-3.62752e+22	0	8.681e+25	2.44566e+12	1.51134e+12	0	-3578.71	5785.75	0	-1.19055e+21	-7.3427e+20	0	1.024e+26	4.31641e+12	1.25377e+12	0	-1520.45	5214.38	0	-6.47874e+20	-1.87596e+20	0	7.342e+22	-1.25863e+11	8.13459e+10	0	-14702.5	-24801.7	0	2.58252e+20	-6.66268e+19	0	
10	1.9891e+30	1.68902e+09	3.77314e+09	0	-6.086	24.0772	0	-3.52706e+23	-2.06039e+23	0	3.285e+23	-4.21187e+10	4.33939e+10	0	-31896.3	-34887.8	0	9.2702e+21	-8.38427e+21	0	4.867e+24	-5.09326e+10	9.68448e+10	0	-30643.8	-17469	0	2.7817e+22	-4.92018e+22	0	5.972e+24	-1.46316e+11	2.61074e+10	0	-4462.92	-29416.7	0	3.4948e+22	-5.47293e+21	0	6.39e+23	2.28832e+11	1.42625e+10	0	-1124.43	24127.7	0	-1.63899e+21	-7.57259e+19	0	1.898e+27	-5.2599e+11	-5.66934e+11	0	9597.63	-8854.17	0	2.83139e+23	3.06239e+23	0	5.683e+26	-1.96745e+10	1.44622e+12	0	-9595.92	-45.8556	0	5.33513e+20	-3.6264e+22	0	8.681e+25	2.43847e+12	1.52289e+12	0	-3606.1	5768.77	0	-1.18709e+21	-7.39905e+20	0	1.024e+26	4.31336e+12	1.26419e+12	0	-1533.1	5210.7	0	-6.47425e+20	-1.89159e+20	0	7.342e+22	-1.46397e+11	2.57298e+10	0	-3480.76	-29642.4	0	4.71402e+20	1.27993e+20	0	
10	1.9891e+30	1.67649e+09	3.82107e+09	0	-6.45157	23.8368	0	-3.65534e+23	-2.7446e+23	0	3.285e+23	-3.67495e+10	-4.09979e+10	0	36071.7	-30578.8	0	8.14405e+21	9.499e+21	0	4.867e+24	-9.68131e+10	4.48495e+10	0	-13541.9	-32636.3	0	5.2393e+22	-2.1827e+22	0	5.972e+24	-1.43417e+11	-3.29372e+10	0	7301.15	-28829.9	0	3.41217e+22	8.59123e+21	0	6.39e+23	2.21489e+11	6.19195e+10	0	-6191.25	23350.1	0	-1.5866e+21	-4.1938e+20	0	1.898e+27	-5.065e+11	-5.84317e+11	0	9890.5	-8526.52	0	2.72676e+23	3.15594e+23	0	5.683e+26	-3.88639e+10	1.446e+12	0	-9593.19	-173.449	0	1.01545e+21	-3.62463e+22	0	8.681e+25	2.43123e+12	1.53441e+12	0	-3633.41	5751.66	0	-1.1836e+21	-7.45524e+20	0	1.024e+26	4.31028e+12	1.27461e+12	0	-1545.74	5206.99	0	-6.46973e+20	-1.90721e+20	0	7.342e+22	-1.43748e+11	-3.31167e+10	0	7779.54	-29755.5	0	6.00917e+20	2.04782e+20	0	
10	1.9891e+30	1.66323e+09	3.86844e+09	0	-6.8053	23.5296	0	-3.33371e+23	-3.31129e+23	0	3.285e+23	4.78282e+10	-3.1955e+10	0	29131.7	37911.1	0	-1.00902e+22	7.82974e+21	0	4.867e+24	-1.01192e+11	-2.44164e+10	0	9323.15	-34084	0	5.47462e+22	1.50538e+22	0	5.972e+24	-1.17848e+11	-8.62397e+10	0	17927.3	-23740.4	0	2.80665e+22	2.13833e+22	0	6.39e+23	2.04251e+11	1.06961e+11	0	-10982.1	21521.8	0	-1.46326e+21	-7.44636e+20	0	1.898e+27	-4.86435e+11	-6.01034e+11	0	10172.2	-8189.19	0	2.61905e+23	3.24591e+23	0	5.683e+26	-5.80461e+10	1.44553e+12	0	-9588.77	-300.969	0	1.49691e+21	-3.62223e+22	0	8.681e+25	2.42394e+12	1.5459e+12	0	-3660.64	5734.42	0	-1.18009e+21	-7.51127e+20	0	1.024e+26	4.30718e+12	1.28502e+12	0	-1558.37	5203.25	0	-6.46516e+20	-1.92282e+20	0	7.342e+22	-1.18196e+11	-8.60944e+10	0	17531.8	-24696.4	0	5.3681e+20	1.81274e+20	0	
10	1.9891e+30	1.64929e+09	3.91516e+09	0	-7.12027	23.1807	0	-2.94426e+23	-3.60807e+23	0	3.285e+23	3.433e+10	5.24622e+10	0	-39439.2	26907.9	0	-7.11068e+21	-1.05629e+22	0	4.867e+24	-6.22111e+10	-8.17724e+10	0	28210.4	-21182.1	0	3.3806e+22	4.53602e+22	0	5.972e+24	-7.36051e+10	-1.25459e+11	0	25749.4	-14942.4	0	1.77309e+22	3.079e+22	0	6.39e+23	1.77887e+11	1.47358e+11	0	-15282.3	18723.2	0	-1.2742e+21	-1.0371e+21	0	1.898e+27	-4.65819e+11	-6.17067e+11	0	10442.4	-7842.58	0	2.50836e+23	3.3322e+23	0	5.683e+26	-7.72178e+10	1.4448e+12	0	-9582.66	-428.393	0	1.97779e+21	-3.61918e+22	0	8.681e+25	2.41659e+12	1.55735e+12	0	-3687.78	5717.05	0	-1.17655e+21	-7.56714e+20	0	1.024e+26	4.30405e+12	1.29542e+12	0	-1571	5199.48	0	-6.46056e+20	-1.93842e+20	0	7.342e+22	-7.37185e+10	-1.25102e+11	0	24752.7	-15247.5	0	2.83124e+20	1.78632e+20	0	
10	1.9891e+30	1.63477e+09	3.96115e+09	0	-7.39703	22.8041	0	-2.53317e+23	-3.88314e+23	0	3.285e+23	-4.87742e+10	3.48402e+10	0	-24843.4	-40168.6	0	1.06412e+22	-6.51858e+21	0	4.867e+24	3.58282e+09	-1.03214e+11	0	35179.6	487.123	0	-1.02316e+21	5.62201e+22	0	5.972e+24	-1.76007e+10	-1.44454e+11	0	29540	-3804.62	0	4.66622e+21	3.52745e+22	0	6.39e+23	1.43578e+11	1.81288e+11	0	-18898.2	15077.8	0	-1.02754e+21	-1.28368e+21	0	1.898e+27	-4.44674e+11	-6.32398e+11	0	10700.7	-7487.07	0	2.39482e+23	3.41472e+23	0	5.683e+26	-9.63756e+10	1.44381e+12	0	-9574.85	-555.699	0	2.45801e+21	-3.6155e+22	0	8.681e+25	2.40919e+12	1.56877e+12	0	-3714.85	5699.55	0	-1.17298e+21	-7.62284e+20	0	1.024e+26	4.30089e+12	1.30582e+12	0	-1583.61	5195.68	0	-6.45593e+20	-1.95402e+20	0	7.342e+22	-1.73884e+10	-1.44144e+11	0	28665.3	-3234.87	0	-6.16551e+19	2.6241e+20	0	
10	1.9891e+30	1.61974e+09	4.00636e+09	0	-7.62164	22.4049	0	-1.90142e+23	-3.99919e+23	0	3.285e+23	-2.78144e+10	-4.7096e+10	0	41174.4	-23366.3	0	6.25846e+21	1.08657e+22	0	4.867e+24	6.86115e+10	-8.00846e+10	0	27518.4	21776.5	0	-3.48294e+22	4.37171e+22	0	5.972e+24	4.14117e+10	-1.40241e+11	0	28705.1	7939.21	0	-9.22089e+21	3.41531e+22	0	6.39e+23	1.0286e+11	2.07211e+11	0	-21665.6	10747.3	0	-7.33981e+20	-1.47318e+21	0	1.898e+27	-4.23024e+11	-6.4701e+11	0	10947	-7123.07	0	2.27857e+23	3.49336e+23	0	5.683e+26	-1.15516e+11	1.44257e+12	0	-9565.36	-682.864	0	2.9375e+21	-3.61119e+22	0	8.681e+25	2.40173e+12	1.58015e+12	0	-3741.83	5681.93	0	-1.16939e+21	-7.67838e+20	0	1.024e+26	4.29771e+12	1.3162e+12	0	-1596.21	5191.85	0	-6.45125e+20	-1.9696e+20	0	7.342e+22	4.17949e+10	-1.402e+11	0	28583.9	8941.77	0	-3.12456e+20	3.97573e+20	0	
10	1.9891e+30	1.60433e+09	4.05077e+09	0	-7.77987	22.0159	0	-1.29562e+23	-3.65729e+23	0	3.285e+23	5.36657e+10	-2.239e+10	0	21515.1	42737.8	0	-1.1404e+22	5.79178e+21	0	4.867e+24	1.06039e+11	-2.22548e+10	0	8588.1	33975.3	0	-5.4019e+22	1.36056e+22	0	5.972e+24	9.42019e+10	-1.13468e+11	0	23378	18454.6	0	-2.17727e+22	2.76858e+22	0	6.39e+23	5.75662e+10	2.23947e+11	0	-23457.3	5924.91	0	-4.06387e+20	-1.59677e+21	0	1.898e+27	-4.00894e+11	-6.60885e+11	0	11180.8	-6750.99	0	2.15974e+23	3.56804e+23	0	5.683e+26	-1.34636e+11	1.44108e+12	0	-9554.18	-809.866	0	3.41616e+21	-3.60623e+22	0	8.681e+25	2.39422e+12	1.5915e+12	0	-3768.73	5664.17	0	-1.16577e+21	-7.73375e+20	0	1.024e+26	4.29451e+12	1.32658e+12	0	-1608.81	5187.99	0	-6.44654e+20	-1.98517e+20	0	7.342e+22	9.44884e+10	-1.13725e+11	0	24061.3	19213.8	0	-4.15755e+20	4.72171e+20	0	
10	1.9891e+30	1.58865e+09	4.09446e+09	0	-7.89965	21.6775	0	-1.18252e+23	-3.09012e+23	0	3.285e+23	2.45906e+10	5.79815e+10	0	-43726	19023.7	0	-4.98715e+21	-1.16835e+22	0	4.867e+24	1.00603e+11	4.63816e+10	0	-13831.3	32213.5	0	-5.12582e+22	-2.18919e+22	0	5.972e+24	1.32506e+11	-6.83113e+10	0	14394.8	26093.6	0	-3.09984e+22	1.69458e+22	0	6.39e+23	9.73847e+09	2.30726e+11	0	-24189.2	827.03	0	-5.93089e+19	-1.64846e+21	0	1.898e+27	-3.78309e+11	-6.74009e+11	0	11402	-6371.26	0	2.03846e+23	3.63868e+23	0	5.683e+26	-1.53732e+11	1.43933e+12	0	-9541.31	-936.683	0	3.89391e+21	-3.60065e+22	0	8.681e+25	2.38666e+12	1.60281e+12	0	-3795.55	5646.29	0	-1.16212e+21	-7.78895e+20	0	1.024e+26	4.29128e+12	1.33696e+12	0	-1621.4	5184.09	0	-6.44179e+20	-2.00073e+20	0	7.342e+22	1.32504e+11	-6.86971e+10	0	15405.8	26085.3	0	-3.78676e+20	4.07672e+20	0	
10	1.9891e+30	1.57272e+09	4.13751e+09	0	-8.03003	21.3835	0	-1.4276e+23	-2.82637e+23	0	3.285e+23	-5.36969e+10	2.521e+10	0	-16948.7	-44052.3	0	1.16463e+22	-4.44042e+21	0	4.867e+24	5.4502e+10	9.76305e+10	0	-30635.8	17186.6	0	-2.75777e+22	-4.87127e+22	0	5.972e+24	1.50322e+11	-1.18268e+10	0	3162.06	29654.1	0	-3.53748e+22	3.64442e+21	0	6.39e+23	-3.84585e+10	2.27224e+11	0	-23824.6	-4316.03	0	2.91636e+20	-1.62544e+21	0	1.898e+27	-3.55294e+11	-6.86365e+11	0	11610.4	-5984.29	0	1.91487e+23	3.70519e+23	0	5.683e+26	-1.728e+11	1.43733e+12	0	-9526.77	-1063.29	0	4.37067e+21	-3.59443e+22	0	8.681e+25	2.37904e+12	1.61408e+12	0	-3822.28	5628.28	0	-1.15845e+21	-7.84398e+20	0	1.024e+26	4.28802e+12	1.34732e+12	0	-1633.97	5180.17	0	-6.437e+20	-2.01628e+20	0	7.342e+22	1.50038e+11	-1.20762e+10	0	3820.84	28857.6	0	-2.80614e+20	1.82304e+20	0	
10	1.9891e+30	1.55651e+09	4.18e+09	0	-8.18376	21.0995	0	-1.6027e+23	-2.84142e+23	0	3.285e+23	-1.78623e+10	-5.14286e+10	0	44861.1	-15314.8	0	4.14395e+21	1.18668e+22	0	4.867e+24	-1.34376e+10	1.10224e+11	0	-34857.4	-5079.42	0	7.88607e+21	-5.57755e+22	0	5.972e+24	1.44854e+11	4.71539e+10	0	-8563.08	28571.7	0	-3.41369e+22	-1.01366e+22	0	6.39e+23	-8.48363e+10	2.13587e+11	0	-22376.4	-9270.38	0	6.30444e+20	-1.52825e+21	0	1.898e+27	-3.31876e+11	-6.97941e+11	0	11805.5	-5590.54	0	1.78911e+23	3.7675e+23	0	5.683e+26	-1.91838e+11	1.43508e+12	0	-9510.55	-1189.67	0	4.84637e+21	-3.58758e+22	0	8.681e+25	2.37137e+12	1.62532e+12	0	-3848.93	5610.15	0	-1.15475e+21	-7.89884e+20	0	1.024e+26	4.28474e+12	1.35768e+12	0	-1646.54	5176.22	0	-6.43218e+20	-2.03182e+20	0	7.342e+22	1.44488e+11	4.72239e+10	0	-8754.66	27539.1	0	-2.12441e+20	-1.6551e+20	0	
10	1.9891e+30	1.53998e+09	4.22191e+09	0	-8.34978	20.8127	0	-1.71276e+23	-2.85646e+23	0	3.285e+23	5.76335e+10	-1.18895e+10	0	13113.3	46042.4	0	-1.23059e+22	3.53451e+21	0	4.867e+24	-7.50815e+10	7.86145e+10	0	-24526.7	-25403.3	0	4.06447e+22	-3.94633e+22	0	5.972e+24	1.16955e+11	9.94087e+10	0	-18950.2	23013.5	0	-2.74271e+22	-2.23595e+22	0	6.39e+23	-1.27282e+11	1.90419e+11	0	-19907.3	-13809.2	0	9.41464e+20	-1.36088e+21	0	1.898e+27	-3.08081e+11	-7.08723e+11	0	11987.3	-5190.45	0	1.66132e+23	3.82554e+23	0	5.683e+26	-2.10841e+11	1.43257e+12	0	-9492.66	-1315.8	0	5.3209e+21	-3.58011e+22	0	8.681e+25	2.36364e+12	1.63652e+12	0	-3875.49	5591.89	0	-1.15103e+21	-7.95353e+20	0	1.024e+26	4.28143e+12	1.36802e+12	0	-1659.1	5172.23	0	-6.42732e+20	-2.04735e+20	0	7.342e+22	1.16772e+11	9.97396e+10	0	-19851.4	22513.9	0	-2.35981e+20	-4.56908e+20	0	
10	1.9891e+30	1.5231e+09	4.26324e+09	0	-8.53348	20.521	0	-1.95502e+23	-2.99804e+23	0	3.285e+23	1.40308e+10	6.15798e+10	0	-46450.5	10496.4	0	-2.70155e+21	-1.23798e+22	0	4.867e+24	-1.04506e+11	1.57674e+10	0	-3807.41	-35142.5	0	5.64711e+22	-6.12804e+21	0	5.972e+24	7.09909e+10	1.36768e+11	0	-26377.4	13854.9	0	-1.63704e+22	-3.11776e+22	0	6.39e+23	-1.63857e+11	1.58766e+11	0	-16527.4	-17723.6	0	1.21017e+21	-1.13067e+21	0	1.898e+27	-2.83936e+11	-7.18699e+11	0	12155.6	-4784.47	0	1.53165e+23	3.87923e+23	0	5.683e+26	-2.29807e+11	1.42982e+12	0	-9473.1	-1441.65	0	5.7942e+21	-3.57201e+22	0	8.681e+25	2.35587e+12	1.64769e+12	0	-3901.96	5573.5	0	-1.14728e+21	-8.00804e+20	0	1.024e+26	4.2781e+12	1.37837e+12	0	-1671.65	5168.22	0	-6.42242e+20	-2.06287e+20	0	7.342e+22	7.11288e+10	1.37118e+11	0	-27352.5	14228.8	0	-2.77014e+20	-5.76378e+20	0	
10	1.9891e+30	1.50583e+09	4.30397e+09	0	-8.73739	20.1977	0	-2.03362e+23	-3.47305e+23	0	3.285e+23	-5.67204e+10	1.48428e+10	0	-8481.86	-46412.9	0	1.22558e+22	-2.21836e+21	0	4.867e+24	-8.92098e+10	-5.1928e+10	0	18531.3	-30068.2	0	4.82082e+22	2.98819e+22	0	5.972e+24	1.41577e+10	1.53397e+11	0	-29684.1	2537.25	0	-2.80629e+21	-3.52224e+22	0	6.39e+23	-1.92885e+11	1.20062e+11	0	-12389.5	-20832.3	0	1.42387e+21	-8.48007e+20	0	1.898e+27	-2.59468e+11	-7.27857e+11	0	12310.1	-4373.06	0	1.40025e+23	3.92853e+23	0	5.683e+26	-2.48732e+11	1.42681e+12	0	-9451.88	-1567.21	0	6.26619e+21	-3.56329e+22	0	8.681e+25	2.34804e+12	1.65882e+12	0	-3928.35	5554.99	0	-1.1435e+21	-8.06238e+20	0	1.024e+26	4.27475e+12	1.3887e+12	0	-1684.19	5164.18	0	-6.41748e+20	-2.07838e+20	0	7.342e+22	1.45229e+10	1.53517e+11	0	-30021.7	3493.44	0	-2.25885e+20	-4.94635e+20	0	
10	1.9891e+30	1.48816e+09	4.344e+09	0	-8.92638	19.8236	0	-1.65796e+23	-3.91536e+23	0	3.285e+23	-7.23765e+09	-5.38311e+10	0	46992.6	-6696.71	0	1.86925e+21	1.24626e+22	0	4.867e+24	-3.57169e+10	-9.59767e+10	0	32987.2	-12393.6	0	1.96235e+22	5.29132e+22	0	5.972e+24	-4.46529e+10	1.46706e+11	0	-28350.6	-9164.07	0	1.10852e+22	-3.37721e+22	0	6.39e+23	-2.13034e+11	7.60706e+10	0	-7682.38	-22990.8	0	1.57241e+21	-5.25852e+20	0	1.898e+27	-2.34705e+11	-7.36188e+11	0	12450.6	-3956.7	0	1.26727e+23	3.97337e+23	0	5.683e+26	-2.67614e+11	1.42355e+12	0	-9429	-1692.45	0	6.73677e+21	-3.55394e+22	0	8.681e+25	2.34015e+12	1.66991e+12	0	-3954.65	5536.35	0	-1.1397e+21	-8.11655e+20	0	1.024e+26	4.27137e+12	1.39902e+12	0	-1696.71	5160.1	0	-6.41251e+20	-2.09388e+20	0	7.342e+22	-4.43167e+10	1.46516e+11	0	-27843.2	-8286.66	0	-3.71145e+19	-3.1928e+20	0	
10	1.9891e+30	1.47016e+09	4.38325e+09	0	-9.06587	19.4258	0	-1.14332e+23	-3.92269e+23	0	3.285e+23	5.95841e+10	-8.21984e+08	0	4231.3	47699	0	-1.27589e+22	1.14274e+21	0	4.867e+24	3.33677e+10	-9.81087e+10	0	33594.1	10301.7	0	-1.6664e+22	5.35415e+22	0	5.972e+24	-9.62471e+10	1.17752e+11	0	-22583.2	-19420.1	0	2.31466e+22	-2.70029e+22	0	6.39e+23	-2.23377e+11	2.88003e+10	0	-2622.07	-24098.4	0	1.64867e+21	-1.79152e+20	0	1.898e+27	-2.09675e+11	-7.43681e+11	0	12577.1	-3535.84	0	1.13285e+23	4.01371e+23	0	5.683e+26	-2.86447e+11	1.42004e+12	0	-9404.46	-1817.35	0	7.20587e+21	-3.54398e+22	0	8.681e+25	2.33222e+12	1.68096e+12	0	-3980.87	5517.59	0	-1.13587e+21	-8.17054e+20	0	1.024e+26	4.26796e+12	1.40934e+12	0	-1709.23	5156	0	-6.4075e+20	-2.10936e+20	0	7.342e+22	-9.61692e+10	1.17376e+11	0	-21582	-19214.8	0	2.45403e+20	-1.35914e+20	0	
10	1.9891e+30	1.45192e+09	4.42171e+09	0	-9.16758	19.0419	0	-9.34724e+22	-3.7241e+23	0	3.285e+23	3.02448e+09	6.31436e+10	0	-47527.8	1633.01	0	-3.38332e+20	-1.26332e+22	0	4.867e+24	8.92796e+10	-5.77696e+10	0	20328.7	28565.7	0	-4.55297e+22	3.22386e+22	0	5.972e+24	-1.32567e+11	7.1073e+10	0	-13282.9	-26633.3	0	3.15648e+22	-1.5921e+22	0	6.39e+23	-2.23441e+11	-1.9587e+10	0	2558.57	-24103.6	0	1.64899e+21	1.7591e+20	0	1.898e+27	-1.84406e+11	-7.50328e+11	0	12689.3	-3110.98	0	9.97154e+22	4.04949e+23	0	5.683e+26	-3.0523e+11	1.41628e+12	0	-9378.28	-1941.88	0	7.67342e+21	-3.53341e+22	0	8.681e+25	2.32423e+12	1.69198e+12	0	-4006.99	5498.7	0	-1.13201e+21	-8.22435e+20	0	1.024e+26	4.26453e+12	1.41965e+12	0	-1721.74	5151.86	0	-6.40246e+20	-2.12484e+20	0	7.342e+22	-1.32794e+11	7.07674e+10	0	-12476.5	-27262.4	0	5.10045e+20	-3.0612e+19	0	
10	1.9891e+30	1.43349e+09	4.45942e+09	0	-9.25849	18.6709	0	-8.65201e+22	-3.68206e+23	0	3.285e+23	-5.7745e+10	4.10158e+09	0	270.32	-47174.5	0	1.24516e+22	7.52304e+19	0	4.867e+24	1.09082e+11	8.1691e+09	0	-1221.76	35016.9	0	-5.56563e+22	-1.91875e+21	0	5.972e+24	-1.47944e+11	1.39754e+10	0	-1904.58	-29684.1	0	3.51017e+22	-2.25846e+21	0	6.39e+23	-2.13221e+11	-6.68776e+10	0	7620.87	-23006	0	1.57335e+21	5.2273e+20	0	1.898e+27	-1.58927e+11	-7.56122e+11	0	12787.2	-2682.58	0	8.60334e+22	4.08069e+23	0	5.683e+26	-3.23959e+11	1.41227e+12	0	-9350.46	-2066.04	0	8.13933e+21	-3.52222e+22	0	8.681e+25	2.31619e+12	1.70296e+12	0	-4033.03	5479.69	0	-1.12813e+21	-8.27799e+20	0	1.024e+26	4.26107e+12	1.42995e+12	0	-1734.24	5147.7	0	-6.39737e+20	-2.14031e+20	0	7.342e+22	-1.48315e+11	1.39622e+10	0	-1875.49	-30742.3	0	6.44806e+20	-1.9832e+19	0	
10	1.9891e+30	1.4149e+09	4.4964e+09	0	-9.33794	18.3013	0	-7.06499e+22	-3.64468e+23	0	3.285e+23	3.68735e+09	-5.42076e+10	0	47482.9	2190.71	0	-4.88778e+20	1.2626e+22	0	4.867e+24	8.47191e+10	7.25832e+10	0	-22282.2	27094.2	0	-4.32185e+22	-3.53242e+22	0	5.972e+24	-1.39983e+11	-4.46101e+10	0	9769.62	-28101.3	0	3.32946e+22	1.17654e+22	0	6.39e+23	-1.93191e+11	-1.10909e+11	0	12331.9	-20857	0	1.4254e+21	8.45121e+20	0	1.898e+27	-1.33267e+11	-7.61057e+11	0	12870.6	-2251.14	0	7.22545e+22	4.10725e+23	0	5.683e+26	-3.42631e+11	1.40802e+12	0	-9320.99	-2189.79	0	8.60352e+21	-3.51042e+22	0	8.681e+25	2.3081e+12	1.7139e+12	0	-4058.97	5460.56	0	-1.12423e+21	-8.33145e+20	0	1.024e+26	4.25759e+12	1.44024e+12	0	-1746.73	5143.5	0	-6.39225e+20	-2.15576e+20	0	7.342e+22	-1.40225e+11	-4.43209e+10	0	8989.21	-28779.9	0	5.42662e+20	-1.64745e+19	0	
10	1.9891e+30	1.39615e+09	4.53264e+09	0	-9.40495	17.9436	0	-6.78987e+22	-3.46043e+23	0	3.285e+23	5.94445e+10	1.04203e+10	0	-4806.13	47645.1	0	-1.27448e+22	-1.29272e+21	0	4.867e+24	2.60858e+10	1.0895e+11	0	-34260.3	7942.7	0	-1.29143e+22	-5.46169e+22	0	5.972e+24	-1.09929e+11	-9.5521e+10	0	19911.2	-22128.7	0	2.63514e+22	2.38527e+22	0	6.39e+23	-1.64272e+11	-1.4967e+11	0	16475.5	-17757	0	1.21223e+21	1.12812e+21	0	1.898e+27	-1.07454e+11	-7.65125e+11	0	12939.5	-1817.15	0	5.83944e+22	4.12916e+23	0	5.683e+26	-3.61242e+11	1.40351e+12	0	-9289.9	-2313.11	0	9.06592e+21	-3.49801e+22	0	8.681e+25	2.29995e+12	1.7248e+12	0	-4084.83	5441.3	0	-1.1203e+21	-8.38472e+20	0	1.024e+26	4.25409e+12	1.45052e+12	0	-1759.21	5139.28	0	-6.3871e+20	-2.17121e+20	0	7.342e+22	-1.09868e+11	-9.51461e+10	0	18893.6	-21965.1	0	2.92702e+20	9.12021e+19	0	
10	1.9891e+30	1.37727e+09	4.56818e+09	0	-9.4851	17.5982	0	-9.37886e+22	-3.48595e+23	0	3.285e+23	-8.04222e+09	6.26299e+10	0	-46932.7	-7252.5	0	2.01839e+21	-1.24416e+22	0	4.867e+24	-4.27441e+10	1.01999e+11	0	-32071.4	-14674.3	0	2.32996e+22	-5.14519e+22	0	5.972e+24	-6.24769e+10	-1.30794e+11	0	26934.6	-12691.9	0	1.52714e+22	3.21101e+22	0	6.39e+23	-1.27793e+11	-1.81397e+11	0	19862.7	-13850	0	9.43969e+20	1.35876e+21	0	1.898e+27	-8.15189e+10	-7.68324e+11	0	12993.7	-1381.09	0	4.4469e+22	4.14639e+23	0	5.683e+26	-3.7979e+11	1.39876e+12	0	-9257.19	-2435.99	0	9.52645e+21	-3.485e+22	0	8.681e+25	2.29176e+12	1.73566e+12	0	-4110.59	5421.93	0	-1.11634e+21	-8.43781e+20	0	1.024e+26	4.25056e+12	1.46079e+12	0	-1771.68	5135.02	0	-6.38191e+20	-2.18664e+20	0	7.342e+22	-6.21479e+10	-1.30598e+11	0	26393.5	-11823.4	0	1.43156e+19	2.93321e+20	0	
10	1.9891e+30	1.3582e+09	4.60301e+09	0	-9.58778	17.2276	0	-1.03337e+23	-3.93379e+23	0	3.285e+23	-5.67372e+10	-6.63929e+09	0	9012.89	-46311.5	0	1.22277e+22	2.36619e+21	0	4.867e+24	-9.3073e+10	5.42943e+10	0	-16401.1	-31301.9	0	5.02153e+22	-2.6425e+22	0	5.972e+24	-5.04116e+09	-1.44906e+11	0	29743.8	-1259.52	0	1.70021e+21	3.53109e+22	0	6.39e+23	-8.54276e+10	-2.04652e+11	0	22340.3	-9317.11	0	6.33278e+20	1.52663e+21	0	1.898e+27	-5.54896e+10	-7.70648e+11	0	13033.2	-943.469	0	3.04941e+22	4.15892e+23	0	5.683e+26	-3.9827e+11	1.39377e+12	0	-9222.85	-2558.4	0	9.98502e+21	-3.47138e+22	0	8.681e+25	2.28351e+12	1.74649e+12	0	-4136.27	5402.42	0	-1.11236e+21	-8.49073e+20	0	1.024e+26	4.247e+12	1.47106e+12	0	-1784.14	5130.73	0	-6.37668e+20	-2.20206e+20	0	7.342e+22	-4.67105e+09	-1.4502e+11	0	30047	-300.736	0	-1.68996e+20	4.91717e+20	0	
10	1.9891e+30	1.33892e+09	4.63706e+09	0	-9.67638	16.807	0	-6.60486e+22	-4.38691e+23	0	3.285e+23	1.45282e+10	-5.25317e+10	0	46302.1	11036.3	0	-2.84802e+21	1.23446e+22	0	4.867e+24	-1.03621e+11	-1.43199e+10	0	6243.15	-34791.6	0	5.5892e+22	1.00937e+22	0	5.972e+24	5.3397e+10	-1.35641e+11	0	27902.5	10382.1	0	-1.22384e+22	3.30137e+22	0	6.39e+23	-3.91125e+10	-2.18386e+11	0	23797.8	-4366.95	0	2.94688e+20	1.6244e+21	0	1.898e+27	-2.93961e+10	-7.72097e+11	0	13057.9	-504.774	0	1.64854e+22	4.16673e+23	0	5.683e+26	-4.1668e+11	1.38853e+12	0	-9186.91	-2680.32	0	1.04416e+22	-3.45717e+22	0	8.681e+25	2.27521e+12	1.75727e+12	0	-4161.85	5382.8	0	-1.10835e+21	-8.54345e+20	0	1.024e+26	4.24342e+12	1.48132e+12	0	-1796.59	5126.42	0	-6.37141e+20	-2.21747e+20	0	7.342e+22	5.35527e+10	-1.35989e+11	0	28848.7	10791.5	0	-2.33155e+20	5.90029e+20	0	
10	1.9891e+30	1.31952e+09	4.67022e+09	0	-9.71512	16.3584	0	-1.25103e+22	-4.47783e+23	0	3.285e+23	5.72185e+10	2.14395e+10	0	-13668.1	45882.7	0	-1.22641e+22	-3.6792e+21	0	4.867e+24	-6.99042e+10	-7.49491e+10	0	26218.8	-23623.6	0	3.77472e+22	4.21954e+22	0	5.972e+24	1.03692e+11	-1.04437e+11	0	21700.3	20408.6	0	-2.43205e+22	2.56442e+22	0	6.39e+23	9.04076e+09	-2.21991e+11	0	24172.3	773.82	0	-5.61532e+19	1.64805e+21	0	1.898e+27	-3.26782e+09	-7.72667e+11	0	13067.9	-65.5049	0	2.459e+21	4.16982e+23	0	5.683e+26	-4.35016e+11	1.38305e+12	0	-9149.36	-2801.73	0	1.0896e+22	-3.44237e+22	0	8.681e+25	2.26686e+12	1.76802e+12	0	-4187.34	5363.06	0	-1.10432e+21	-8.596e+20	0	1.024e+26	4.23981e+12	1.49157e+12	0	-1809.03	5122.07	0	-6.36611e+20	-2.23288e+20	0	7.342e+22	1.03529e+11	-1.04782e+11	0	22621.9	19963.4	0	-2.10255e+20	4.99925e+20	0	
10	1.9891e+30	1.3001e+09	4.70249e+09	0	-9.70715	15.9113	0	2.68582e+22	-4.41965e+23	0	3.285e+23	-1.87818e+10	6.007e+10	0	-44698.8	-15849.2	0	4.28654e+21	-1.18184e+22	0	4.867e+24	-6.25821e+09	-1.02174e+11	0	35095.5	-2642.56	0	3.97046e+21	5.61405e+22	0	5.972e+24	1.37969e+11	-5.6166e+10	0	12105.5	27244	0	-3.25588e+22	1.43549e+22	0	6.39e+23	5.68445e+10	-2.15319e+11	0	23450.4	5871.41	0	-4.03241e+20	1.59699e+21	0	1.898e+27	2.28656e+10	-7.72359e+11	0	13063.1	373.841	0	-1.15692e+22	4.16818e+23	0	5.683e+26	-4.53276e+11	1.37732e+12	0	-9110.22	-2922.6	0	1.13483e+22	-3.42697e+22	0	8.681e+25	2.25846e+12	1.77872e+12	0	-4212.73	5343.19	0	-1.10026e+21	-8.64835e+20	0	1.024e+26	4.23618e+12	1.5018e+12	0	-1821.46	5117.7	0	-6.36077e+20	-2.24826e+20	0	7.342e+22	1.37608e+11	-5.62617e+10	0	12354.9	26225.3	0	-1.95927e+20	2.32374e+20	0	
10	1.9891e+30	1.28072e+09	4.73387e+09	0	-9.65903	15.4696	0	7.13706e+22	-4.34422e+23	0	3.285e+23	-5.37319e+10	-1.70056e+10	0	17451.3	-43853.2	0	1.15911e+22	4.58043e+21	0	4.867e+24	6.0581e+10	-8.49009e+10	0	29341.8	19258.4	0	-3.08629e+22	4.66493e+22	0	5.972e+24	1.50854e+11	1.62908e+09	0	615.333	29811.9	0	-3.55793e+22	8.63151e+20	0	6.39e+23	1.02134e+11	-1.98687e+11	0	21668.4	10695.6	0	-7.30953e+20	1.47405e+21	0	1.898e+27	4.89747e+10	-7.71172e+11	0	13043.5	812.765	0	-2.55832e+22	4.16182e+23	0	5.683e+26	-4.71456e+11	1.37136e+12	0	-9069.49	-3042.93	0	1.17983e+22	-3.41098e+22	0	8.681e+25	2.25001e+12	1.78939e+12	0	-4238.03	5323.21	0	-1.09618e+21	-8.70052e+20	0	1.024e+26	4.23253e+12	1.51204e+12	0	-1833.88	5113.29	0	-6.3554e+20	-2.26364e+20	0	7.342e+22	1.5056e+11	1.85925e+09	0	-12.0086	28972.3	0	-2.71935e+20	-1.20873e+20	0	
10	1.9891e+30	1.26149e+09	4.76438e+09	0	-9.56125	15.0477	0	1.21158e+23	-3.98014e+23	0	3.285e+23	2.49026e+10	-4.88504e+10	0	43479.1	19526.9	0	-5.12446e+21	1.16215e+22	0	4.867e+24	1.02971e+11	-3.06042e+10	0	11549.7	33081.5	0	-5.26277e+22	1.82999e+22	0	5.972e+24	1.40328e+11	5.99109e+10	0	-10977.8	27710.8	0	-3.29372e+22	-1.28593e+22	0	6.39e+23	1.42866e+11	-1.72863e+11	0	18910.3	15029.9	0	-1.02475e+21	1.2852e+21	0	1.898e+27	7.50298e+10	-7.69108e+11	0	13009.2	1250.77	0	-3.95672e+22	4.15075e+23	0	5.683e+26	-4.89553e+11	1.36515e+12	0	-9027.18	-3162.68	0	1.22459e+22	-3.39441e+22	0	8.681e+25	2.24151e+12	1.80002e+12	0	-4263.24	5303.1	0	-1.09207e+21	-8.75251e+20	0	1.024e+26	4.22885e+12	1.52226e+12	0	-1846.29	5108.85	0	-6.34999e+20	-2.27901e+20	0	7.342e+22	1.40312e+11	6.02931e+10	0	-11995.2	27659.8	0	-3.95649e+20	-3.61021e+20	0	
10	1.9891e+30	1.2425e+09	4.7941e+09	0	-9.42823	14.6803	0	1.33704e+23	-3.31318e+23	0	3.285e+23	5.29871e+10	3.18446e+10	0	-22030.8	42477.8	0	-1.13359e+22	-5.92613e+21	0	4.867e+24	1.03606e+11	3.82273e+10	0	-10936.5	33295.2	0	-5.29646e+22	-1.72995e+22	0	5.972e+24	1.08037e+11	1.09564e+11	0	-20860.1	21275.6	0	-2.51405e+22	-2.467e+22	0	6.39e+23	1.77208e+11	-1.39023e+11	0	15302.7	18681	0	-1.27178e+21	1.03922e+21	0	1.898e+27	1.01002e+11	-7.6617e+11	0	12960.1	1687.36	0	-5.35052e+22	4.13497e+23	0	5.683e+26	-5.07564e+11	1.35871e+12	0	-8983.3	-3281.84	0	1.26912e+22	-3.37725e+22	0	8.681e+25	2.23296e+12	1.8106e+12	0	-4288.35	5282.88	0	-1.08794e+21	-8.8043e+20	0	1.024e+26	4.22514e+12	1.53247e+12	0	-1858.68	5104.39	0	-6.34455e+20	-2.29436e+20	0	7.342e+22	1.08315e+11	1.09827e+11	0	-21572	22015.1	0	-4.54376e+20	-4.40762e+20	0	
10	1.9891e+30	1.22377e+09	4.82314e+09	0	-9.30994	14.3732	0	9.66313e+22	-2.87575e+23	0	3.285e+23	-2.88196e+10	5.55645e+10	0	-40915.5	-23860.6	0	6.3895e+21	-1.07915e+22	0	4.867e+24	6.22163e+10	9.33179e+10	0	-28988.1	19813.3	0	-3.17416e+22	-4.60541e+22	0	5.972e+24	5.90353e+10	1.42823e+11	0	-27482.7	11519.8	0	-1.34895e+22	-3.2683e+22	0	6.39e+23	2.03618e+11	-9.8702e+10	0	11009.3	21487.2	0	-1.46135e+21	7.47305e+20	0	1.898e+27	1.26861e+11	-7.6236e+11	0	12896.4	2122.04	0	-6.73814e+22	4.11451e+23	0	5.683e+26	-5.25485e+11	1.35203e+12	0	-8937.85	-3400.38	0	1.3134e+22	-3.35952e+22	0	8.681e+25	2.22436e+12	1.82115e+12	0	-4313.37	5262.54	0	-1.08378e+21	-8.85591e+20	0	1.024e+26	4.22141e+12	1.54268e+12	0	-1871.07	5099.89	0	-6.33907e+20	-2.30971e+20	0	7.342e+22	5.9421e+10	1.42789e+11	0	-27396.7	12521.9	0	-3.63304e+20	-3.83399e+20	0	
10	1.9891e+30	1.20523e+09	4.8516e+09	0	-9.23422	14.086	0	5.73905e+22	-2.89426e+23	0	3.285e+23	-4.88296e+10	-2.6635e+10	0	25299.5	-39878.8	0	1.05609e+22	6.64583e+21	0	4.867e+24	-4.31955e+09	1.11857e+11	0	-35157.9	-1973.14	0	2.90205e+21	-5.62026e+22	0	5.972e+24	9.91316e+08	1.54491e+11	0	-29805.5	-27.1436	0	1.71406e+20	-3.55684e+22	0	6.39e+23	2.20915e+11	-5.37203e+10	0	6223.49	23324.7	0	-1.58535e+21	4.22479e+20	0	1.898e+27	1.52578e+11	-7.57683e+11	0	12818.2	2554.33	0	-8.11799e+22	4.0894e+23	0	5.683e+26	-5.43314e+11	1.34511e+12	0	-8890.86	-3518.29	0	1.35743e+22	-3.34121e+22	0	8.681e+25	2.21571e+12	1.83165e+12	0	-4338.29	5242.07	0	-1.0796e+21	-8.90732e+20	0	1.024e+26	4.21766e+12	1.55287e+12	0	-1883.44	5095.37	0	-6.33355e+20	-2.32504e+20	0	7.342e+22	1.22006e+09	1.54186e+11	0	-28969	568.923	0	-1.20869e+20	-2.75997e+20	0	
10	1.9891e+30	1.18681e+09	4.87948e+09	0	-9.18636	13.7864	0	4.05838e+22	-3.06248e+23	0	3.285e+23	3.44418e+10	-4.32811e+10	0	39102.5	27356.5	0	-7.23402e+21	1.04764e+22	0	4.867e+24	-6.85093e+10	8.58466e+10	0	-26684.4	-23118.5	0	3.69321e+22	-4.29044e+22	0	5.972e+24	-5.70181e+10	1.42751e+11	0	-27462.6	-11560.1	0	1.37186e+22	-3.28121e+22	0	6.39e+23	2.28325e+11	-6.10369e+09	0	1159.44	24112.6	0	-1.6385e+21	7.90941e+19	0	1.898e+27	1.78124e+11	-7.52144e+11	0	12725.4	2983.72	0	-9.48852e+22	4.05965e+23	0	5.683e+26	-5.61048e+11	1.33795e+12	0	-8842.32	-3635.55	0	1.40119e+22	-3.32234e+22	0	8.681e+25	2.20701e+12	1.84212e+12	0	-4363.12	5221.49	0	-1.0754e+21	-8.95854e+20	0	1.024e+26	4.21388e+12	1.56306e+12	0	-1895.81	5090.81	0	-6.328e+20	-2.34036e+20	0	7.342e+22	-5.71082e+10	1.42384e+11	0	-26455.8	-11808.3	0	2.19545e+20	-2.03009e+20	0	
10	1.9891e+30	1.16848e+09	4.90674e+09	0	-9.15222	13.4706	0	2.60326e+22	-3.23959e+23	0	3.285e+23	4.69057e+10	4.12697e+10	0	-29590.2	37559.8	0	-9.9982e+21	-7.94904e+21	0	4.867e+24	-1.03415e+11	2.58698e+10	0	-6928.49	-34666.8	0	5.56828e+22	-1.11617e+22	0	5.972e+24	-1.05928e+11	1.0945e+11	0	-20821.3	-21281.7	0	2.5144e+22	-2.48176e+22	0	6.39e+23	2.25517e+11	4.20062e+10	0	-3956.77	23816.3	0	-1.61855e+21	-2.6777e+20	0	1.898e+27	2.0347e+11	-7.4575e+11	0	12618.2	3409.73	0	-1.08482e+23	4.02531e+23	0	5.683e+26	-5.78682e+11	1.33056e+12	0	-8792.24	-3752.13	0	1.44468e+22	-3.30289e+22	0	8.681e+25	2.19826e+12	1.85254e+12	0	-4387.84	5200.8	0	-1.07117e+21	-9.00957e+20	0	1.024e+26	4.21008e+12	1.57323e+12	0	-1908.16	5086.22	0	-6.32241e+20	-2.35567e+20	0	7.342e+22	-1.06264e+11	1.09281e+11	0	-20369.8	-22212.4	0	4.95773e+20	-2.10197e+20	0	
10	1.9891e+30	1.15019e+09	4.93334e+09	0	-9.13239	13.1257	0	1.80009e+22	-3.66983e+23	0	3.285e+23	-3.78098e+10	4.92837e+10	0	-35725.5	-31015.8	0	8.25892e+21	-9.40164e+21	0	4.867e+24	-9.42209e+10	-4.29377e+10	0	15776.8	-31614.1	0	5.071e+22	2.54527e+22	0	5.972e+24	-1.38098e+11	5.98044e+10	0	-10925.3	-27678.6	0	3.27359e+22	-1.2886e+22	0	6.39e+23	2.12615e+11	8.84461e+10	0	-8896.84	22448.8	0	-1.52634e+21	-6.02899e+20	0	1.898e+27	2.28587e+11	-7.38508e+11	0	12496.8	3831.88	0	-1.21954e+23	3.98641e+23	0	5.683e+26	-5.96216e+11	1.32294e+12	0	-8740.63	-3868.02	0	1.4879e+22	-3.28289e+22	0	8.681e+25	2.18945e+12	1.86292e+12	0	-4412.47	5179.98	0	-1.06691e+21	-9.06041e+20	0	1.024e+26	4.20625e+12	1.5834e+12	0	-1920.51	5081.61	0	-6.31679e+20	-2.37097e+20	0	7.342e+22	-1.38435e+11	5.99624e+10	0	-11364.2	-28638.7	0	5.94359e+20	-2.48682e+20	0	
10	1.9891e+30	1.13196e+09	4.95921e+09	0	-9.10064	12.7288	0	5.37727e+22	-4.19909e+23	0	3.285e+23	-4.21976e+10	-3.51888e+10	0	32289.9	-34517.5	0	9.16753e+21	8.49429e+21	0	4.867e+24	-4.48544e+10	-9.16052e+10	0	31764.2	-15293	0	2.42848e+22	5.09926e+22	0	5.972e+24	-1.48508e+11	1.58351e+09	0	671.852	-29753.9	0	3.53309e+22	9.91775e+20	0	6.39e+23	1.90194e+11	1.31126e+11	0	-13440	20070.1	0	-1.3658e+21	-9.11536e+20	0	1.898e+27	2.53448e+11	-7.30426e+11	0	12361.3	4249.7	0	-1.35287e+23	3.94301e+23	0	5.683e+26	-6.13644e+11	1.31509e+12	0	-8687.51	-3983.19	0	1.53083e+22	-3.26232e+22	0	8.681e+25	2.18061e+12	1.87326e+12	0	-4437	5159.05	0	-1.06264e+21	-9.11105e+20	0	1.024e+26	4.20239e+12	1.59356e+12	0	-1932.84	5076.96	0	-6.31113e+20	-2.38625e+20	0	7.342e+22	-1.48599e+11	1.95463e+09	0	-311.854	-30020.6	0	4.82285e+20	-1.85888e+20	0	
10	1.9891e+30	1.11383e+09	4.98423e+09	0	-9.01212	12.2952	0	1.23819e+23	-4.33187e+23	0	3.285e+23	4.28004e+10	-3.601e+10	0	33317.4	34237.6	0	-9.09618e+21	8.94504e+21	0	4.867e+24	2.3793e+10	-9.98839e+10	0	34389	7277.63	0	-1.18634e+22	5.48569e+22	0	5.972e+24	-1.35533e+11	-5.6108e+10	0	12155.7	-27178.6	0	3.24155e+22	1.46048e+22	0	6.39e+23	1.59255e+11	1.68121e+11	0	-17382.2	16784.8	0	-1.14376e+21	-1.17998e+21	0	1.898e+27	2.78023e+11	-7.21512e+11	0	12211.8	4662.71	0	-1.48465e+23	3.89514e+23	0	5.683e+26	-6.30965e+11	1.30701e+12	0	-8632.89	-4097.63	0	1.57347e+22	-3.2412e+22	0	8.681e+25	2.17171e+12	1.88355e+12	0	-4461.44	5138	0	-1.05833e+21	-9.1615e+20	0	1.024e+26	4.19852e+12	1.60371e+12	0	-1945.16	5072.29	0	-6.30544e+20	-2.40153e+20	0	7.342e+22	-1.35317e+11	-5.57897e+10	0	11314.4	-26605.1	0	2.88116e+20	1.43735e+19	0	
10	1.9891e+30	1.09595e+09	5.0084e+09	0	-8.85888	11.8734	0	1.74228e+23	-4.02157e+23	0	3.285e+23	3.91921e+10	4.93835e+10	0	-36074.8	31314	0	-8.30484e+21	-9.67371e+21	0	4.867e+24	8.30769e+10	-6.46561e+10	0	22780.7	26657.1	0	-4.2539e+22	3.61472e+22	0	5.972e+24	-1.01202e+11	-1.04251e+11	0	21734.1	-20349.7	0	2.4383e+22	2.58565e+22	0	6.39e+23	1.21184e+11	1.97756e+11	0	-20545.4	12738.3	0	-8.69776e+20	-1.39613e+21	0	1.898e+27	3.02285e+11	-7.11778e+11	0	12048.4	5070.44	0	-1.61474e+23	3.84287e+23	0	5.683e+26	-6.48175e+11	1.2987e+12	0	-8576.77	-4211.32	0	1.61582e+22	-3.21954e+22	0	8.681e+25	2.16276e+12	1.89381e+12	0	-4485.77	5116.83	0	-1.05401e+21	-9.21175e+20	0	1.024e+26	4.19461e+12	1.61385e+12	0	-1957.47	5067.58	0	-6.29971e+20	-2.41679e+20	0	7.342e+22	-1.00819e+11	-1.04203e+11	0	21602	-19344.1	0	1.03044e+20	2.94807e+20	0	
10	1.9891e+30	1.07842e+09	5.03175e+09	0	-8.67288	11.4852	0	1.93295e+23	-3.72813e+23	0	3.285e+23	-4.54476e+10	4.14537e+10	0	-29315	-37075.9	0	9.83576e+21	-7.69977e+21	0	4.867e+24	1.08631e+11	-7.28641e+08	0	1873.72	34982.1	0	-5.56156e+22	2.97768e+21	0	5.972e+24	-5.08794e+10	-1.35317e+11	0	27914.5	-10330.4	0	1.24414e+22	3.30643e+22	0	6.39e+23	7.76895e+10	2.18685e+11	0	-22785.1	8110.41	0	-5.55775e+20	-1.55007e+21	0	1.898e+27	3.26208e+11	-7.01234e+11	0	11871.5	5472.43	0	-1.74299e+23	3.78626e+23	0	5.683e+26	-6.65271e+11	1.29017e+12	0	-8519.16	-4324.23	0	1.65786e+22	-3.19732e+22	0	8.681e+25	2.15376e+12	1.90402e+12	0	-4510	5095.55	0	-1.04966e+21	-9.2618e+20	0	1.024e+26	4.19069e+12	1.62398e+12	0	-1969.77	5062.85	0	-6.29395e+20	-2.43204e+20	0	7.342e+22	-5.05884e+10	-1.35566e+11	0	28595.4	-9574.62	0	-1.57252e+18	5.37424e+20	0	
10	1.9891e+30	1.06127e+09	5.05435e+09	0	-8.46973	11.1202	0	2.12059e+23	-3.52474e+23	0	3.285e+23	-3.4064e+10	-4.23661e+10	0	38180.2	-27945.9	0	7.4536e+21	1.00625e+22	0	4.867e+24	9.00512e+10	6.55639e+10	0	-19797.8	28942.2	0	-4.61366e+22	-3.1372e+22	0	5.972e+24	7.56852e+09	-1.44444e+11	0	29734.7	1313.73	0	-1.54383e+21	3.51611e+22	0	6.39e+23	3.07295e+10	2.29947e+11	0	-23997.2	3107.96	0	-2.15589e+20	-1.63446e+21	0	1.898e+27	3.49762e+11	-6.89893e+11	0	11681.2	5868.24	0	-1.86925e+23	3.72536e+23	0	5.683e+26	-6.8225e+11	1.28141e+12	0	-8460.08	-4436.36	0	1.69959e+22	-3.17457e+22	0	8.681e+25	2.14472e+12	1.91419e+12	0	-4534.13	5074.16	0	-1.04529e+21	-9.31165e+20	0	1.024e+26	4.18673e+12	1.6341e+12	0	-1982.05	5058.08	0	-6.28815e+20	-2.44727e+20	0	7.342e+22	7.55936e+09	-1.44817e+11	0	30784.5	1278.17	0	-1.36163e+19	6.42064e+20	0	
10	1.9891e+30	1.04455e+09	5.07625e+09	0	-8.24724	10.7816	0	2.27095e+23	-3.17954e+23	0	3.285e+23	4.96751e+10	-2.72894e+10	0	26326.1	39915.6	0	-1.06386e+22	7.08036e+21	0	4.867e+24	3.48809e+10	1.06945e+11	0	-33408.9	10932.9	0	-1.76761e+22	-5.32175e+22	0	5.972e+24	6.49989e+10	-1.30196e+11	0	26911.1	12757.4	0	-1.52972e+22	3.18863e+22	0	6.39e+23	-1.75743e+10	2.31016e+11	0	-24123.3	-2043.8	0	1.35583e+20	-1.64501e+21	0	1.898e+27	3.72923e+11	-6.77766e+11	0	11477.7	6257.4	0	-1.99338e+23	3.66026e+23	0	5.683e+26	-6.9911e+11	1.27242e+12	0	-8399.54	-4547.67	0	1.741e+22	-3.15128e+22	0	8.681e+25	2.13563e+12	1.92432e+12	0	-4558.17	5052.65	0	-1.04089e+21	-9.36131e+20	0	1.024e+26	4.18276e+12	1.64421e+12	0	-1994.33	5053.29	0	-6.28232e+20	-2.4625e+20	0	7.342e+22	6.46997e+10	-1.30426e+11	0	27544.2	11942.1	0	-2.20579e+19	5.18852e+20	0	
10	1.9891e+30	1.02828e+09	5.0975e+09	0	-8.02488	10.4809	0	2.09284e+23	-2.84678e+23	0	3.285e+23	3.01249e+10	5.59037e+10	0	-41256.7	23973.2	0	-6.32239e+21	-1.10397e+22	0	4.867e+24	-3.42656e+10	1.0611e+11	0	-33234.1	-11769.8	0	1.86142e+22	-5.32745e+22	0	5.972e+24	1.12423e+11	-9.47906e+10	0	19879.5	22204.5	0	-2.65689e+22	2.3686e+22	0	6.39e+23	-6.5032e+10	2.21827e+11	0	-23153.7	-7111.27	0	4.81824e+20	-1.58072e+21	0	1.898e+27	3.95664e+11	-6.64868e+11	0	11261.2	6639.48	0	-2.11523e+23	3.59103e+23	0	5.683e+26	-7.15847e+11	1.26322e+12	0	-8337.55	-4658.15	0	1.78209e+22	-3.12745e+22	0	8.681e+25	2.12649e+12	1.9344e+12	0	-4582.1	5031.02	0	-1.03647e+21	-9.41076e+20	0	1.024e+26	4.17876e+12	1.65431e+12	0	-2006.59	5048.46	0	-6.27645e+20	-2.47771e+20	0	7.342e+22	1.12057e+11	-9.47099e+10	0	19652.4	21184.2	0	-1.21889e+20	2.47514e+20	0	
10	1.9891e+30	1.01243e+09	5.11818e+09	0	-7.83014	10.1942	0	1.81283e+23	-2.93276e+23	0	3.285e+23	-5.1472e+10	3.23521e+10	0	-21907.7	-41840.4	0	1.10712e+22	-5.74481e+21	0	4.867e+24	-8.862e+10	6.3072e+10	0	-19119.3	-29716.3	0	4.76254e+22	-3.07935e+22	0	5.972e+24	1.42416e+11	-4.37575e+10	0	9732.83	28173.6	0	-3.35637e+22	1.17511e+22	0	6.39e+23	-1.09484e+11	2.02781e+11	0	-21129	-11863.1	0	8.07221e+20	-1.444e+21	0	1.898e+27	4.1796e+11	-6.51213e+11	0	11032	7014.06	0	-2.23468e+23	3.51774e+23	0	5.683e+26	-7.32459e+11	1.25379e+12	0	-8274.11	-4767.79	0	1.82285e+22	-3.1031e+22	0	8.681e+25	2.1173e+12	1.94444e+12	0	-4605.92	5009.28	0	-1.03202e+21	-9.46001e+20	0	1.024e+26	4.17473e+12	1.66441e+12	0	-2018.85	5043.61	0	-6.27055e+20	-2.49291e+20	0	7.342e+22	1.42249e+11	-4.34164e+10	0	8821.16	27695.2	0	-3.23986e+20	-4.00807e+19	0	
10	1.9891e+30	9.96954e+08	5.13826e+09	0	-7.64697	9.88311	0	1.90818e+23	-3.24814e+23	0	3.285e+23	-2.47063e+10	-4.79093e+10	0	42761.4	-20381.6	0	5.47259e+21	1.12945e+22	0	4.867e+24	-1.05239e+11	-4.33588e+09	0	3115.93	-35217.7	0	5.65725e+22	5.04452e+21	0	5.972e+24	1.50281e+11	1.49252e+10	0	-1945.63	29733.1	0	-3.52722e+22	-2.13723e+21	0	6.39e+23	-1.48903e+11	1.7473e+11	0	-18138.4	-16080.8	0	1.09663e+21	-1.2407e+21	0	1.898e+27	4.39784e+11	-6.36817e+11	0	10790.3	7380.7	0	-2.35159e+23	3.44047e+23	0	5.683e+26	-7.48943e+11	1.24415e+12	0	-8209.25	-4876.56	0	1.86326e+22	-3.07823e+22	0	8.681e+25	2.10806e+12	1.95444e+12	0	-4629.65	4987.43	0	-1.02756e+21	-9.50906e+20	0	1.024e+26	4.17068e+12	1.67449e+12	0	-2031.09	5038.72	0	-6.26461e+20	-2.50809e+20	0	7.342e+22	1.50426e+11	1.52835e+10	0	-2879.77	30112.5	0	-5.07062e+20	-2.10781e+20	0	
10	1.9891e+30	9.81864e+08	5.1577e+09	0	-7.43581	9.55024	0	2.30337e+23	-3.30798e+23	0	3.285e+23	5.48164e+10	-1.7423e+10	0	18377	44178	0	-1.18e+22	4.9494e+21	0	4.867e+24	-7.70558e+10	-6.77533e+10	0	24017.1	-25880.1	0	4.13925e+22	3.86719e+22	0	5.972e+24	1.34784e+11	7.20777e+10	0	-13326.6	26643.7	0	-3.14934e+22	-1.57798e+22	0	6.39e+23	-1.81482e+11	1.38943e+11	0	-14316.3	-19569.6	0	1.3364e+21	-9.79887e+20	0	1.898e+27	4.61113e+11	-6.21695e+11	0	10536.5	7739	0	-2.46583e+23	3.35933e+23	0	5.683e+26	-7.65295e+11	1.23428e+12	0	-8142.97	-4984.45	0	1.90334e+22	-3.05283e+22	0	8.681e+25	2.09878e+12	1.96439e+12	0	-4653.27	4965.47	0	-1.02307e+21	-9.55791e+20	0	1.024e+26	4.16661e+12	1.68456e+12	0	-2043.32	5033.81	0	-6.25864e+20	-2.52327e+20	0	7.342e+22	1.35146e+11	7.22059e+10	0	-13665.6	27608.8	0	-5.74614e+20	-2.59952e+20	0	
10	1.9891e+30	9.67235e+08	5.17647e+09	0	-7.18891	9.22681	0	2.5693e+23	-3.11675e+23	0	3.285e+23	2.00299e+10	6.06088e+10	0	-44958.5	15808.1	0	-4.12717e+21	-1.20016e+22	0	4.867e+24	-1.60617e+10	-1.0056e+11	0	34737.5	-5760.36	0	8.95731e+21	5.5612e+22	0	5.972e+24	9.83512e+10	1.18758e+11	0	-22624.8	19393.2	0	-2.28791e+22	-2.69841e+22	0	6.39e+23	-2.05728e+11	9.70462e+10	0	-9836.66	-22167.1	0	1.51515e+21	-6.73461e+20	0	1.898e+27	4.81922e+11	-6.05866e+11	0	10270.7	8088.54	0	-2.57726e+23	3.2744e+23	0	5.683e+26	-7.81514e+11	1.22421e+12	0	-8075.29	-5091.43	0	1.94306e+22	-3.02693e+22	0	8.681e+25	2.08945e+12	1.9743e+12	0	-4676.79	4943.39	0	-1.01855e+21	-9.60655e+20	0	1.024e+26	4.16251e+12	1.69462e+12	0	-2055.54	5028.87	0	-6.25264e+20	-2.53843e+20	0	7.342e+22	9.86878e+10	1.18573e+11	0	-22124.8	20274.9	0	-4.57644e+20	-2.33957e+20	0	
10	1.9891e+30	9.53121e+08	5.19462e+09	0	-6.92237	8.9207	0	2.74432e+23	-2.98514e+23	0	3.285e+23	-5.56799e+10	2.23012e+10	0	-13759	-45153.3	0	1.19278e+22	-3.60293e+21	0	4.867e+24	5.20768e+10	-8.92941e+10	0	30946.1	16583	0	-2.66382e+22	4.92344e+22	0	5.972e+24	4.66832e+10	1.47665e+11	0	-28379.9	9117.09	0	-1.07797e+22	-3.39217e+22	0	6.39e+23	-2.20526e+11	5.095e+10	0	-4904.58	-23752.5	0	1.62431e+21	-3.35598e+20	0	1.898e+27	5.02188e+11	-5.89347e+11	0	9993.42	8428.94	0	-2.68576e+23	3.18577e+23	0	5.683e+26	-7.97596e+11	1.21392e+12	0	-8006.21	-5197.49	0	1.98243e+22	-3.00051e+22	0	8.681e+25	2.08007e+12	1.98417e+12	0	-4700.2	4921.2	0	-1.01402e+21	-9.65499e+20	0	1.024e+26	4.15838e+12	1.70468e+12	0	-2067.74	5023.89	0	-6.2466e+20	-2.55357e+20	0	7.342e+22	4.67581e+10	1.47298e+11	0	-27348.7	9302.91	0	-1.76067e+20	-2.11183e+20	0	
10	1.9891e+30	9.39561e+08	5.21216e+09	0	-6.63259	8.62897	0	3.03293e+23	-2.77719e+23	0	3.285e+23	-1.4447e+10	-5.16152e+10	0	45867.9	-12079.4	0	3.28826e+21	1.21443e+22	0	4.867e+24	9.91224e+10	-3.89602e+10	0	14433	31930.7	0	-5.08333e+22	2.28693e+22	0	5.972e+24	-1.21382e+10	1.54281e+11	0	-29688.4	-2579.69	0	2.95749e+21	-3.54276e+22	0	6.39e+23	-2.25195e+11	2.76123e+09	0	252.958	-24251.6	0	1.65864e+21	1.7935e+19	0	1.898e+27	5.21888e+11	-5.72157e+11	0	9704.82	8759.81	0	-2.79121e+23	3.09356e+23	0	5.683e+26	-8.13538e+11	1.20342e+12	0	-7935.76	-5302.62	0	2.02144e+22	-2.9736e+22	0	8.681e+25	2.07065e+12	1.99399e+12	0	-4723.51	4898.91	0	-1.00946e+21	-9.70322e+20	0	1.024e+26	4.15424e+12	1.71472e+12	0	-2079.94	5018.89	0	-6.24052e+20	-2.56871e+20	0	7.342e+22	-1.23835e+10	1.53999e+11	0	-28889.6	-3253.46	0	1.76097e+20	-2.77231e+20	0	
10	1.9891e+30	9.26609e+08	5.22916e+09	0	-6.31669	8.37275	0	3.1884e+23	-2.27823e+23	0	3.285e+23	5.80365e+10	-6.75614e+09	0	9755.84	46864.1	0	-1.25336e+22	2.63033e+21	0	4.867e+24	1.0584e+11	2.95364e+10	0	-7949.99	34121.5	0	-5.42717e+22	-1.25751e+22	0	5.972e+24	-6.8916e+10	1.37581e+11	0	-26349.5	-13873.5	0	1.63185e+22	-3.13069e+22	0	6.39e+23	-2.19521e+11	-4.53157e+10	0	5398.24	-23641.3	0	1.6165e+21	3.7058e+20	0	1.898e+27	5.41e+11	-5.54315e+11	0	9405.29	9080.78	0	-2.89349e+23	2.99786e+23	0	5.683e+26	-8.29338e+11	1.19271e+12	0	-7863.94	-5406.78	0	2.06007e+22	-2.94618e+22	0	8.681e+25	2.06118e+12	2.00376e+12	0	-4746.72	4876.49	0	-1.00487e+21	-9.75125e+20	0	1.024e+26	4.15007e+12	1.72475e+12	0	-2092.12	5013.86	0	-6.23441e+20	-2.58383e+20	0	7.342e+22	-6.92948e+10	1.37585e+11	0	-26360.9	-14903.4	0	4.07384e+20	-3.86029e+20	0	
10	1.9891e+30	9.1429e+08	5.24569e+09	0	-6.00796	8.16971	0	2.88148e+23	-1.81853e+23	0	3.285e+23	9.26798e+09	6.33429e+10	0	-47057.4	7115.05	0	-1.80155e+21	-1.25296e+22	0	4.867e+24	6.94943e+10	8.80443e+10	0	-27110.6	22285.7	0	-3.56554e+22	-4.3049e+22	0	5.972e+24	-1.14776e+11	1.00186e+11	0	-18893.2	-23001	0	2.72347e+22	-2.22963e+22	0	6.39e+23	-2.03768e+11	-9.10821e+10	0	10294.2	-21950.2	0	1.49996e+21	7.05836e+20	0	1.898e+27	5.59502e+11	-5.35841e+11	0	9095.14	9391.49	0	-2.99249e+23	2.89878e+23	0	5.683e+26	-8.44993e+11	1.18179e+12	0	-7790.76	-5509.98	0	2.09833e+22	-2.91827e+22	0	8.681e+25	2.05166e+12	2.01349e+12	0	-4769.81	4853.97	0	-1.00027e+21	-9.79907e+20	0	1.024e+26	4.14587e+12	1.73477e+12	0	-2104.29	5008.8	0	-6.22827e+20	-2.59893e+20	0	7.342e+22	-1.15014e+11	1.0048e+11	0	-19688.2	-23665.8	0	4.62672e+20	-4.33476e+20	0	
10	1.9891e+30	9.02547e+08	5.26185e+09	0	-5.74211	7.99038	0	2.43125e+23	-1.82751e+23	0	3.285e+23	-5.79284e+10	1.16528e+10	0	-5146.84	-46907.2	0	1.23801e+22	-1.3449e+21	0	4.867e+24	4.89153e+09	1.12381e+11	0	-35176.7	1145.66	0	-2.09205e+21	-5.61917e+22	0	5.972e+24	-1.42553e+11	4.79509e+10	0	-8491.93	-28534.5	0	3.3955e+22	-9.90188e+21	0	6.39e+23	-1.7866e+11	-1.32447e+11	0	14715.8	-19257.5	0	1.31463e+21	1.0081e+21	0	1.898e+27	5.77373e+11	-5.16756e+11	0	8774.75	9691.58	0	-3.08809e+23	2.79644e+23	0	5.683e+26	-8.605e+11	1.17067e+12	0	-7716.25	-5612.18	0	2.13621e+22	-2.88988e+22	0	8.681e+25	2.0421e+12	2.02318e+12	0	-4792.81	4831.34	0	-9.95641e+20	-9.84668e+20	0	1.024e+26	4.14165e+12	1.74479e+12	0	-2116.45	5003.71	0	-6.2221e+20	-2.61403e+20	0	7.342e+22	-1.42485e+11	4.83319e+10	0	-9483.79	-28367.8	0	3.8219e+20	-3.17462e+20	0	
10	1.9891e+30	8.91299e+08	5.27764e+09	0	-5.50855	7.79287	0	2.27305e+23	-2.1096e+23	0	3.285e+23	-3.6414e+09	-5.33436e+10	0	47380.5	-3322.13	0	9.72542e+20	1.25772e+22	0	4.867e+24	-6.13242e+10	9.21689e+10	0	-28622.7	-20653.3	0	3.29353e+22	-4.59978e+22	0	5.972e+24	-1.47907e+11	-1.09539e+10	0	3228.15	-29605.3	0	3.5346e+22	3.9423e+21	0	6.39e+23	-1.45355e+11	-1.67527e+11	0	18461	-15688.8	0	1.0694e+21	1.26345e+21	0	1.898e+27	5.94594e+11	-4.97081e+11	0	8444.46	9980.72	0	-3.18019e+23	2.69095e+23	0	5.683e+26	-8.75857e+11	1.15934e+12	0	-7640.41	-5713.38	0	2.1737e+22	-2.861e+22	0	8.681e+25	2.03249e+12	2.03282e+12	0	-4815.69	4808.6	0	-9.90991e+20	-9.89407e+20	0	1.024e+26	4.1374e+12	1.75479e+12	0	-2128.6	4998.59	0	-6.21588e+20	-2.62911e+20	0	7.342e+22	-1.47582e+11	-1.075e+10	0	2698.74	-28731.8	0	2.6635e+20	-5.85049e+19	0	
10	1.9891e+30	8.80512e+08	5.29301e+09	0	-5.27767	7.5694	0	2.32625e+23	-2.31621e+23	0	3.285e+23	5.92167e+10	4.33313e+09	0	776.694	47871	0	-1.28092e+22	2.1072e+20	0	4.867e+24	-1.01416e+11	3.5536e+10	0	-9985.73	-33915.2	0	5.44503e+22	-1.60981e+22	0	5.972e+24	-1.30005e+11	-6.73211e+10	0	14439	-26042.4	0	3.11356e+22	1.71077e+22	0	6.39e+23	-1.05381e+11	-1.94727e+11	0	21359.7	-11409.8	0	7.75916e+20	1.46029e+21	0	1.898e+27	6.11145e+11	-4.7684e+11	0	8104.65	10258.6	0	-3.26868e+23	2.58244e+23	0	5.683e+26	-8.9106e+11	1.14782e+12	0	-7563.26	-5813.55	0	2.2108e+22	-2.83164e+22	0	8.681e+25	2.02284e+12	2.04241e+12	0	-4838.47	4785.75	0	-9.86319e+20	-9.94126e+20	0	1.024e+26	4.13313e+12	1.76478e+12	0	-2140.73	4993.44	0	-6.20964e+20	-2.64417e+20	0	7.342e+22	-1.2964e+11	-6.7434e+10	0	14744.7	-25066.6	0	1.9018e+20	2.71621e+20	0	
10	1.9891e+30	8.70192e+08	5.3079e+09	0	-5.04141	7.3259	0	2.38507e+23	-2.55783e+23	0	3.285e+23	-1.77968e+09	6.40212e+10	0	-47492.6	-1793.75	0	5.69242e+20	-1.26119e+22	0	4.867e+24	-9.83821e+10	-3.38336e+10	0	12903.9	-32906.3	0	5.28034e+22	2.08228e+22	0	5.972e+24	-9.16454e+10	-1.12341e+11	0	23394.8	-18401.4	0	2.19621e+22	2.76325e+22	0	6.39e+23	-6.05678e+10	-2.12822e+11	0	23282.1	-6618	0	4.47948e+20	1.58992e+21	0	1.898e+27	6.27007e+11	-4.56055e+11	0	7755.72	10524.9	0	-3.35347e+23	2.47102e+23	0	5.683e+26	-9.06109e+11	1.13609e+12	0	-7484.81	-5912.68	0	2.2475e+22	-2.80181e+22	0	8.681e+25	2.01314e+12	2.05196e+12	0	-4861.14	4762.8	0	-9.81625e+20	-9.98824e+20	0	1.024e+26	4.12884e+12	1.77476e+12	0	-2152.85	4988.26	0	-6.20336e+20	-2.65922e+20	0	7.342e+22	-9.1492e+10	-1.12685e+11	0	24350.6	-18004.8	0	1.83835e+20	5.29893e+20	0	
10	1.9891e+30	8.60357e+08	5.32229e+09	0	-4.7887	7.05004	0	2.71434e+23	-2.92514e+23	0	3.285e+23	-5.8144e+10	7.7707e+08	0	3638.21	-47046.5	0	1.24153e+22	9.56325e+20	0	4.867e+24	-5.3522e+10	-8.67281e+10	0	30294.2	-18068.8	0	2.8752e+22	4.86643e+22	0	5.972e+24	-3.88233e+10	-1.38974e+11	0	28700.8	-7878.31	0	9.28612e+21	3.39443e+22	0	6.39e+23	-1.29606e+10	-2.21003e+11	0	24143.7	-1533.24	0	1.00711e+20	1.64685e+21	0	1.898e+27	6.42162e+11	-4.34749e+11	0	7398.05	10779.3	0	-3.43446e+23	2.35683e+23	0	5.683e+26	-9.20999e+11	1.12417e+12	0	-7405.07	-6010.75	0	2.2838e+22	-2.77152e+22	0	8.681e+25	2.00339e+12	2.06146e+12	0	-4883.7	4739.73	0	-9.76909e+20	-1.0035e+21	0	1.024e+26	4.12452e+12	1.78473e+12	0	-2164.96	4983.05	0	-6.19705e+20	-2.67426e+20	0	7.342e+22	-3.9e+10	-1.393e+11	0	29635.4	-8376.03	0	2.16697e+20	6.04906e+20	0	
10	1.9891e+30	8.51074e+08	5.33609e+09	0	-4.48192	6.74738	0	3.42794e+23	-3.0079e+23	0	3.285e+23	7.3321e+09	-5.30229e+10	0	47233.5	5587.27	0	-1.39602e+21	1.25712e+22	0	4.867e+24	1.41537e+10	-1.01084e+11	0	34916.6	4197.22	0	-6.96614e+21	5.57368e+22	0	5.972e+24	2.02018e+10	-1.4305e+11	0	29526.6	3876.88	0	-4.77637e+21	3.50705e+22	0	6.39e+23	3.52753e+10	-2.18914e+11	0	23909.1	3612.72	0	-2.49891e+20	1.62896e+21	0	1.898e+27	6.56593e+11	-4.12946e+11	0	7032.05	11021.5	0	-3.51156e+23	2.23999e+23	0	5.683e+26	-9.35728e+11	1.11205e+12	0	-7324.06	-6107.75	0	2.31969e+22	-2.74076e+22	0	8.681e+25	1.9936e+12	2.07092e+12	0	-4906.15	4716.56	0	-9.72171e+20	-1.00816e+21	0	1.024e+26	4.12018e+12	1.7947e+12	0	-2177.06	4977.81	0	-6.1907e+20	-2.68928e+20	0	7.342e+22	1.98281e+10	-1.43119e+11	0	29729	2872.01	0	1.44307e+20	4.68162e+20	0	
10	1.9891e+30	8.42479e+08	5.34929e+09	0	-4.10177	6.4647	0	4.06966e+23	-2.53748e+23	0	3.285e+23	5.83117e+10	1.54489e+10	0	-8231.16	47159.2	0	-1.26151e+22	-2.21705e+21	0	4.867e+24	7.63512e+10	-7.1244e+10	0	25058.3	24539.3	0	-3.92099e+22	3.97729e+22	0	5.972e+24	7.61986e+10	-1.23922e+11	0	25734.9	15023.7	0	-1.79885e+22	3.07164e+22	0	6.39e+23	8.19534e+10	-2.06666e+11	0	22592.6	8586.85	0	-5.88026e+20	1.53754e+21	0	1.898e+27	6.70285e+11	-3.90671e+11	0	6658.14	11251.2	0	-3.58468e+23	2.12064e+23	0	5.683e+26	-9.50294e+11	1.09974e+12	0	-7241.8	-6203.65	0	2.35516e+22	-2.70955e+22	0	8.681e+25	1.98377e+12	2.08033e+12	0	-4928.49	4693.28	0	-9.67411e+20	-1.01279e+21	0	1.024e+26	4.11581e+12	1.80465e+12	0	-2189.14	4972.55	0	-6.18432e+20	-2.70428e+20	0	7.342e+22	7.59001e+10	-1.23685e+11	0	25098.1	14215.2	0	-6.23373e+19	2.52817e+20	0	
10	1.9891e+30	8.34695e+08	5.36199e+09	0	-3.6801	6.24246	0	4.2484e+23	-1.90351e+23	0	3.285e+23	-1.27245e+10	6.26294e+10	0	-46261.4	-10603.7	0	2.90112e+21	-1.22527e+22	0	4.867e+24	1.07466e+11	-9.82867e+09	0	4960.18	34673.8	0	-5.51365e+22	7.85393e+21	0	5.972e+24	1.20406e+11	-8.45699e+10	0	17910.6	23818.9	0	-2.83104e+22	2.14843e+22	0	6.39e+23	1.24965e+11	-1.84829e+11	0	20257.1	13165.4	0	-8.98631e+20	1.37717e+21	0	1.898e+27	6.83221e+11	-3.67949e+11	0	6276.73	11468.3	0	-3.65375e+23	1.99891e+23	0	5.683e+26	-9.64695e+11	1.08724e+12	0	-7158.3	-6298.45	0	2.3902e+22	-2.67789e+22	0	8.681e+25	1.97389e+12	2.08969e+12	0	-4950.73	4669.89	0	-9.6263e+20	-1.0174e+21	0	1.024e+26	4.11142e+12	1.81459e+12	0	-2201.22	4967.25	0	-6.1779e+20	-2.71927e+20	0	7.342e+22	1.20391e+11	-8.41845e+10	0	16899.4	23764.4	0	-3.41941e+20	6.53821e+19	0	
10	1.9891e+30	8.27761e+08	5.3743e+09	0	-3.25425	6.07486	0	4.21794e+23	-1.45703e+23	0	3.285e+23	-5.63194e+10	-9.95066e+09	0	12300.6	-45566.9	0	1.20324e+22	3.22664e+21	0	4.867e+24	9.48276e+10	5.78252e+10	0	-17151.9	30565.2	0	-4.86925e+22	-2.71712e+22	0	5.972e+24	1.45904e+11	-3.11441e+10	0	7274.75	28889.2	0	-3.42098e+22	8.78484e+21	0	6.39e+23	1.62373e+11	-1.54404e+11	0	17010.5	17143.6	0	-1.16802e+21	1.15541e+21	0	1.898e+27	6.95387e+11	-3.44806e+11	0	5888.26	11672.4	0	-3.71868e+23	1.87494e+23	0	5.683e+26	-9.78927e+11	1.07454e+12	0	-7073.57	-6392.13	0	2.42482e+22	-2.64578e+22	0	8.681e+25	1.96397e+12	2.09901e+12	0	-4972.85	4646.4	0	-9.57827e+20	-1.02199e+21	0	1.024e+26	4.10701e+12	1.82451e+12	0	-2213.28	4961.92	0	-6.17146e+20	-2.73425e+20	0	7.342e+22	1.46178e+11	-3.08734e+10	0	6576.83	29623.5	0	-5.61697e+20	-3.35489e+19	0	
10	1.9891e+30	8.21676e+08	5.38631e+09	0	-2.8316	5.94871	0	4.17783e+23	-1.03636e+23	0	3.285e+23	1.80878e+10	-5.06552e+10	0	45419.1	14335.1	0	-3.73388e+21	1.21194e+22	0	4.867e+24	4.35653e+10	1.03901e+11	0	-32289.3	13840.4	0	-2.22996e+22	-5.13981e+22	0	5.972e+24	1.48701e+11	2.7998e+10	0	-4505.93	29444.2	0	-3.48137e+22	-5.37362e+21	0	6.39e+23	1.92497e+11	-1.16773e+11	0	13001	20344.5	0	-1.38444e+21	8.82412e+20	0	1.898e+27	7.06769e+11	-3.21268e+11	0	5493.17	11863.4	0	-3.7794e+23	1.74887e+23	0	5.683e+26	-9.92988e+11	1.06167e+12	0	-6987.63	-6484.67	0	2.45901e+22	-2.61323e+22	0	8.681e+25	1.954e+12	2.10828e+12	0	-4994.86	4622.8	0	-9.53002e+20	-1.02656e+21	0	1.024e+26	4.10257e+12	1.83443e+12	0	-2225.32	4956.57	0	-6.16497e+20	-2.74921e+20	0	7.342e+22	1.49078e+11	2.79641e+10	0	-4405.17	30476	0	-6.31676e+20	-4.69618e+19	0	
10	1.9891e+30	8.16426e+08	5.39812e+09	0	-2.42212	5.86858	0	3.90506e+23	-5.75637e+22	0	3.285e+23	5.53558e+10	2.61946e+10	0	-16937.7	44757.5	0	-1.19597e+22	-4.56041e+21	0	4.867e+24	-2.53436e+10	1.09197e+11	0	-34130.6	-8768.95	0	1.37807e+22	-5.4677e+22	0	5.972e+24	1.28356e+11	8.36004e+10	0	-15581.2	25399.1	0	-3.0078e+22	-1.86825e+22	0	6.39e+23	2.13987e+11	-7.3639e+10	0	8409.41	22626.7	0	-1.53855e+21	5.7044e+20	0	1.898e+27	7.17355e+11	-2.97362e+11	0	5091.91	12040.9	0	-3.83585e+23	1.62084e+23	0	5.683e+26	-1.00688e+12	1.04861e+12	0	-6900.5	-6576.06	0	2.49277e+22	-2.58026e+22	0	8.681e+25	1.94399e+12	2.1175e+12	0	-5016.76	4599.1	0	-9.48156e+20	-1.03111e+21	0	1.024e+26	4.09811e+12	1.84434e+12	0	-2237.36	4951.18	0	-6.15846e+20	-2.76416e+20	0	7.342e+22	1.28575e+11	8.3291e+10	0	-14736.2	25983.5	0	-4.89323e+20	-6.03539e+19	0	
10	1.9891e+30	8.11958e+08	5.40981e+09	0	-2.05571	5.82052	0	3.37849e+23	-4.70324e+22	0	3.285e+23	-2.31839e+10	5.92277e+10	0	-43419.6	-19009.2	0	5.11465e+21	-1.14711e+22	0	4.867e+24	-8.32871e+10	7.11708e+10	0	-21683	-27893	0	4.46588e+22	-3.49205e+22	0	5.972e+24	8.80544e+10	1.26962e+11	0	-24211.9	17385.1	0	-2.07055e+22	-2.89761e+22	0	6.39e+23	2.25883e+11	-2.6947e+10	0	3441.99	23889.3	0	-1.62375e+21	2.33364e+20	0	1.898e+27	7.27133e+11	-2.73114e+11	0	4684.93	12204.9	0	-3.88797e+23	1.49099e+23	0	5.683e+26	-1.02059e+12	1.03536e+12	0	-6812.18	-6666.28	0	2.52608e+22	-2.54685e+22	0	8.681e+25	1.93393e+12	2.12667e+12	0	-5038.55	4575.29	0	-9.4329e+20	-1.03563e+21	0	1.024e+26	4.09362e+12	1.85424e+12	0	-2249.38	4945.77	0	-6.1519e+20	-2.77908e+20	0	7.342e+22	8.79553e+10	1.26604e+11	0	-23196.5	17096.1	0	-1.98812e+20	-1.50786e+20	0	
10	1.9891e+30	8.08173e+08	5.42139e+09	0	-1.73352	5.75871	0	3.11093e+23	-7.97839e+22	0	3.285e+23	-5.2515e+10	-2.01561e+10	0	20547.6	-42514.7	0	1.12421e+22	5.39247e+21	0	4.867e+24	-1.05839e+11	5.50705e+09	0	-32.2715	-35363.4	0	5.6808e+22	-4.57596e+19	0	5.972e+24	3.41019e+10	1.51302e+11	0	-29045.7	6651.86	0	-8.06809e+21	-3.45994e+22	0	6.39e+23	2.27652e+11	2.12004e+10	0	-1679.12	24076.9	0	-1.63641e+21	-1.13947e+20	0	1.898e+27	7.36091e+11	-2.48551e+11	0	4272.68	12355.1	0	-3.93569e+23	1.35949e+23	0	5.683e+26	-1.03412e+12	1.02194e+12	0	-6722.71	-6755.32	0	2.55894e+22	-2.51303e+22	0	8.681e+25	1.92383e+12	2.1358e+12	0	-5060.23	4551.38	0	-9.38402e+20	-1.04014e+21	0	1.024e+26	4.08911e+12	1.86412e+12	0	-2261.39	4940.33	0	-6.14532e+20	-2.794e+20	0	7.342e+22	3.37523e+10	1.5116e+11	0	-28629.6	5704.55	0	9.4051e+19	-3.48454e+20	0	
10	1.9891e+30	8.05022e+08	5.43282e+09	0	-1.41394	5.66225	0	3.30153e+23	-1.06854e+23	0	3.285e+23	2.82445e+10	-4.63104e+10	0	41988.7	22608.7	0	-5.95598e+21	1.12314e+22	0	4.867e+24	-8.34039e+10	-6.01932e+10	0	21630.3	-27929.8	0	4.47128e+22	3.4845e+22	0	5.972e+24	-2.50609e+10	1.52821e+11	0	-29333.2	-5124.45	0	5.94322e+21	-3.47838e+22	0	6.39e+23	2.19215e+11	6.86372e+10	0	-6725.26	23181.3	0	-1.57601e+21	-4.56226e+20	0	1.898e+27	7.4422e+11	-2.23702e+11	0	3855.65	12491.4	0	-3.97896e+23	1.22647e+23	0	5.683e+26	-1.04748e+12	1.00834e+12	0	-6632.08	-6843.16	0	2.59135e+22	-2.47879e+22	0	8.681e+25	1.91369e+12	2.14488e+12	0	-5081.79	4527.36	0	-9.33493e+20	-1.04462e+21	0	1.024e+26	4.08458e+12	1.874e+12	0	-2273.39	4934.86	0	-6.1387e+20	-2.80889e+20	0	7.342e+22	-2.54048e+10	1.52993e+11	0	-29783.6	-6035.72	0	2.53332e+20	-5.1569e+20	0	
10	1.9891e+30	8.02536e+08	5.44404e+09	0	-1.06752	5.55599	0	3.56135e+23	-1.0044e+23	0	3.285e+23	5.0457e+10	3.61913e+10	0	-25025.7	40756.8	0	-1.08697e+22	-6.73087e+21	0	4.867e+24	-2.5534e+10	-9.83159e+10	0	34109.8	-8829.01	0	1.38717e+22	5.46477e+22	0	5.972e+24	-8.01809e+10	1.31293e+11	0	-25037.4	-16100.9	0	1.91062e+22	-2.95767e+22	0	6.39e+23	2.0095e+11	1.13229e+11	0	-11471	21242.1	0	-1.44512e+21	-7.78416e+20	0	1.898e+27	7.51511e+11	-1.98595e+11	0	3434.28	12613.5	0	-4.01774e+23	1.09208e+23	0	5.683e+26	-1.06065e+12	9.9457e+11	0	-6540.32	-6929.78	0	2.6233e+22	-2.44414e+22	0	8.681e+25	1.90351e+12	2.15391e+12	0	-5103.24	4503.24	0	-9.28563e+20	-1.04907e+21	0	1.024e+26	4.08002e+12	1.88386e+12	0	-2285.37	4929.36	0	-6.13204e+20	-2.82378e+20	0	7.342e+22	-8.02785e+10	1.31664e+11	0	-26022.8	-16368.6	0	2.84323e+20	-5.55946e+20	0	
10	1.9891e+30	8.00764e+08	5.45505e+09	0	-0.703618	5.46116	0	3.66959e+23	-9.00239e+22	0	3.285e+23	-3.27958e+10	5.39474e+10	0	-39078	-26722.7	0	7.13613e+21	-1.03e+22	0	4.867e+24	4.33736e+10	-9.31386e+10	0	32309.2	13781.2	0	-2.22072e+22	5.14317e+22	0	5.972e+24	-1.22641e+11	9.00908e+10	0	-16835.6	-24558.5	0	2.92973e+22	-1.98495e+22	0	6.39e+23	1.73673e+11	1.52965e+11	0	-15703.7	18344.6	0	-1.24936e+21	-1.06628e+21	0	1.898e+27	7.57955e+11	-1.73258e+11	0	3009.07	12721.5	0	-4.05198e+23	9.56472e+22	0	5.683e+26	-1.07364e+12	9.80625e+11	0	-6447.44	-7015.18	0	2.65479e+22	-2.40909e+22	0	8.681e+25	1.89328e+12	2.16289e+12	0	-5124.58	4479.02	0	-9.23613e+20	-1.05351e+21	0	1.024e+26	4.07543e+12	1.89372e+12	0	-2297.34	4923.83	0	-6.12535e+20	-2.83864e+20	0	7.342e+22	-1.22429e+11	9.04142e+10	0	-17671.9	-23997.5	0	2.50906e+20	-4.10872e+20	0	
10	1.9891e+30	7.99731e+08	5.46589e+09	0	-0.325908	5.37332	0	3.8732e+23	-8.30059e+22	0	3.285e+23	-4.68612e+10	-2.94823e+10	0	28099.1	-37990.1	0	1.00683e+22	7.38272e+21	0	4.867e+24	9.47078e+10	-4.71556e+10	0	17203.9	30532.3	0	-4.86405e+22	2.72563e+22	0	5.972e+24	-1.45804e+11	3.5662e+10	0	-6009.48	-29172.1	0	3.48627e+22	-7.11132e+21	0	6.39e+23	1.38605e+11	1.86052e+11	0	-19232.8	14616.8	0	-9.97144e+20	-1.30695e+21	0	1.898e+27	7.63545e+11	-1.47719e+11	0	2580.5	12815.1	0	-4.08165e+23	8.19807e+22	0	5.683e+26	-1.08644e+12	9.6651e+11	0	-6353.47	-7099.34	0	2.68581e+22	-2.37364e+22	0	8.681e+25	1.88301e+12	2.17183e+12	0	-5145.8	4454.7	0	-9.18642e+20	-1.05792e+21	0	1.024e+26	4.07083e+12	1.90356e+12	0	-2309.3	4918.27	0	-6.11863e+20	-2.85349e+20	0	7.342e+22	-1.4543e+11	3.57121e+10	0	-6125.57	-28138.4	0	2.24243e+20	-1.15862e+20	0	
10	1.9891e+30	7.99478e+08	5.47656e+09	0	0.0778484	5.303	0	4.13716e+23	-5.11175e+22	0	3.285e+23	3.74386e+10	-4.0132e+10	0	37053.8	30108.5	0	-7.97979e+21	9.93338e+21	0	4.867e+24	1.07459e+11	2.04732e+10	0	-4899.69	34681.8	0	-5.51501e+22	-7.75472e+21	0	5.972e+24	-1.46054e+11	-2.34857e+10	0	5753.58	-29218.3	0	3.48667e+22	6.70495e+21	0	6.39e+23	9.73181e+10	2.10988e+11	0	-21898.1	10224.1	0	-6.99406e+20	-1.48952e+21	0	1.898e+27	7.68275e+11	-1.22007e+11	0	2149.04	12894.2	0	-4.10671e+23	6.82235e+22	0	5.683e+26	-1.09905e+12	9.52228e+11	0	-6258.41	-7182.25	0	2.71636e+22	-2.33781e+22	0	8.681e+25	1.87269e+12	2.18071e+12	0	-5166.9	4430.28	0	-9.13651e+20	-1.06232e+21	0	1.024e+26	4.0662e+12	1.91339e+12	0	-2321.24	4912.68	0	-6.11187e+20	-2.86832e+20	0	7.342e+22	-1.4578e+11	-2.37454e+10	0	6464.45	-28464.8	0	2.78641e+20	2.27137e+20	0	
10	1.9891e+30	8.00051e+08	5.48713e+09	0	0.494058	5.27772	0	4.06095e+23	-7.08708e+19	0	3.285e+23	4.3792e+10	4.5086e+10	0	-32202.9	35307.4	0	-9.38885e+21	-8.64791e+21	0	4.867e+24	7.6446e+10	8.19419e+10	0	-25017.2	24584.4	0	-3.92836e+22	-3.9705e+22	0	5.972e+24	-1.23352e+11	-7.81093e+10	0	16622.4	-24692.4	0	2.93444e+22	1.95588e+22	0	6.39e+23	5.16704e+10	2.26634e+11	0	-23577	5362.39	0	-3.69187e+20	-1.60549e+21	0	1.898e+27	7.72139e+11	-9.61516e+10	0	1715.18	12958.8	0	-4.12714e+23	5.4391e+22	0	5.683e+26	-1.11147e+12	9.37782e+11	0	-6162.28	-7263.89	0	2.74643e+22	-2.30158e+22	0	8.681e+25	1.86234e+12	2.18955e+12	0	-5187.9	4405.75	0	-9.0864e+20	-1.06668e+21	0	1.024e+26	4.06154e+12	1.92321e+12	0	-2333.17	4907.06	0	-6.10508e+20	-2.88313e+20	0	7.342e+22	-1.23373e+11	-7.84841e+10	0	17660.6	-24762	0	3.71022e+20	4.503e+20	0	
10	1.9891e+30	8.01435e+08	5.49769e+09	0	0.883089	5.29161	0	3.66589e+23	1.97128e+22	0	3.285e+23	-4.12293e+10	4.69809e+10	0	-33394.9	-33483.5	0	8.89998e+21	-8.78397e+21	0	4.867e+24	1.42922e+10	1.11889e+11	0	-34914	4258.62	0	-7.06601e+21	-5.57316e+22	0	5.972e+24	-8.12464e+10	-1.1967e+11	0	24901.7	-16306.2	0	1.92338e+22	2.94831e+22	0	6.39e+23	3.72101e+09	2.32269e+11	0	-24190.6	249.654	0	-2.11329e+19	-1.6492e+21	0	1.898e+27	7.75134e+11	-7.01815e+10	0	1279.41	13008.8	0	-4.14291e+23	4.04987e+22	0	5.683e+26	-1.1237e+12	9.23174e+11	0	-6065.1	-7344.24	0	2.77603e+22	-2.26498e+22	0	8.681e+25	1.85194e+12	2.19833e+12	0	-5208.77	4381.13	0	-9.03609e+20	-1.07103e+21	0	1.024e+26	4.05686e+12	1.93302e+12	0	-2345.09	4901.42	0	-6.09825e+20	-2.89792e+20	0	7.342e+22	-8.15543e+10	-1.19884e+11	0	25517	-17152.4	0	4.0885e+20	4.80783e+20	0	
10	1.9891e+30	8.0356e+08	5.50829e+09	0	1.23778	5.30457	0	3.44812e+23	3.05235e+21	0	3.285e+23	-3.95495e+10	-3.76022e+10	0	34696.1	-32141.2	0	8.54676e+21	9.13072e+21	0	4.867e+24	-5.34186e+10	9.76441e+10	0	-30331.3	-18018.9	0	2.86733e+22	-4.87213e+22	0	5.972e+24	-2.63178e+10	-1.41668e+11	0	29294.3	-5374.39	0	6.22574e+21	3.48631e+22	0	6.39e+23	-4.43595e+10	2.27619e+11	0	-23707.1	-4883.16	0	3.29115e+20	-1.61817e+21	0	1.898e+27	7.77256e+11	-4.41261e+10	0	842.231	13044.2	0	-4.15402e+23	2.65625e+22	0	5.683e+26	-1.13573e+12	9.08406e+11	0	-5966.89	-7423.3	0	2.80513e+22	-2.22801e+22	0	8.681e+25	1.8415e+12	2.20707e+12	0	-5229.53	4356.4	0	-8.98557e+20	-1.07535e+21	0	1.024e+26	4.05216e+12	1.94282e+12	0	-2356.99	4895.74	0	-6.09139e+20	-2.9127e+20	0	7.342e+22	-2.66903e+10	-1.41569e+11	0	29049.5	-6354.48	0	2.70523e+20	3.77477e+20	0	
10	1.9891e+30	8.06383e+08	5.5189e+09	0	1.58723	5.2993	0	3.53166e+23	-1.01729e+22	0	3.285e+23	4.53405e+10	-3.23306e+10	0	30782.3	36559.1	0	-9.72783e+21	8.26772e+21	0	4.867e+24	-9.83761e+10	4.48162e+10	0	-12964	-32888.8	0	5.27775e+22	-2.09108e+22	0	5.972e+24	3.2849e+10	-1.40653e+11	0	29105.6	6395.77	0	-7.67014e+21	3.47588e+22	0	6.39e+23	-9.0387e+10	2.12878e+11	0	-22144.9	-9802.6	0	6.65596e+20	-1.51329e+21	0	1.898e+27	7.78502e+11	-1.80147e+10	0	404.126	13064.8	0	-4.16043e+23	1.2598e+22	0	5.683e+26	-1.14757e+12	8.93481e+11	0	-5867.67	-7501.06	0	2.83375e+22	-2.19067e+22	0	8.681e+25	1.83102e+12	2.21576e+12	0	-5250.18	4331.58	0	-8.93486e+20	-1.07965e+21	0	1.024e+26	4.04744e+12	1.9526e+12	0	-2368.88	4890.04	0	-6.08449e+20	-2.92746e+20	0	7.342e+22	3.26729e+10	-1.40311e+11	0	28196.6	5932.34	0	-2.96218e+18	2.51635e+20	0	
10	1.9891e+30	8.09917e+08	5.52949e+09	0	1.94754	5.28942	0	3.61869e+23	-9.45079e+21	0	3.285e+23	3.56045e+10	5.25665e+10	0	-38212.7	28613.8	0	-7.57615e+21	-1.02419e+22	0	4.867e+24	-1.01529e+11	-2.45565e+10	0	9926.5	-33935.3	0	5.44791e+22	1.60158e+22	0	5.972e+24	8.70036e+10	-1.16775e+11	0	24358.4	17167	0	-2.03271e+22	2.91297e+22	0	6.39e+23	-1.32263e+11	1.887e+11	0	-19571.4	-14283.4	0	9.72755e+20	-1.33887e+21	0	1.898e+27	7.78872e+11	8.12331e+09	0	-34.4085	13070.7	0	-4.16216e+23	-1.37911e+21	0	5.683e+26	-1.1592e+12	8.78403e+11	0	-5767.44	-7577.49	0	2.86187e+22	-2.15298e+22	0	8.681e+25	1.8205e+12	2.2244e+12	0	-5270.7	4306.65	0	-8.88395e+20	-1.08393e+21	0	1.024e+26	4.04269e+12	1.96238e+12	0	-2380.76	4884.31	0	-6.07755e+20	-2.94221e+20	0	7.342e+22	8.71434e+10	-1.16415e+11	0	23416.2	17535.5	0	-3.23476e+20	1.73113e+20	0	
10	1.9891e+30	8.14178e+08	5.54006e+09	0	2.31583	5.2761	0	3.74327e+23	-1.89849e+22	0	3.285e+23	-4.81951e+10	3.85776e+10	0	-26573.4	-39067.4	0	1.03511e+22	-6.97776e+21	0	4.867e+24	-6.1533e+10	-8.12583e+10	0	28585	-20702.7	0	3.30041e+22	4.59467e+22	0	5.972e+24	1.27675e+11	-7.37607e+10	0	15792.9	25258.1	0	-2.98427e+22	1.88467e+22	0	6.39e+23	-1.68073e+11	1.56174e+11	0	-16101.4	-18119	0	1.23621e+21	-1.10253e+21	0	1.898e+27	7.78365e+11	3.42584e+10	0	-472.878	13061.9	0	-4.1592e+23	-1.53531e+22	0	5.683e+26	-1.17064e+12	8.63172e+11	0	-5666.24	-7652.59	0	2.88949e+22	-2.11493e+22	0	8.681e+25	1.80994e+12	2.23299e+12	0	-5291.11	4281.63	0	-8.83284e+20	-1.08818e+21	0	1.024e+26	4.03791e+12	1.97214e+12	0	-2392.62	4878.55	0	-6.07058e+20	-2.95693e+20	0	7.342e+22	1.2803e+11	-7.36284e+10	0	15461.4	26234.6	0	-5.59665e+20	1.58151e+20	0	
10	1.9891e+30	8.19198e+08	5.55059e+09	0	2.71103	5.25378	0	4.16707e+23	-2.02131e+22	0	3.285e+23	-3.08277e+10	-4.42298e+10	0	40109	-25160.4	0	6.72384e+21	1.05764e+22	0	4.867e+24	4.64191e+09	-1.0158e+11	0	35173.6	1084.23	0	-2.00399e+21	5.61886e+22	0	5.972e+24	1.48498e+11	-1.83362e+10	0	4752.01	29405.2	0	-3.47892e+22	5.54618e+21	0	6.39e+23	-1.96174e+11	1.16773e+11	0	-11891.8	-21131.5	0	1.44347e+21	-8.14937e+20	0	1.898e+27	7.76981e+11	6.03611e+10	0	-910.789	13038.4	0	-4.15156e+23	-2.93083e+22	0	5.683e+26	-1.18187e+12	8.47793e+11	0	-5564.07	-7726.35	0	2.91661e+22	-2.07654e+22	0	8.681e+25	1.79934e+12	2.24152e+12	0	-5311.4	4256.51	0	-8.78154e+20	-1.09241e+21	0	1.024e+26	4.03312e+12	1.98189e+12	0	-2404.47	4872.76	0	-6.06358e+20	-2.97164e+20	0	7.342e+22	1.48816e+11	-1.85314e+10	0	5300.62	30303.3	0	-6.07397e+20	1.80089e+20	0	
10	1.9891e+30	8.25057e+08	5.56108e+09	0	3.15658	5.25158	0	4.65942e+23	2.45495e+22	0	3.285e+23	5.16644e+10	-2.31777e+10	0	23393.3	41719.4	0	-1.11311e+22	6.29229e+21	0	4.867e+24	6.92741e+10	-7.73555e+10	0	27143.9	22234.9	0	-3.55792e+22	4.31011e+22	0	5.972e+24	1.46212e+11	4.08254e+10	0	-7029.16	28957.7	0	-3.43951e+22	-8.55259e+21	0	6.39e+23	-2.15274e+11	7.22907e+10	0	-7134.72	-23180.6	0	1.58463e+21	-4.89287e+20	0	1.898e+27	7.74722e+11	8.6402e+10	0	-1347.65	13000.1	0	-4.13924e+23	-4.32289e+22	0	5.683e+26	-1.19289e+12	8.32268e+11	0	-5460.96	-7798.75	0	2.94322e+22	-2.0378e+22	0	8.681e+25	1.7887e+12	2.25001e+12	0	-5331.57	4231.3	0	-8.73005e+20	-1.09661e+21	0	1.024e+26	4.0283e+12	1.99163e+12	0	-2416.31	4866.94	0	-6.05654e+20	-2.98633e+20	0	7.342e+22	1.46263e+11	4.04508e+10	0	-6009.37	29102.5	0	-4.51622e+20	1.01143e+20	0	
10	1.9891e+30	8.31845e+08	5.57164e+09	0	3.63229	5.3136	0	4.70937e+23	9.87229e+22	0	3.285e+23	2.61911e+10	5.83722e+10	0	-42844.6	20925.1	0	-5.50274e+21	-1.14574e+22	0	4.867e+24	1.05709e+11	-1.89179e+10	0	8006.65	34102.6	0	-5.4243e+22	1.26668e+22	0	5.972e+24	1.21173e+11	9.44653e+10	0	-17702.4	23980	0	-2.8626e+22	-2.11968e+22	0	6.39e+23	-2.24493e+11	2.47575e+10	0	-2048.59	-24170.5	0	1.65288e+21	-1.40716e+20	0	1.898e+27	7.71591e+11	1.12352e+11	0	-1782.96	12947.3	0	-4.12225e+23	-5.70995e+22	0	5.683e+26	-1.20371e+12	8.16599e+11	0	-5356.92	-7869.77	0	2.96933e+22	-1.99874e+22	0	8.681e+25	1.77801e+12	2.25845e+12	0	-5351.63	4205.98	0	-8.67836e+20	-1.1008e+21	0	1.024e+26	4.02345e+12	2.00136e+12	0	-2428.13	4861.09	0	-6.04946e+20	-3.001e+20	0	7.342e+22	1.20919e+11	9.41871e+10	0	-16926	23283	0	-2.129e+20	-1.07034e+20	0	
10	1.9891e+30	8.39574e+08	5.58238e+09	0	4.09039	5.44165	0	4.37679e+23	1.50227e+23	0	3.285e+23	-5.34553e+10	2.90338e+10	0	-18850.4	-43290.7	0	1.14453e+22	-4.9435e+21	0	4.867e+24	9.91034e+10	4.95811e+10	0	-14378.1	31952.4	0	-5.08708e+22	-2.27781e+22	0	5.972e+24	7.73006e+10	1.34193e+11	0	-25597.9	15246.7	0	-1.82939e+22	-3.04311e+22	0	6.39e+23	-2.23404e+11	-2.3653e+10	0	3132.28	-24054.7	0	1.64491e+21	2.14468e+20	0	1.898e+27	7.67592e+11	1.38181e+11	0	-2216.24	12879.8	0	-4.10063e+23	-7.09043e+22	0	5.683e+26	-1.21432e+12	8.0079e+11	0	-5251.97	-7939.42	0	2.99491e+22	-1.95934e+22	0	8.681e+25	1.76729e+12	2.26684e+12	0	-5371.56	4180.58	0	-8.62649e+20	-1.10495e+21	0	1.024e+26	4.01858e+12	2.01107e+12	0	-2439.94	4855.22	0	-6.04235e+20	-3.01565e+20	0	7.342e+22	7.6917e+10	1.34211e+11	0	-25622.7	14231.2	0	-2.39173e+19	-3.85007e+20	0	
10	1.9891e+30	8.48183e+08	5.59343e+09	0	4.51295	5.60735	0	4.04144e+23	1.77699e+23	0	3.285e+23	-2.09932e+10	-4.91273e+10	0	44144.5	-17280.4	0	4.65699e+21	1.16674e+22	0	4.867e+24	5.21398e+10	9.99892e+10	0	-30919.3	16635.2	0	-2.67269e+22	-4.91886e+22	0	5.972e+24	2.14642e+10	1.53799e+11	0	-29486.8	4124.94	0	-5.00226e+21	-3.49204e+22	0	6.39e+23	-2.12059e+11	-7.07263e+10	0	8168.96	-22838.6	0	1.56111e+21	5.59609e+20	0	1.898e+27	7.62728e+11	1.63861e+11	0	-2647	12797.9	0	-4.07438e+23	-8.46281e+22	0	5.683e+26	-1.22472e+12	7.84842e+11	0	-5146.13	-8007.68	0	3.01998e+22	-1.91963e+22	0	8.681e+25	1.75653e+12	2.27517e+12	0	-5391.38	4155.07	0	-8.57442e+20	-1.10909e+21	0	1.024e+26	4.01369e+12	2.02078e+12	0	-2451.73	4849.31	0	-6.0352e+20	-3.03028e+20	0	7.342e+22	2.12178e+10	1.54096e+11	0	-30273	3487.18	0	6.62952e+19	-5.80934e+20	0	
10	1.9891e+30	8.57604e+08	5.60483e+09	0	4.90258	5.79914	0	3.68022e+23	2.03777e+23	0	3.285e+23	5.61821e+10	-1.2995e+10	0	15151.6	45396.1	0	-1.21334e+22	4.07923e+21	0	4.867e+24	-1.59866e+10	1.11365e+11	0	-34752	-5702.68	0	8.86114e+21	-5.5633e+22	0	5.972e+24	-3.75978e+10	1.50226e+11	0	-28767.6	-7641.67	0	9.1311e+21	-3.40172e+22	0	6.39e+23	-1.90978e+11	-1.1431e+11	0	12829.5	-20579.1	0	1.40552e+21	8.78571e+20	0	1.898e+27	7.57006e+11	1.89363e+11	0	-3074.75	12701.5	0	-4.04356e+23	-9.82553e+22	0	5.683e+26	-1.2349e+12	7.6876e+11	0	-5039.41	-8074.53	0	3.04453e+22	-1.87961e+22	0	8.681e+25	1.74572e+12	2.28346e+12	0	-5411.07	4129.47	0	-8.52216e+20	-1.1132e+21	0	1.024e+26	4.00878e+12	2.03047e+12	0	-2463.51	4843.38	0	-6.02801e+20	-3.0449e+20	0	7.342e+22	-3.75361e+10	1.50604e+11	0	-29777.6	-7474.36	0	7.88183e+19	-6.15517e+20	0	
10	1.9891e+30	8.67762e+08	5.61664e+09	0	5.24492	6.01063	0	3.10403e+23	2.09782e+23	0	3.285e+23	1.58915e+10	6.23074e+10	0	-45943.3	12523.6	0	-3.24784e+21	-1.22556e+22	0	4.867e+24	-7.70445e+10	7.86527e+10	0	-24066	-25843.3	0	4.13329e+22	-3.87445e+22	0	5.972e+24	-9.06458e+10	1.24042e+11	0	-23557.1	-18208.6	0	2.18131e+22	-2.78993e+22	0	6.39e+23	-1.61134e+11	-1.52416e+11	0	16900.1	-17381.8	0	1.18562e+21	1.15655e+21	0	1.898e+27	7.50431e+11	2.14658e+11	0	-3499.01	12590.8	0	-4.00818e+23	-1.11771e+23	0	5.683e+26	-1.24488e+12	7.52545e+11	0	-4931.84	-8139.97	0	3.06855e+22	-1.83928e+22	0	8.681e+25	1.73488e+12	2.29169e+12	0	-5430.64	4103.78	0	-8.46972e+20	-1.11728e+21	0	1.024e+26	4.00384e+12	2.04015e+12	0	-2475.28	4837.42	0	-6.02079e+20	-3.05949e+20	0	7.342e+22	-9.03236e+10	1.24246e+11	0	-24085.1	-17334.5	0	9.52802e+19	-4.52804e+20	0	
10	1.9891e+30	8.78545e+08	5.62886e+09	0	5.53138	6.20424	0	2.66544e+23	1.68722e+23	0	3.285e+23	-5.68311e+10	1.86845e+10	0	-10490.2	-46015.5	0	1.21497e+22	-2.7486e+21	0	4.867e+24	-1.05339e+11	1.52721e+10	0	-3178.89	-35217	0	5.65675e+22	-5.13492e+21	0	5.972e+24	-1.29386e+11	7.93469e+10	0	-14668.6	-25920.7	0	3.10005e+22	-1.74972e+22	0	6.39e+23	-1.23895e+11	-1.8331e+11	0	20195.1	-13395.6	0	9.11908e+20	1.38081e+21	0	1.898e+27	7.43012e+11	2.39717e+11	0	-3919.31	12466	0	-3.9683e+23	-1.25159e+23	0	5.683e+26	-1.25463e+12	7.36201e+11	0	-4823.44	-8203.99	0	3.09204e+22	-1.79865e+22	0	8.681e+25	1.724e+12	2.29987e+12	0	-5450.1	4077.99	0	-8.41709e+20	-1.12134e+21	0	1.024e+26	3.99887e+12	2.04982e+12	0	-2487.03	4831.43	0	-6.01353e+20	-3.07407e+20	0	7.342e+22	-1.29034e+11	7.92281e+10	0	-14319.1	-24922.7	0	1.79107e+20	-1.47516e+20	0	
10	1.9891e+30	8.89875e+08	5.64142e+09	0	5.79979	6.3462	0	2.7642e+23	1.16982e+23	0	3.285e+23	-1.03853e+10	-5.21126e+10	0	46651.9	-8767.29	0	2.41319e+21	1.23608e+22	0	4.867e+24	-8.88362e+10	-5.2171e+10	0	19065.6	-29752.4	0	4.76725e+22	3.07166e+22	0	5.972e+24	-1.47763e+11	2.31288e+10	0	-3485.38	-29572.3	0	3.52133e+22	-4.32945e+21	0	6.39e+23	-8.097e+10	-2.05594e+11	0	22565.8	-8805.01	0	5.97334e+20	1.54128e+21	0	1.898e+27	7.34757e+11	2.64513e+11	0	-4335.17	12327.1	0	-3.92395e+23	-1.38405e+23	0	5.683e+26	-1.26417e+12	7.1973e+11	0	-4714.22	-8266.57	0	3.11499e+22	-1.75772e+22	0	8.681e+25	1.71308e+12	2.308e+12	0	-5469.43	4052.11	0	-8.36427e+20	-1.12537e+21	0	1.024e+26	3.99389e+12	2.05948e+12	0	-2498.77	4825.41	0	-6.00624e+20	-3.08863e+20	0	7.342e+22	-1.4764e+11	2.27729e+10	0	-2512.89	-29215	0	3.65768e+20	1.45213e+20	0	
10	1.9891e+30	9.01766e+08	5.65422e+09	0	6.09789	6.45321	0	3.16891e+23	1.03591e+23	0	3.285e+23	5.87275e+10	-2.14137e+09	0	6356.06	47449.4	0	-1.26941e+22	1.71135e+21	0	4.867e+24	-3.45599e+10	-9.53062e+10	0	33209.6	-11831.1	0	1.86998e+22	5.32378e+22	0	5.972e+24	-1.42907e+11	-3.58248e+10	0	8249.89	-28598.9	0	3.39034e+22	9.63296e+21	0	6.39e+23	-3.43192e+10	-2.18267e+11	0	23907	-3821.5	0	2.56601e+20	1.631e+21	0	1.898e+27	7.25675e+11	2.89016e+11	0	-4746.12	12174.4	0	-3.87518e+23	-1.51495e+23	0	5.683e+26	-1.27349e+12	7.03136e+11	0	-4604.19	-8327.7	0	3.13742e+22	-1.71652e+22	0	8.681e+25	1.70212e+12	2.31608e+12	0	-5488.64	4026.14	0	-8.31127e+20	-1.12938e+21	0	1.024e+26	3.98888e+12	2.06912e+12	0	-2510.49	4819.36	0	-5.9989e+20	-3.10317e+20	0	7.342e+22	-1.43098e+11	-3.61534e+10	0	9141.2	-29114.3	0	5.18108e+20	2.96184e+20	0	
10	1.9891e+30	9.1429e+08	5.66724e+09	0	6.4312	6.56405	0	3.42722e+23	1.17841e+23	0	3.285e+23	5.07115e+09	6.42442e+10	0	-47410.1	3712.83	0	-8.95076e+20	-1.26139e+22	0	4.867e+24	3.45768e+10	-9.62658e+10	0	33424.2	10868.5	0	-1.75815e+22	5.3241e+22	0	5.972e+24	-1.15576e+11	-8.82977e+10	0	18703.3	-23158.2	0	2.7352e+22	2.21878e+22	0	6.39e+23	1.39324e+10	-2.20769e+11	0	24161.3	1326.97	0	-9.45745e+19	1.64636e+21	0	1.898e+27	7.15776e+11	3.13201e+11	0	-5151.7	12007.9	0	-3.82206e+23	-1.64413e+23	0	5.683e+26	-1.28258e+12	6.8642e+11	0	-4493.39	-8387.38	0	3.1593e+22	-1.67503e+22	0	8.681e+25	1.69113e+12	2.32411e+12	0	-5507.72	4000.07	0	-8.25808e+20	-1.13337e+21	0	1.024e+26	3.98385e+12	2.07875e+12	0	-2522.2	4813.29	0	-5.99154e+20	-3.11769e+20	0	7.342e+22	-1.15952e+11	-8.83631e+10	0	18898.5	-24164.9	0	5.3482e+20	3.05817e+20	0	
10	1.9891e+30	9.27504e+08	5.68049e+09	0	6.78529	6.68898	0	3.63156e+23	1.30807e+23	0	3.285e+23	-5.82104e+10	7.89083e+09	0	-1776.55	-47154	0	1.24434e+22	-4.65066e+20	0	4.867e+24	8.9812e+10	-5.49914e+10	0	19847.6	28900.7	0	-4.60758e+22	3.14522e+22	0	5.972e+24	-7.00387e+10	-1.26083e+11	0	26236.9	-14102.1	0	1.66319e+22	3.12848e+22	0	6.39e+23	6.15949e+10	-2.13004e+11	0	23320.9	6406.52	0	-4.40225e+20	1.5872e+21	0	1.898e+27	7.05072e+11	3.37039e+11	0	-5551.46	11827.9	0	-3.76464e+23	-1.77145e+23	0	5.683e+26	-1.29146e+12	6.69587e+11	0	-4381.83	-8445.6	0	3.18063e+22	-1.63327e+22	0	8.681e+25	1.68009e+12	2.33208e+12	0	-5526.69	3973.91	0	-8.20471e+20	-1.13733e+21	0	1.024e+26	3.97879e+12	2.08838e+12	0	-2533.9	4807.19	0	-5.98413e+20	-3.1322e+20	0	7.342e+22	-7.03432e+10	-1.25844e+11	0	25612	-14888.8	0	3.60742e+20	2.62443e+20	0	
10	1.9891e+30	9.41449e+08	5.694e+09	0	7.16514	6.83263	0	3.92577e+23	1.60165e+23	0	3.285e+23	6.26875e+08	-5.30718e+10	0	47533.9	86.3399	0	6.76479e+19	1.26273e+22	0	4.867e+24	1.08504e+11	1.12582e+10	0	-1811.36	34981	0	-5.56202e+22	-2.87661e+21	0	5.972e+24	-1.34087e+10	-1.43267e+11	0	29666.9	-2842.88	0	3.38393e+21	3.54388e+22	0	6.39e+23	1.06513e+11	-1.95341e+11	0	21427.6	11188	0	-7.64852e+20	1.45671e+21	0	1.898e+27	6.93574e+11	3.60504e+11	0	-5944.94	11634.7	0	-3.70298e+23	-1.89677e+23	0	5.683e+26	-1.30011e+12	6.52639e+11	0	-4269.53	-8502.34	0	3.20142e+22	-1.59125e+22	0	8.681e+25	1.66902e+12	2.34e+12	0	-5545.53	3947.66	0	-8.15116e+20	-1.14126e+21	0	1.024e+26	3.97371e+12	2.09798e+12	0	-2545.58	4801.05	0	-5.97669e+20	-3.14668e+20	0	7.342e+22	-1.34303e+10	-1.42886e+11	0	28637.9	-2886.6	0	5.35421e+19	2.34465e+20	0	
10	1.9891e+30	9.5618e+08	5.70785e+09	0	7.56741	7.02222	0	4.00019e+23	2.20259e+23	0	3.285e+23	5.92081e+10	8.99753e+09	0	-2672.91	47801.3	0	-1.27903e+22	-7.2226e+20	0	4.867e+24	8.30592e+10	7.52224e+10	0	-22734.4	26694.6	0	-4.26062e+22	-3.60739e+22	0	5.972e+24	4.54653e+10	-1.37154e+11	0	28452.3	8864.43	0	-1.03855e+22	3.39452e+22	0	6.39e+23	1.46661e+11	-1.68593e+11	0	18570.2	15457.3	0	-1.0541e+21	1.26116e+21	0	1.898e+27	6.81296e+11	3.83569e+11	0	-6331.71	11428.3	0	-3.63717e+23	-2.01995e+23	0	5.683e+26	-1.30854e+12	6.35579e+11	0	-4156.51	-8557.6	0	3.22167e+22	-1.54897e+22	0	8.681e+25	1.65791e+12	2.34787e+12	0	-5564.25	3921.33	0	-8.09743e+20	-1.14517e+21	0	1.024e+26	3.96861e+12	2.10758e+12	0	-2557.25	4794.89	0	-5.96921e+20	-3.16115e+20	0	7.342e+22	4.57406e+10	-1.36891e+11	0	27749.4	9609.14	0	-2.76513e+20	2.7686e+20	0	
10	1.9891e+30	9.71707e+08	5.72213e+09	0	7.95279	7.27183	0	3.60597e+23	2.69559e+23	0	3.285e+23	-5.88542e+09	6.41236e+10	0	-47204.2	-5193.62	0	1.4708e+21	-1.25259e+22	0	4.867e+24	2.38315e+10	1.10545e+11	0	-34378.9	7334.44	0	-1.19592e+22	-5.4843e+22	0	5.972e+24	9.73795e+10	-1.08693e+11	0	22782.9	19193.7	0	-2.26113e+22	2.70627e+22	0	6.39e+23	1.80236e+11	-1.3398e+11	0	14879.5	19024.2	0	-1.29533e+21	1.00964e+21	0	1.898e+27	6.68252e+11	4.06208e+11	0	-6711.33	11209	0	-3.56726e+23	-2.14085e+23	0	5.683e+26	-1.31674e+12	6.18409e+11	0	-4042.78	-8611.36	0	3.24136e+22	-1.50644e+22	0	8.681e+25	1.64676e+12	2.35569e+12	0	-5582.84	3894.9	0	-8.04351e+20	-1.14905e+21	0	1.024e+26	3.96348e+12	2.11716e+12	0	-2568.9	4788.71	0	-5.96169e+20	-3.1756e+20	0	7.342e+22	9.77512e+10	-1.08732e+11	0	22912	20232.4	0	-4.88605e+20	3.52821e+20	0	
10	1.9891e+30	9.87958e+08	5.73695e+09	0	8.29066	7.54841	0	3.15008e+23	2.74219e+23	0	3.285e+23	-5.75437e+10	-2.97311e+09	0	6996.52	-46669	0	1.23177e+22	1.83303e+21	0	4.867e+24	-4.48355e+10	1.02372e+11	0	-31793.4	-15243.5	0	2.42032e+22	-5.10389e+22	0	5.972e+24	1.34213e+11	-6.23317e+10	0	13549.4	26530.5	0	-3.14321e+22	1.59365e+22	0	6.39e+23	2.05734e+11	-9.307e+10	0	10522.8	21730.9	0	-1.47812e+21	7.135e+20	0	1.898e+27	6.54456e+11	4.28396e+11	0	-7083.36	10977.2	0	-3.49334e+23	-2.25933e+23	0	5.683e+26	-1.32471e+12	6.01134e+11	0	-3928.37	-8663.62	0	3.26049e+22	-1.46366e+22	0	8.681e+25	1.63558e+12	2.36345e+12	0	-5601.31	3868.38	0	-7.98941e+20	-1.15291e+21	0	1.024e+26	3.95833e+12	2.12673e+12	0	-2580.53	4782.49	0	-5.95413e+20	-3.19003e+20	0	7.342e+22	1.34406e+11	-6.26506e+10	0	14437.3	27092.9	0	-4.9485e+20	3.78101e+20	0	
10	1.9891e+30	1.00485e+09	5.75232e+09	0	8.59697	7.81801	0	2.99126e+23	2.63253e+23	0	3.285e+23	1.16609e+10	-5.19604e+10	0	46746.8	8972.48	0	-2.29884e+21	1.24508e+22	0	4.867e+24	-9.42867e+10	5.37746e+10	0	-15832.2	-31593.3	0	5.06725e+22	-2.55357e+22	0	5.972e+24	1.50202e+11	-5.32047e+09	0	2202.17	29721.7	0	-3.53866e+22	2.43339e+21	0	6.39e+23	2.22013e+11	-4.77101e+10	0	5696.05	23457.8	0	-1.59463e+21	3.85934e+20	0	1.898e+27	6.39924e+11	4.50109e+11	0	-7447.41	10733	0	-3.4155e+23	-2.37527e+23	0	5.683e+26	-1.33245e+12	5.83756e+11	0	-3813.29	-8714.38	0	3.27907e+22	-1.42065e+22	0	8.681e+25	1.62436e+12	2.37116e+12	0	-5619.65	3841.78	0	-7.93514e+20	-1.15674e+21	0	1.024e+26	3.95316e+12	2.13629e+12	0	-2592.16	4776.24	0	-5.94654e+20	-3.20444e+20	0	7.342e+22	1.50079e+11	-5.68271e+09	0	3170.27	29406	0	-3.70443e+20	2.22705e+20	0	
10	1.9891e+30	1.02234e+09	5.76822e+09	0	8.8959	8.08374	0	2.94139e+23	2.67543e+23	0	3.285e+23	5.76091e+10	2.00255e+10	0	-11604.4	46438.5	0	-1.2418e+22	-3.12873e+21	0	4.867e+24	-1.03595e+11	-1.50292e+10	0	6868.51	-34683.7	0	5.56994e+22	1.10731e+22	0	5.972e+24	1.42842e+11	5.34218e+10	0	-9482.75	28260.5	0	-3.3757e+22	-1.13566e+22	0	6.39e+23	2.28347e+11	5.67228e+07	0	615.253	24129.1	0	-1.63987e+21	4.13845e+19	0	1.898e+27	6.24672e+11	4.7132e+11	0	-7803.04	10476.7	0	-3.33382e+23	-2.48853e+23	0	5.683e+26	-1.33996e+12	5.66278e+11	0	-3697.58	-8763.61	0	3.29708e+22	-1.37741e+22	0	8.681e+25	1.6131e+12	2.37882e+12	0	-5637.87	3815.08	0	-7.88068e+20	-1.16054e+21	0	1.024e+26	3.94796e+12	2.14584e+12	0	-2603.76	4769.97	0	-5.93891e+20	-3.21883e+20	0	7.342e+22	1.42488e+11	5.32751e+10	0	-9083.1	27315.6	0	-2.30537e+20	-6.2835e+19	0	
10	1.9891e+30	1.04043e+09	5.78466e+09	0	9.18485	8.35447	0	2.80812e+23	2.67897e+23	0	3.285e+23	-1.65905e+10	6.19628e+10	0	-45346.7	-13882.7	0	3.76671e+21	-1.20018e+22	0	4.867e+24	-6.87912e+10	-7.50729e+10	0	26642.6	-23169.2	0	3.69984e+22	4.28401e+22	0	5.972e+24	1.13287e+11	1.04707e+11	0	-19679	22372	0	-2.67449e+22	-2.33301e+22	0	6.39e+23	2.24455e+11	4.80817e+10	0	-4492.74	23715.1	0	-1.61193e+21	-3.05009e+20	0	1.898e+27	6.08717e+11	4.92008e+11	0	-8149.87	10208.6	0	-3.24839e+23	-2.59898e+23	0	5.683e+26	-1.34724e+12	5.48702e+11	0	-3581.24	-8811.33	0	3.31453e+22	-1.33394e+22	0	8.681e+25	1.60181e+12	2.38642e+12	0	-5655.97	3788.3	0	-7.82604e+20	-1.16432e+21	0	1.024e+26	3.94275e+12	2.15537e+12	0	-2615.35	4763.67	0	-5.93125e+20	-3.2332e+20	0	7.342e+22	1.12938e+11	1.04876e+11	0	-20116.4	21465.6	0	-1.51172e+20	-3.74748e+20	0	
10	1.9891e+30	1.05908e+09	5.80164e+09	0	9.46734	8.61828	0	2.8632e+23	2.57696e+23	0	3.285e+23	-5.48519e+10	-1.35292e+10	0	15533.6	-44577	0	1.17768e+22	4.07176e+21	0	4.867e+24	-4.64969e+09	-1.01201e+11	0	35151.9	-2040.73	0	2.99838e+21	5.61912e+22	0	5.972e+24	6.61662e+10	1.40515e+11	0	-26795.7	12979.9	0	-1.54644e+22	-3.16911e+22	0	6.39e+23	2.10509e+11	9.42043e+10	0	-9399.86	22233.9	0	-1.51196e+21	-6.38026e+20	0	1.898e+27	5.92078e+11	5.12147e+11	0	-8487.51	9929.07	0	-3.15931e+23	-2.70651e+23	0	5.683e+26	-1.35429e+12	5.31033e+11	0	-3464.29	-8857.5	0	3.33142e+22	-1.29026e+22	0	8.681e+25	1.59048e+12	2.39397e+12	0	-5673.93	3761.43	0	-7.77123e+20	-1.16806e+21	0	1.024e+26	3.9375e+12	2.16489e+12	0	-2626.93	4757.34	0	-5.92354e+20	-3.24756e+20	0	7.342e+22	6.60608e+10	1.40882e+11	0	-27788	12721.6	0	-1.32531e+20	-5.83981e+20	0	
10	1.9891e+30	1.07831e+09	5.81913e+09	0	9.76875	8.88183	0	3.14019e+23	2.73856e+23	0	3.285e+23	2.233e+10	-4.88048e+10	0	44304.7	17577.4	0	-4.60253e+21	1.18303e+22	0	4.867e+24	6.19143e+10	-8.27882e+10	0	29022.6	19755	0	-3.1656e+22	4.61084e+22	0	5.972e+24	8.86038e+09	1.55252e+11	0	-29724.3	1559.24	0	-1.7229e+21	-3.51894e+22	0	6.39e+23	1.87135e+11	1.36348e+11	0	-13886.5	19750.6	0	-1.34422e+21	-9.42966e+20	0	1.898e+27	5.74774e+11	5.31716e+11	0	-8815.57	9638.34	0	-3.06668e+23	-2.81099e+23	0	5.683e+26	-1.3611e+12	5.13273e+11	0	-3346.76	-8902.14	0	3.34773e+22	-1.24637e+22	0	8.681e+25	1.57911e+12	2.40147e+12	0	-5691.77	3734.48	0	-7.71623e+20	-1.17179e+21	0	1.024e+26	3.93224e+12	2.1744e+12	0	-2638.49	4750.99	0	-5.9158e+20	-3.2619e+20	0	7.342e+22	9.07521e+09	1.55562e+11	0	-30577.6	2152.21	0	-1.4035e+20	-6.01948e+20	0	
10	1.9891e+30	1.09817e+09	5.83719e+09	0	10.0907	9.18257	0	3.1827e+23	3.27692e+23	0	3.285e+23	5.39904e+10	3.05508e+10	0	-20111.1	43411.7	0	-1.15918e+22	-5.4162e+21	0	4.867e+24	1.03399e+11	-2.77809e+10	0	10996.8	33270.6	0	-5.29344e+22	1.73965e+22	0	5.972e+24	-4.96606e+10	1.46621e+11	0	-28008.5	-10096.7	0	1.22118e+22	-3.32789e+22	0	6.39e+23	1.55378e+11	1.7261e+11	0	-17751.1	16374.7	0	-1.11587e+21	-1.20624e+21	0	1.898e+27	5.56823e+11	5.50693e+11	0	-9133.68	9336.77	0	-2.97059e+23	-2.9123e+23	0	5.683e+26	-1.36767e+12	4.95426e+11	0	-3228.66	-8945.23	0	3.36348e+22	-1.20228e+22	0	8.681e+25	1.56771e+12	2.40891e+12	0	-5709.49	3707.44	0	-7.66106e+20	-1.17548e+21	0	1.024e+26	3.92695e+12	2.1839e+12	0	-2650.04	4744.6	0	-5.90803e+20	-3.27622e+20	0	7.342e+22	-4.92851e+10	1.46658e+11	0	-28097.9	-9067.85	0	-5.78052e+19	-4.30478e+20	0	
10	1.9891e+30	1.11866e+09	5.8559e+09	0	10.3929	9.53689	0	2.78005e+23	3.71175e+23	0	3.285e+23	-2.66693e+10	5.78485e+10	0	-41915.3	-22053.8	0	5.91467e+21	-1.10665e+22	0	4.867e+24	1.02884e+11	4.10437e+10	0	-11491.3	33098.6	0	-5.26659e+22	-1.82097e+22	0	5.972e+24	-1.00242e+11	1.1598e+11	0	-21913.8	-20162.9	0	2.41158e+22	-2.61905e+22	0	6.39e+23	1.16662e+11	2.0135e+11	0	-20818.7	12255.8	0	-8.36804e+20	-1.41597e+21	0	1.898e+27	5.38246e+11	5.69056e+11	0	-9441.5	9024.69	0	-2.87117e+23	-3.01034e+23	0	5.683e+26	-1.37401e+12	4.77494e+11	0	-3110.03	-8986.76	0	3.37865e+22	-1.158e+22	0	8.681e+25	1.55627e+12	2.4163e+12	0	-5727.07	3680.32	0	-7.6057e+20	-1.17915e+21	0	1.024e+26	3.92164e+12	2.19338e+12	0	-2661.57	4738.19	0	-5.90021e+20	-3.29052e+20	0	7.342e+22	-9.99833e+10	1.15713e+11	0	-21161.9	-19422.6	0	1.48854e+20	-1.70028e+20	0	
10	1.9891e+30	1.13971e+09	5.87535e+09	0	10.6483	9.91669	0	2.32311e+23	3.80035e+23	0	3.285e+23	-5.02247e+10	-2.34103e+10	0	23546.3	-40945.8	0	1.08366e+22	6.17859e+21	0	4.867e+24	6.0583e+10	9.54046e+10	0	-29310.2	19304.9	0	-3.09443e+22	-4.66062e+22	0	5.972e+24	-1.34978e+11	6.81226e+10	0	-12388.1	-27068.8	0	3.21589e+22	-1.49161e+22	0	6.39e+23	7.27281e+10	2.21259e+11	0	-22949.1	7577.14	0	-5.19209e+20	-1.56249e+21	0	1.898e+27	5.19064e+11	5.86785e+11	0	-9738.66	8702.46	0	-2.76852e+23	-3.10499e+23	0	5.683e+26	-1.38011e+12	4.5948e+11	0	-2990.86	-9026.73	0	3.39325e+22	-1.11353e+22	0	8.681e+25	1.5448e+12	2.42363e+12	0	-5744.53	3653.11	0	-7.55017e+20	-1.18279e+21	0	1.024e+26	3.9163e+12	2.20285e+12	0	-2673.09	4731.75	0	-5.89236e+20	-3.30481e+20	0	7.342e+22	-1.35025e+11	6.77439e+10	0	-11372.1	-27169.5	0	4.21534e+20	1.91428e+19	0	
10	1.9891e+30	1.16123e+09	5.89557e+09	0	10.8654	10.2984	0	2.00786e+23	3.79943e+23	0	3.285e+23	3.22559e+10	-4.37058e+10	0	40281.7	25591.4	0	-6.75863e+21	1.07813e+22	0	4.867e+24	-6.23072e+09	1.12777e+11	0	-35100.9	-2589.7	0	3.88444e+21	-5.61542e+22	0	5.972e+24	-1.4844e+11	1.05348e+10	0	-919.091	-29743.2	0	3.52113e+22	-1.20913e+21	0	6.39e+23	2.55569e+10	2.31423e+11	0	-24043.4	2548.3	0	-1.77129e+20	-1.63882e+21	0	1.898e+27	4.99298e+11	6.0386e+11	0	-10024.9	8370.45	0	-2.66276e+23	-3.19615e+23	0	5.683e+26	-1.38597e+12	4.41388e+11	0	-2871.2	-9065.13	0	3.40727e+22	-1.06888e+22	0	8.681e+25	1.5333e+12	2.43091e+12	0	-5761.86	3625.82	0	-7.49446e+20	-1.1864e+21	0	1.024e+26	3.91095e+12	2.21231e+12	0	-2684.59	4725.28	0	-5.88448e+20	-3.31907e+20	0	7.342e+22	-1.48755e+11	1.03146e+10	0	-338.861	-30578.8	0	5.95133e+20	1.00194e+20	0	
10	1.9891e+30	1.18315e+09	5.91655e+09	0	11.0491	10.6811	0	1.6157e+23	3.78676e+23	0	3.285e+23	4.84855e+10	4.02005e+10	0	-27883.7	38837	0	-1.0346e+22	-7.49858e+21	0	4.867e+24	-6.99199e+10	8.56407e+10	0	-26256.6	-23586.7	0	3.76861e+22	-4.2254e+22	0	5.972e+24	-1.38523e+11	-4.7779e+10	0	10698.8	-27773	0	3.28444e+22	1.27448e+22	0	6.39e+23	-2.27183e+10	2.31368e+11	0	-24048.4	-2604.1	0	1.74133e+20	-1.64106e+21	0	1.898e+27	4.78972e+11	6.20261e+11	0	-10299.7	8029.01	0	-2.554e+23	-3.28371e+23	0	5.683e+26	-1.3916e+12	4.2322e+11	0	-2751.05	-9101.96	0	3.42071e+22	-1.02406e+22	0	8.681e+25	1.52176e+12	2.43813e+12	0	-5779.07	3598.44	0	-7.43857e+20	-1.18999e+21	0	1.024e+26	3.90556e+12	2.22175e+12	0	-2696.07	4718.78	0	-5.87655e+20	-3.33332e+20	0	7.342e+22	-1.38897e+11	-4.76868e+10	0	10461.5	-28761	0	5.9589e+20	1.07767e+20	0	
10	1.9891e+30	1.20539e+09	5.93828e+09	0	11.1893	11.0482	0	1.2114e+23	3.44772e+23	0	3.285e+23	-3.57734e+10	5.19352e+10	0	-37039.7	-29430	0	7.84466e+21	-9.75769e+21	0	4.867e+24	-1.03729e+11	2.50534e+10	0	-6298.47	-34786.1	0	5.58739e+22	-1.01775e+22	0	5.972e+24	-1.06774e+11	-9.76994e+10	0	20646	-21466.4	0	2.54401e+22	2.46832e+22	0	6.39e+23	-6.99069e+10	2.2108e+11	0	-22960.5	-7646.37	0	5.18653e+20	-1.56863e+21	0	1.898e+27	4.58107e+11	6.3597e+11	0	-10563	7678.54	0	-2.44237e+23	-3.36758e+23	0	5.683e+26	-1.39698e+12	4.04981e+11	0	-2630.44	-9137.21	0	3.43357e+22	-9.79079e+21	0	8.681e+25	1.51018e+12	2.4453e+12	0	-5796.14	3570.98	0	-7.38251e+20	-1.19354e+21	0	1.024e+26	3.90016e+12	2.23118e+12	0	-2707.54	4712.26	0	-5.86859e+20	-3.34755e+20	0	7.342e+22	-1.06956e+11	-9.73618e+10	0	19742.1	-21928.5	0	4.09607e+20	1.26108e+20	0	
10	1.9891e+30	1.22789e+09	5.96071e+09	0	11.3082	11.3668	0	1.24827e+23	2.89744e+23	0	3.285e+23	-4.38179e+10	-3.22702e+10	0	30761.2	-35892.8	0	9.52485e+21	8.0839e+21	0	4.867e+24	-9.32873e+10	-4.35859e+10	0	16349.4	-31333.2	0	5.02504e+22	2.63424e+22	0	5.972e+24	-5.81474e+10	-1.31417e+11	0	27363.5	-11804.3	0	1.4122e+22	3.26859e+22	0	6.39e+23	-1.13861e+11	2.01009e+11	0	-20825.5	-12348.3	0	8.40609e+20	-1.42435e+21	0	1.898e+27	4.36728e+11	6.50969e+11	0	-10814.4	7319.43	0	-2.328e+23	-3.44766e+23	0	5.683e+26	-1.40212e+12	3.86673e+11	0	-2509.38	-9170.87	0	3.44585e+22	-9.33936e+21	0	8.681e+25	1.49857e+12	2.45242e+12	0	-5813.08	3543.45	0	-7.32626e+20	-1.19707e+21	0	1.024e+26	3.89473e+12	2.2406e+12	0	-2719	4705.71	0	-5.8606e+20	-3.36177e+20	0	7.342e+22	-5.80064e+10	-1.3107e+11	0	26396	-11396.8	0	9.46571e+19	2.07702e+20	0	
10	1.9891e+30	1.25064e+09	5.98372e+09	0	11.4555	11.6423	0	1.7166e+23	2.67446e+23	0	3.285e+23	4.10828e+10	-3.68333e+10	0	34811.1	32721.5	0	-8.68545e+21	9.33637e+21	0	4.867e+24	-4.30364e+10	-9.13809e+10	0	32045.5	-14734.5	0	2.33822e+22	5.14045e+22	0	5.972e+24	-2.36815e+08	-1.43652e+11	0	29798.6	-289.582	0	5.49e+20	3.54619e+22	0	6.39e+23	-1.52572e+11	1.72057e+11	0	-17737.8	-16494	0	1.12503e+21	-1.21444e+21	0	1.898e+27	4.14858e+11	6.65242e+11	0	-11053.5	6952.09	0	-2.211e+23	-3.52387e+23	0	5.683e+26	-1.40702e+12	3.68298e+11	0	-2387.91	-9202.95	0	3.45754e+22	-8.88644e+21	0	8.681e+25	1.48693e+12	2.45947e+12	0	-5829.9	3515.83	0	-7.26984e+20	-1.20057e+21	0	1.024e+26	3.88928e+12	2.25001e+12	0	-2730.44	4699.13	0	-5.85257e+20	-3.37596e+20	0	7.342e+22	1.24549e+08	-1.43544e+11	0	29496.7	698.473	0	-1.93745e+20	3.76926e+20	0	
10	1.9891e+30	1.27374e+09	6.00728e+09	0	11.6498	11.9212	0	2.09527e+23	2.92022e+23	0	3.285e+23	4.12955e+10	4.86349e+10	0	-34642.4	32886.6	0	-8.73075e+21	-9.29919e+21	0	4.867e+24	2.57813e+10	-9.84596e+10	0	34274.6	7875.18	0	-1.28155e+22	5.4632e+22	0	5.972e+24	5.79086e+10	-1.32486e+11	0	27573.3	11281.8	0	-1.32302e+22	3.26649e+22	0	6.39e+23	-1.84268e+11	1.35532e+11	0	-13836.3	-19891.7	0	1.35856e+21	-9.48248e+20	0	1.898e+27	3.92522e+11	6.78772e+11	0	-11280.2	6576.92	0	-2.09151e+23	-3.59611e+23	0	5.683e+26	-1.41167e+12	3.49862e+11	0	-2266.03	-9233.42	0	3.46864e+22	-8.43208e+21	0	8.681e+25	1.47525e+12	2.46648e+12	0	-5846.58	3488.13	0	-7.21324e+20	-1.20405e+21	0	1.024e+26	3.88381e+12	2.2594e+12	0	-2741.86	4692.52	0	-5.8445e+20	-3.39014e+20	0	7.342e+22	5.82224e+10	-1.32691e+11	0	28148.5	12153.1	0	-3.3862e+20	5.15024e+20	0	
10	1.9891e+30	1.29726e+09	6.03143e+09	0	11.8674	12.2314	0	2.20976e+23	3.2399e+23	0	3.285e+23	-4.35897e+10	4.44367e+10	0	-30896.4	-35763.9	0	9.49506e+21	-8.12389e+21	0	4.867e+24	8.44801e+10	-6.22086e+10	0	22333.6	27046.8	0	-4.31507e+22	3.53998e+22	0	5.972e+24	1.07196e+11	-9.96555e+10	0	21039.7	21099.1	0	-2.50508e+22	2.4818e+22	0	6.39e+23	-2.07491e+11	9.30941e+10	0	-9298.34	-22383.7	0	1.53008e+21	-6.37913e+20	0	1.898e+27	3.69745e+11	6.91544e+11	0	-11494.2	6194.36	0	-1.96966e+23	-3.66431e+23	0	5.683e+26	-1.41608e+12	3.31366e+11	0	-2143.77	-9262.29	0	3.47916e+22	-7.97638e+21	0	8.681e+25	1.46354e+12	2.47343e+12	0	-5863.13	3460.35	0	-7.15647e+20	-1.20749e+21	0	1.024e+26	3.87832e+12	2.26878e+12	0	-2753.27	4685.88	0	-5.8364e+20	-3.4043e+20	0	7.342e+22	1.07231e+11	-1.00033e+11	0	22064.9	21221	0	-3.2507e+20	5.09687e+20	0	
10	1.9891e+30	1.32122e+09	6.05622e+09	0	12.094	12.5727	0	2.30317e+23	3.56959e+23	0	3.285e+23	-3.58488e+10	-3.9798e+10	0	36929.6	-29583.9	0	7.8816e+21	9.72304e+21	0	4.867e+24	1.08962e+11	2.14984e+09	0	1288.97	35008.9	0	-5.56525e+22	2.02032e+21	0	5.972e+24	1.39915e+11	-5.02909e+10	0	11221.4	27619.3	0	-3.29449e+22	1.31988e+22	0	6.39e+23	-2.21174e+11	4.66788e+10	0	-4331.71	-23853.8	0	1.63139e+21	-2.9776e+20	0	1.898e+27	3.46554e+11	7.03545e+11	0	-11695.3	5804.82	0	-1.8456e+23	-3.72839e+23	0	5.683e+26	-1.42024e+12	3.12814e+11	0	-2021.15	-9289.56	0	3.48908e+22	-7.5194e+21	0	8.681e+25	1.4518e+12	2.48032e+12	0	-5879.55	3432.49	0	-7.09952e+20	-1.21091e+21	0	1.024e+26	3.8728e+12	2.27814e+12	0	-2764.66	4679.22	0	-5.82826e+20	-3.41844e+20	0	7.342e+22	1.3965e+11	-5.05731e+10	0	11957.6	26931.9	0	-2.70008e+20	3.0794e+20	0	
10	1.9891e+30	1.34564e+09	6.08175e+09	0	12.3272	12.9573	0	2.28344e+23	4.12437e+23	0	3.285e+23	4.8495e+10	-2.84243e+10	0	28082.6	38705.5	0	-1.03088e+22	7.54457e+21	0	4.867e+24	8.92816e+10	6.8113e+10	0	-20274.1	28597.8	0	-4.55899e+22	-3.21591e+22	0	5.972e+24	1.50943e+11	7.89049e+09	0	-347.892	29815.5	0	-3.56156e+22	-4.2177e+20	0	6.39e+23	-2.24683e+11	-1.59305e+09	0	835.286	-24233.2	0	1.65759e+21	5.63655e+19	0	1.898e+27	3.22973e+11	7.14759e+11	0	-11883.1	5408.75	0	-1.71946e+23	-3.78828e+23	0	5.683e+26	-1.42416e+12	2.94209e+11	0	-1898.2	-9315.22	0	3.49842e+22	-7.06121e+21	0	8.681e+25	1.44002e+12	2.48716e+12	0	-5895.85	3404.55	0	-7.04239e+20	-1.2143e+21	0	1.024e+26	3.86726e+12	2.28749e+12	0	-2776.03	4672.53	0	-5.82009e+20	-3.43257e+20	0	7.342e+22	1.50559e+11	7.89992e+09	0	-377.114	28793.4	0	-2.39465e+20	-1.0177e+19	0	
10	1.9891e+30	1.37051e+09	6.1081e+09	0	12.5369	13.4036	0	1.80185e+23	4.70723e+23	0	3.285e+23	3.26831e+10	5.55604e+10	0	-40148.1	25782.4	0	-6.80946e+21	-1.07542e+22	0	4.867e+24	3.34446e+10	1.08539e+11	0	-33573.6	10356.7	0	-1.67576e+22	-5.35175e+22	0	5.972e+24	1.38557e+11	6.57899e+10	0	-11861.4	27340.9	0	-3.26083e+22	-1.39775e+22	0	6.39e+23	-2.17857e+11	-4.95135e+10	0	5964.62	-23503.8	0	1.60741e+21	4.07899e+20	0	1.898e+27	2.9903e+11	7.25175e+11	0	-12057.6	5006.6	0	-1.59138e+23	-3.84391e+23	0	5.683e+26	-1.42784e+12	2.75554e+11	0	-1774.92	-9339.26	0	3.50716e+22	-6.60189e+21	0	8.681e+25	1.42822e+12	2.49394e+12	0	-5912	3376.54	0	-6.98509e+20	-1.21766e+21	0	1.024e+26	3.8617e+12	2.29683e+12	0	-2787.39	4665.81	0	-5.81188e+20	-3.44668e+20	0	7.342e+22	1.38309e+11	6.60833e+10	0	-12642.4	26695.1	0	-2.71556e+20	-3.26132e+20	0	
10	1.9891e+30	1.39574e+09	6.13538e+09	0	12.6801	13.8871	0	1.05192e+23	4.81596e+23	0	3.285e+23	-4.98476e+10	3.56211e+10	0	-23700.6	-40844.4	0	1.08141e+22	-6.22242e+21	0	4.867e+24	-3.56394e+10	1.06514e+11	0	-33006.5	-12341.7	0	1.95372e+22	-5.29505e+22	0	5.972e+24	1.047e+11	1.14352e+11	0	-21520.4	20585.7	0	-2.4424e+22	-2.54129e+22	0	6.39e+23	-2.01007e+11	-9.48905e+10	0	10820	-21699.8	0	1.48323e+21	7.40396e+20	0	1.898e+27	2.74752e+11	7.34782e+11	0	-12218.4	4598.81	0	-1.4615e+23	-3.89522e+23	0	5.683e+26	-1.43126e+12	2.56853e+11	0	-1651.35	-9361.68	0	3.51531e+22	-6.14152e+21	0	8.681e+25	1.41638e+12	2.50066e+12	0	-5928.03	3348.44	0	-6.92761e+20	-1.221e+21	0	1.024e+26	3.85611e+12	2.30616e+12	0	-2798.74	4659.07	0	-5.80364e+20	-3.46077e+20	0	7.342e+22	1.04759e+11	1.14722e+11	0	-22548.4	20778.7	0	-3.32282e+20	-5.20178e+20	0	
10	1.9891e+30	1.42119e+09	6.16364e+09	0	12.7579	14.3583	0	5.63841e+22	4.52851e+23	0	3.285e+23	-2.65856e+10	-4.57231e+10	0	41834.4	-22228	0	5.95811e+21	1.10383e+22	0	4.867e+24	-8.92001e+10	6.2543e+10	0	-18579.9	-30042.3	0	4.8162e+22	-2.99623e+22	0	5.972e+24	5.46775e+10	1.45985e+11	0	-27815.9	10614	0	-1.242e+22	-3.29943e+22	0	6.39e+23	-1.74908e+11	-1.35651e+11	0	15178.3	-18905.3	0	1.29101e+21	1.03837e+21	0	1.898e+27	2.50165e+11	7.43567e+11	0	-12365.5	4185.84	0	-1.32997e+23	-3.94215e+23	0	5.683e+26	-1.43444e+12	2.38108e+11	0	-1527.5	-9382.49	0	3.52286e+22	-5.68016e+21	0	8.681e+25	1.4045e+12	2.50733e+12	0	-5943.92	3320.28	0	-6.86996e+20	-1.2243e+21	0	1.024e+26	3.8505e+12	2.31547e+12	0	-2810.06	4652.29	0	-5.79536e+20	-3.47484e+20	0	7.342e+22	5.50068e+10	1.46161e+11	0	-28323.2	11530.9	0	-3.40173e+20	-5.04039e+20	0	
10	1.9891e+30	1.44675e+09	6.1928e+09	0	12.8044	14.7997	0	3.84731e+22	4.28283e+23	0	3.285e+23	5.42276e+10	-1.87689e+10	0	20333.5	43320	0	-1.15647e+22	5.46936e+21	0	4.867e+24	-1.04601e+11	-5.13884e+09	0	3750.85	-35154.7	0	5.64813e+22	6.0361e+21	0	5.972e+24	-3.6738e+09	1.55746e+11	0	-29760.2	-1006.38	0	1.40115e+21	-3.54576e+22	0	6.39e+23	-1.40758e+11	-1.69936e+11	0	18840	-15250.3	0	1.03993e+21	1.28808e+21	0	1.898e+27	2.25299e+11	7.51522e+11	0	-12498.7	3768.16	0	-1.19694e+23	-3.98464e+23	0	5.683e+26	-1.43737e+12	2.19324e+11	0	-1403.4	-9401.66	0	3.52981e+22	-5.2179e+21	0	8.681e+25	1.3926e+12	2.51394e+12	0	-5959.69	3292.03	0	-6.81214e+20	-1.22758e+21	0	1.024e+26	3.84487e+12	2.32476e+12	0	-2821.37	4645.49	0	-5.78705e+20	-3.4889e+20	0	7.342e+22	-3.32165e+09	1.55606e+11	0	-29382.1	-49.8364	0	-1.75194e+20	-3.6049e+20	0	
10	1.9891e+30	1.4724e+09	6.22282e+09	0	12.8345	15.2228	0	2.03423e+22	4.12079e+23	0	3.285e+23	2.29621e+10	6.07418e+10	0	-44210.4	17787.3	0	-4.65676e+21	-1.1814e+22	0	4.867e+24	-7.52732e+10	-6.80455e+10	0	24486.4	-25451	0	4.07079e+22	3.93945e+22	0	5.972e+24	-6.1222e+10	1.42119e+11	0	-27045.5	-12457.2	0	1.48915e+22	-3.23324e+22	0	6.39e+23	-1.00123e+11	-1.9619e+11	0	21639	-10904.5	0	7.41899e+20	1.47818e+21	0	1.898e+27	2.0018e+11	7.58637e+11	0	-12617.7	3346.24	0	-1.06255e+23	-4.02266e+23	0	5.683e+26	-1.44006e+12	2.00503e+11	0	-1279.06	-9419.21	0	3.53617e+22	-4.7548e+21	0	8.681e+25	1.38066e+12	2.5205e+12	0	-5975.31	3263.71	0	-6.75415e+20	-1.23083e+21	0	1.024e+26	3.83921e+12	2.33405e+12	0	-2832.67	4638.66	0	-5.7787e+20	-3.50293e+20	0	7.342e+22	-6.11043e+10	1.41758e+11	0	-26065.2	-12120.4	0	1.20001e+20	-2.03309e+20	0	
10	1.9891e+30	1.49808e+09	6.25367e+09	0	12.8484	15.6231	0	1.19276e+22	3.82423e+23	0	3.285e+23	-5.43332e+10	2.58021e+10	0	-15702.4	-44506.3	0	1.17622e+22	-4.11829e+21	0	4.867e+24	-1.36755e+10	-9.9769e+10	0	34851.7	-5146.29	0	7.97978e+21	5.57577e+22	0	5.972e+24	-1.08968e+11	1.07243e+11	0	-20095.1	-21952.9	0	2.60198e+22	-2.40457e+22	0	6.39e+23	-5.48614e+10	-2.13226e+11	0	23449.8	-6068.4	0	4.10904e+20	1.60023e+21	0	1.898e+27	1.74837e+11	7.64904e+11	0	-12722.6	2920.56	0	-9.26961e+22	-4.05615e+23	0	5.683e+26	-1.44249e+12	1.81648e+11	0	-1154.51	-9435.13	0	3.54193e+22	-4.29094e+21	0	8.681e+25	1.3687e+12	2.527e+12	0	-5990.81	3235.32	0	-6.69598e+20	-1.23405e+21	0	1.024e+26	3.83354e+12	2.34332e+12	0	-2843.95	4631.81	0	-5.77032e+20	-3.51695e+20	0	7.342e+22	-1.09167e+11	1.06911e+11	0	-19226.7	-22461.9	0	4.23059e+20	-1.25443e+20	0	
10	1.9891e+30	1.52379e+09	6.2853e+09	0	12.8696	15.9954	0	3.46741e+22	3.63573e+23	0	3.285e+23	-1.63449e+10	-4.98293e+10	0	45298.7	-14071.5	0	3.81529e+21	1.19815e+22	0	4.867e+24	5.42925e+10	-8.73037e+10	0	30670.1	17125.5	0	-2.74902e+22	4.87567e+22	0	5.972e+24	-1.39449e+11	5.65805e+10	0	-9998.42	-28016.2	0	3.31364e+22	-1.19288e+22	0	6.39e+23	-7.0366e+09	-2.20284e+11	0	24192.9	-963.955	0	6.2308e+19	1.64907e+21	0	1.898e+27	1.49299e+11	7.70317e+11	0	-12813.1	2491.58	0	-7.90317e+22	-4.08508e+23	0	5.683e+26	-1.44467e+12	1.62763e+11	0	-1029.77	-9449.41	0	3.5471e+22	-3.8264e+21	0	8.681e+25	1.3567e+12	2.53344e+12	0	-6006.17	3206.85	0	-6.63765e+20	-1.23725e+21	0	1.024e+26	3.82784e+12	2.35258e+12	0	-2855.21	4624.93	0	-5.76191e+20	-3.53096e+20	0	7.342e+22	-1.39825e+11	5.65059e+10	0	-9816.32	-29020.2	0	6.02741e+20	-1.06504e+20	0	
10	1.9891e+30	1.54958e+09	6.31766e+09	0	12.919	16.3693	0	5.91339e+22	3.87128e+23	0	3.285e+23	5.80718e+10	-8.20514e+09	0	11841.4	46390	0	-1.2402e+22	3.18662e+21	0	4.867e+24	1.00491e+11	-3.61477e+10	0	13894.5	32182.2	0	-5.12158e+22	2.19825e+22	0	5.972e+24	-1.47902e+11	-1.94128e+09	0	1662.62	-29705	0	3.51754e+22	2.07761e+21	0	6.39e+23	4.11774e+10	-2.17057e+11	0	23838.3	4176.11	0	-2.87911e+20	1.62298e+21	0	1.898e+27	1.23595e+11	7.74869e+11	0	-12889.1	2059.79	0	-6.52773e+22	-4.10941e+23	0	5.683e+26	-1.44661e+12	1.43851e+11	0	-904.857	-9462.06	0	3.55166e+22	-3.36125e+21	0	8.681e+25	1.34467e+12	2.53983e+12	0	-6021.39	3178.31	0	-6.57915e+20	-1.24041e+21	0	1.024e+26	3.82212e+12	2.36182e+12	0	-2866.45	4618.02	0	-5.75346e+20	-3.54494e+20	0	7.342e+22	-1.48202e+11	-1.70508e+09	0	1026.79	-30508.1	0	5.90372e+20	-1.008e+20	0	
10	1.9891e+30	1.57547e+09	6.3508e+09	0	12.9736	16.7794	0	4.19314e+22	4.26156e+23	0	3.285e+23	1.24816e+10	6.40052e+10	0	-46693.6	9193.27	0	-2.35421e+21	-1.24454e+22	0	4.867e+24	1.06058e+11	3.24677e+10	0	-8520.77	33985.7	0	-5.40428e+22	-1.35077e+22	0	5.972e+24	-1.33003e+11	-5.91701e+10	0	13062	-26754.7	0	3.18049e+22	1.56955e+22	0	6.39e+23	8.75965e+10	-2.0371e+11	0	22405.6	9119.04	0	-6.23919e+20	1.52366e+21	0	1.898e+27	9.77527e+10	7.78554e+11	0	-12950.6	1625.69	0	-5.14483e+22	-4.12912e+23	0	5.683e+26	-1.44829e+12	1.24916e+11	0	-779.793	-9473.07	0	3.55562e+22	-2.89557e+21	0	8.681e+25	1.33262e+12	2.54615e+12	0	-6036.48	3149.7	0	-6.52049e+20	-1.24355e+21	0	1.024e+26	3.81637e+12	2.37105e+12	0	-2877.68	4611.08	0	-5.74499e+20	-3.55891e+20	0	7.342e+22	-1.33023e+11	-5.87929e+10	0	12030.3	-26784.3	0	4.03187e+20	-1.48586e+19	0	
10	1.9891e+30	1.60145e+09	6.38479e+09	0	12.996	17.2155	0	3.09919e+21	4.35695e+23	0	3.285e+23	-5.68939e+10	1.53234e+10	0	-7174.39	-46630.5	0	1.23112e+22	-1.88119e+21	0	4.867e+24	6.87421e+10	9.03536e+10	0	-27473.9	21822	0	-3.49085e+22	-4.36566e+22	0	5.972e+24	-9.70732e+10	-1.06156e+11	0	22416.6	-19620.6	0	2.34923e+22	2.675e+22	0	6.39e+23	1.30125e+11	-1.8086e+11	0	19963.3	13642.6	0	-9.30735e+20	1.35604e+21	0	1.898e+27	7.18021e+10	7.8137e+11	0	-12997.5	1189.75	0	-3.75603e+22	-4.14419e+23	0	5.683e+26	-1.44973e+12	1.0596e+11	0	-654.6	-9482.44	0	3.55898e+22	-2.42943e+21	0	8.681e+25	1.32053e+12	2.55243e+12	0	-6051.44	3121.01	0	-6.46166e+20	-1.24666e+21	0	1.024e+26	3.81061e+12	2.38026e+12	0	-2888.9	4604.11	0	-5.73647e+20	-3.57285e+20	0	7.342e+22	-9.67929e+10	-1.05914e+11	0	21720.2	-18822.5	0	1.2688e+20	1.89443e+20	0	
10	1.9891e+30	1.62743e+09	6.41966e+09	0	12.9853	17.6495	0	-2.1319e+22	4.27617e+23	0	3.285e+23	-5.47916e+09	-5.19636e+10	0	47192.3	-5391.52	0	1.52332e+21	1.25147e+22	0	4.867e+24	3.76301e+09	1.13587e+11	0	-35174.2	545.43	0	-1.12041e+21	-5.62228e+22	0	5.972e+24	-4.57185e+10	-1.35549e+11	0	28266	-9409.05	0	1.13985e+22	3.35435e+22	0	6.39e+23	1.6685e+11	-1.49554e+11	0	16624.1	17544.5	0	-1.19486e+21	1.12804e+21	0	1.898e+27	4.57724e+10	7.83312e+11	0	-13029.7	752.473	0	-2.36289e+22	-4.1546e+23	0	5.683e+26	-1.45091e+12	8.69874e+10	0	-529.3	-9490.17	0	3.56174e+22	-1.9629e+21	0	8.681e+25	1.30841e+12	2.55864e+12	0	-6066.26	3092.25	0	-6.40267e+20	-1.24974e+21	0	1.024e+26	3.80482e+12	2.38946e+12	0	-2900.09	4597.12	0	-5.72793e+20	-3.58678e+20	0	7.342e+22	-4.53454e+10	-1.35619e+11	0	28434.4	-8396.7	0	-6.30489e+19	4.50633e+20	0	
10	1.9891e+30	1.65338e+09	6.45539e+09	0	12.9547	18.0787	0	-4.15767e+22	4.27193e+23	0	3.285e+23	5.98898e+10	2.89221e+09	0	2915.89	47798.8	0	-1.27866e+22	7.82408e+20	0	4.867e+24	-6.20583e+10	9.22476e+10	0	-28242.8	-21138.2	0	3.3733e+22	-4.54224e+22	0	5.972e+24	1.30407e+10	-1.42745e+11	0	29700.7	2286.23	0	-2.59208e+21	3.51328e+22	0	6.39e+23	1.96124e+11	-1.11212e+11	0	12540.4	20651.7	0	-1.40482e+21	8.50084e+20	0	1.898e+27	1.9693e+10	7.84379e+11	0	-13047.3	314.343	0	-9.66951e+21	-4.16032e+23	0	5.683e+26	-1.45184e+12	6.80007e+10	0	-403.913	-9496.26	0	3.5639e+22	-1.49606e+21	0	8.681e+25	1.29626e+12	2.56479e+12	0	-6080.94	3063.42	0	-6.34351e+20	-1.2528e+21	0	1.024e+26	3.79901e+12	2.39865e+12	0	-2911.27	4590.1	0	-5.71935e+20	-3.6007e+20	0	7.342e+22	1.3235e+10	-1.43074e+11	0	30583.8	2813.37	0	-1.36032e+20	6.05224e+20	0	
10	1.9891e+30	1.67923e+09	6.49197e+09	0	12.8961	18.5043	0	-7.55729e+22	4.14135e+23	0	3.285e+23	1.61673e+09	6.52467e+10	0	-47522.7	309.645	0	1.34243e+19	-1.26325e+22	0	4.867e+24	-1.01125e+11	3.49447e+10	0	-9375.96	-34074.4	0	5.47274e+22	-1.51457e+22	0	5.972e+24	7.00197e+10	-1.26609e+11	0	26498	13633.6	0	-1.62395e+22	3.13187e+22	0	6.39e+23	2.16637e+11	-6.75686e+10	0	7896.33	22826.8	0	-1.55159e+21	5.34662e+20	0	1.898e+27	-6.4069e+09	7.84569e+11	0	-13050.1	-124.143	0	4.30217e+21	-4.16137e+23	0	5.683e+26	-1.45253e+12	4.90035e+10	0	-278.46	-9500.7	0	3.56546e+22	-1.02899e+21	0	8.681e+25	1.28409e+12	2.57089e+12	0	-6095.48	3034.53	0	-6.2842e+20	-1.25583e+21	0	1.024e+26	3.79317e+12	2.40782e+12	0	-2922.43	4583.06	0	-5.71074e+20	-3.61459e+20	0	7.342e+22	6.98959e+10	-1.26974e+11	0	27464	13322.4	0	-1.34035e+20	5.73003e+20	0	
10	1.9891e+30	1.70494e+09	6.52938e+09	0	12.81	18.901	0	-8.85267e+22	3.72547e+23	0	3.285e+23	-5.74416e+10	4.54927e+09	0	1595.58	-47148.5	0	1.24448e+22	4.16673e+20	0	4.867e+24	-9.68462e+10	-3.43408e+10	0	13493.7	-32665.2	0	5.24322e+22	2.17451e+22	0	5.972e+24	1.16306e+11	-8.96513e+10	0	19156.7	22851.9	0	-2.73099e+22	2.26909e+22	0	6.39e+23	2.27473e+11	-2.05905e+10	0	2900.32	23974.2	0	-1.62892e+21	1.95764e+20	0	1.898e+27	-3.24977e+10	7.83883e+11	0	-13038.2	-562.492	0	1.82705e+22	-4.15772e+23	0	5.683e+26	-1.45296e+12	2.9999e+10	0	-152.964	-9503.5	0	3.56642e+22	-5.61755e+20	0	8.681e+25	1.27188e+12	2.57693e+12	0	-6109.89	3005.56	0	-6.22473e+20	-1.25883e+21	0	1.024e+26	3.78732e+12	2.41698e+12	0	-2933.58	4575.98	0	-5.70209e+20	-3.62846e+20	0	7.342e+22	1.15953e+11	-8.9806e+10	0	19545.6	21918.7	0	-1.53473e+20	3.60229e+20	0	
10	1.9891e+30	1.73048e+09	6.56755e+09	0	12.7336	19.2581	0	-5.78657e+22	3.44443e+23	0	3.285e+23	5.63486e+09	-5.20388e+10	0	47435.6	3512.67	0	-8.40278e+20	1.26126e+22	0	4.867e+24	-5.10355e+10	-8.64211e+10	0	30621.6	-17525.2	0	2.78948e+22	4.91596e+22	0	5.972e+24	1.44657e+11	-3.7644e+10	0	8820.58	28492.9	0	-3.40221e+22	1.05576e+22	0	6.39e+23	2.28151e+11	2.76085e+10	0	-2224.38	24043.4	0	-1.63354e+21	-1.51694e+20	0	1.898e+27	-5.855e+10	7.8232e+11	0	-13011.6	-1000.21	0	3.22197e+22	-4.1494e+23	0	5.683e+26	-1.45314e+12	1.09906e+10	0	-27.4438	-9504.65	0	3.56677e+22	-9.44382e+19	0	8.681e+25	1.25965e+12	2.58291e+12	0	-6124.17	2976.52	0	-6.16511e+20	-1.2618e+21	0	1.024e+26	3.78144e+12	2.42613e+12	0	-2944.71	4568.88	0	-5.69341e+20	-3.64232e+20	0	7.342e+22	1.44316e+11	-3.74781e+10	0	8357.72	27565.1	0	-2.34783e+20	3.98515e+19	0	
10	1.9891e+30	1.7559e+09	6.60641e+09	0	12.6952	19.611	0	-2.27287e+22	3.64955e+23	0	3.285e+23	5.96162e+10	1.41295e+10	0	-6116.03	47492.8	0	-1.27027e+22	-1.65156e+21	0	4.867e+24	1.69126e+10	-9.95701e+10	0	34853.8	4817.64	0	-7.93759e+21	5.56048e+22	0	5.972e+24	1.50637e+11	2.12843e+10	0	-2897.99	29671.6	0	-3.5303e+22	-3.27715e+21	0	6.39e+23	2.18642e+11	7.48614e+10	0	-7249.12	23031.7	0	-1.56527e+21	-4.92465e+20	0	1.898e+27	-8.45344e+10	7.79883e+11	0	-12970.3	-1436.81	0	4.61342e+22	-4.13641e+23	0	5.683e+26	-1.45307e+12	-8.01854e+09	0	98.0777	-9504.16	0	3.56652e+22	3.72889e+20	0	8.681e+25	1.24738e+12	2.58884e+12	0	-6138.3	2947.42	0	-6.10533e+20	-1.26474e+21	0	1.024e+26	3.77554e+12	2.43526e+12	0	-2955.82	4561.76	0	-5.68471e+20	-3.65616e+20	0	7.342e+22	1.50543e+11	2.16516e+10	0	-3895.32	29426.1	0	-3.83164e+20	-2.40993e+20	0	
10	1.9891e+30	1.78127e+09	6.64602e+09	0	12.6746	19.9981	0	-2.39973e+22	4.03853e+23	0	3.285e+23	-9.2476e+09	6.44355e+10	0	-46681.2	-8548.95	0	2.36187e+21	-1.23758e+22	0	4.867e+24	7.86122e+10	-6.86258e+10	0	24643.1	24984.5	0	-3.98941e+22	3.90852e+22	0	5.972e+24	1.33314e+11	7.79187e+10	0	-14167.2	26207.8	0	-3.10204e+22	-1.6704e+22	0	6.39e+23	1.9937e+11	1.19043e+11	0	-11949.5	20983.5	0	-1.42701e+21	-8.11566e+20	0	1.898e+27	-1.10422e+11	7.76574e+11	0	-12914.4	-1871.79	0	5.99984e+22	-4.11875e+23	0	5.683e+26	-1.45275e+12	-2.7025e+10	0	223.58	-9502.03	0	3.56567e+22	8.40151e+20	0	8.681e+25	1.23509e+12	2.5947e+12	0	-6152.3	2918.25	0	-6.0454e+20	-1.26766e+21	0	1.024e+26	3.76962e+12	2.44438e+12	0	-2966.91	4554.6	0	-5.67596e+20	-3.66998e+20	0	7.342e+22	1.33533e+11	7.82187e+10	0	-15012.3	26838.6	0	-5.05984e+20	-3.77896e+20	0	
10	1.9891e+30	1.80659e+09	6.68643e+09	0	12.6417	20.4179	0	-4.15105e+22	4.2944e+23	0	3.285e+23	-5.59561e+10	-6.14427e+09	0	10311.8	-46043.5	0	1.21593e+22	2.70098e+21	0	4.867e+24	1.08685e+11	-6.65161e+09	0	4371.98	34769	0	-5.52663e+22	6.89799e+21	0	5.972e+24	9.5408e+10	1.23402e+11	0	-23222.3	18651	0	-2.19529e+22	-2.76249e+22	0	6.39e+23	1.712e+11	1.58163e+11	0	-16115	17988.9	0	-1.22465e+21	-1.09488e+21	0	1.898e+27	-1.36182e+11	7.72397e+11	0	-12843.9	-2304.66	0	7.37967e+22	-4.09645e+23	0	5.683e+26	-1.45217e+12	-4.60256e+10	0	349.042	-9498.25	0	3.56422e+22	1.30727e+21	0	8.681e+25	1.22278e+12	2.60051e+12	0	-6166.16	2889.01	0	-5.98533e+20	-1.27055e+21	0	1.024e+26	3.76367e+12	2.45348e+12	0	-2977.99	4547.42	0	-5.66719e+20	-3.68378e+20	0	7.342e+22	9.57845e+10	1.2341e+11	0	-23273.4	19687.5	0	-4.78525e+20	-3.42451e+20	0	
10	1.9891e+30	1.83183e+09	6.7277e+09	0	12.5915	20.863	0	-5.97687e+22	4.58371e+23	0	3.285e+23	1.66092e+10	-5.00394e+10	0	46008.2	12329	0	-3.19281e+21	1.22652e+22	0	4.867e+24	9.4902e+10	6.0802e+10	0	-17667.1	30277.6	0	-4.82186e+22	-2.80138e+22	0	5.972e+24	4.28583e+10	1.50625e+11	0	-28640.1	8188.4	0	-9.57559e+21	-3.4197e+22	0	6.39e+23	1.35392e+11	1.90455e+11	0	-19557.8	14180.4	0	-9.66894e+20	-1.32975e+21	0	1.898e+27	-1.61788e+11	7.67357e+11	0	-12758.9	-2734.94	0	8.75135e+22	-4.06954e+23	0	5.683e+26	-1.45135e+12	-6.50169e+10	0	474.441	-9492.83	0	3.56216e+22	1.77418e+21	0	8.681e+25	1.21043e+12	2.60626e+12	0	-6179.88	2859.7	0	-5.9251e+20	-1.27341e+21	0	1.024e+26	3.7577e+12	2.46257e+12	0	-2989.05	4540.21	0	-5.65839e+20	-3.69756e+20	0	7.342e+22	4.31178e+10	1.50341e+11	0	-27894.5	8877.32	0	-2.54249e+20	-2.73395e+20	0	
10	1.9891e+30	1.85694e+09	6.7699e+09	0	12.5121	21.3435	0	-1.05657e+23	4.961e+23	0	3.285e+23	5.72643e+10	2.511e+10	0	-14924.3	45484.3	0	-1.21539e+22	-4.02291e+21	0	4.867e+24	4.28715e+10	1.06009e+11	0	-32513.1	13290.6	0	-2.14035e+22	-5.17845e+22	0	5.972e+24	-1.61082e+10	1.55337e+11	0	-29570	-3544.42	0	4.22804e+21	-3.534e+22	0	6.39e+23	9.3555e+10	2.14453e+11	0	-22121.4	9726.87	0	-6.64905e+20	-1.50546e+21	0	1.898e+27	-1.87208e+11	7.61459e+11	0	-12659.5	-3162.15	0	1.01133e+23	-4.03803e+23	0	5.683e+26	-1.45028e+12	-8.39958e+10	0	599.759	-9485.76	0	3.55951e+22	2.24081e+21	0	8.681e+25	1.19806e+12	2.61195e+12	0	-6193.46	2830.33	0	-5.86473e+20	-1.27625e+21	0	1.024e+26	3.75171e+12	2.47164e+12	0	-3000.09	4532.98	0	-5.64955e+20	-3.71132e+20	0	7.342e+22	-1.61497e+10	1.54955e+11	0	-28553.7	-3647.21	0	7.41628e+19	-2.3733e+20	0	
10	1.9891e+30	1.88183e+09	6.8131e+09	0	12.3666	21.8482	0	-1.85828e+23	4.97999e+23	0	3.285e+23	-1.97286e+10	6.16138e+10	0	-44211.2	-17073.8	0	4.61019e+21	-1.16907e+22	0	4.867e+24	-2.60941e+10	1.10131e+11	0	-33959.3	-9349.52	0	1.47379e+22	-5.44309e+22	0	5.972e+24	-7.22663e+10	1.36815e+11	0	-25867.6	-14716.7	0	1.73776e+22	-3.08589e+22	0	6.39e+23	4.7572e+10	2.29063e+11	0	-23687.6	4827.04	0	-3.31928e+20	-1.61377e+21	0	1.898e+27	-2.12416e+11	7.5471e+11	0	-12545.8	-3585.79	0	1.14641e+23	-4.00198e+23	0	5.683e+26	-1.44895e+12	-1.02959e+11	0	724.972	-9477.06	0	3.55625e+22	2.70707e+21	0	8.681e+25	1.18566e+12	2.61758e+12	0	-6206.9	2800.9	0	-5.80422e+20	-1.27905e+21	0	1.024e+26	3.7457e+12	2.4807e+12	0	-3011.12	4525.71	0	-5.64068e+20	-3.72506e+20	0	7.342e+22	-7.25797e+10	1.36589e+11	0	-25285.8	-15538.1	0	3.75314e+20	-2.62999e+20	0	
10	1.9891e+30	1.90636e+09	6.85728e+09	0	12.145	22.3265	0	-2.47575e+23	4.47309e+23	0	3.285e+23	-5.24851e+10	-1.6382e+10	0	18679.6	-43350.3	0	1.14627e+22	4.89763e+21	0	4.867e+24	-8.33365e+10	7.11273e+10	0	-21177.5	-28252.3	0	4.52653e+22	-3.41274e+22	0	5.972e+24	-1.16835e+11	9.79698e+10	0	-18116.9	-23587	0	2.78781e+22	-2.14968e+22	0	6.39e+23	-4.80313e+08	2.33609e+11	0	-24182.4	-298.969	0	1.72381e+19	-1.64935e+21	0	1.898e+27	-2.37382e+11	7.47118e+11	0	-12418	-4005.4	0	1.28021e+23	-3.9614e+23	0	5.683e+26	-1.44738e+12	-1.21903e+11	0	850.059	-9466.71	0	3.5524e+22	3.17289e+21	0	8.681e+25	1.17323e+12	2.62315e+12	0	-6220.2	2771.4	0	-5.74356e+20	-1.28183e+21	0	1.024e+26	3.73967e+12	2.48974e+12	0	-3022.13	4518.43	0	-5.63178e+20	-3.73879e+20	0	7.342e+22	-1.17203e+11	9.80556e+10	0	-18376.9	-24593	0	5.43924e+20	-3.09996e+20	0	
10	1.9891e+30	1.93039e+09	6.90236e+09	0	11.8854	22.7449	0	-2.61965e+23	3.87925e+23	0	3.285e+23	2.70572e+10	-4.60206e+10	0	42947.4	20743.6	0	-5.44954e+21	1.1478e+22	0	4.867e+24	-1.04708e+11	5.11379e+09	0	599.528	-35339.6	0	5.67919e+22	9.54076e+20	0	5.972e+24	-1.42849e+11	4.48854e+10	0	-7536.34	-28773.1	0	3.41398e+22	-8.79249e+21	0	6.39e+23	-4.84245e+10	2.2787e+11	0	-23579.4	-5419.3	0	3.66844e+20	-1.61006e+21	0	1.898e+27	-2.62078e+11	7.38692e+11	0	-12276.1	-4420.49	0	1.41259e+23	-3.91636e+23	0	5.683e+26	-1.44555e+12	-1.40825e+11	0	975.001	-9454.73	0	3.54794e+22	3.63819e+21	0	8.681e+25	1.16078e+12	2.62867e+12	0	-6233.37	2741.83	0	-5.68277e+20	-1.28458e+21	0	1.024e+26	3.73361e+12	2.49877e+12	0	-3033.12	4511.11	0	-5.62285e+20	-3.75249e+20	0	7.342e+22	-1.43011e+11	4.52252e+10	0	-8471.48	-29223.8	0	5.0806e+20	-2.97232e+20	0	
10	1.9891e+30	1.9539e+09	6.94823e+09	0	11.6243	23.1151	0	-2.57734e+23	3.5133e+23	0	3.285e+23	5.29208e+10	3.54479e+10	0	-23187.4	41849.4	0	-1.11626e+22	-6.2418e+21	0	4.867e+24	-8.11049e+10	-6.01453e+10	0	22124.5	-27528.4	0	4.40869e+22	3.56142e+22	0	5.972e+24	-1.46239e+11	-1.41315e+10	0	4216.49	-29462.1	0	3.51161e+22	5.17293e+21	0	6.39e+23	-9.40805e+10	2.1209e+11	0	-21902.4	-10300.7	0	7.00896e+20	-1.49719e+21	0	1.898e+27	-2.86477e+11	7.2944e+11	0	-12120.3	-4830.61	0	1.5434e+23	-3.86689e+23	0	5.683e+26	-1.44348e+12	-1.59721e+11	0	1099.78	-9441.1	0	3.54289e+22	4.10291e+21	0	8.681e+25	1.1483e+12	2.63412e+12	0	-6246.39	2712.21	0	-5.62184e+20	-1.2873e+21	0	1.024e+26	3.72754e+12	2.50779e+12	0	-3044.09	4503.77	0	-5.61388e+20	-3.76618e+20	0	7.342e+22	-1.46085e+11	-1.37885e+10	0	3273.71	-29027.4	0	3.47136e+20	-1.28257e+20	0	
10	1.9891e+30	1.97689e+09	6.9948e+09	0	11.3666	23.4518	0	-2.52851e+23	3.17068e+23	0	3.285e+23	-2.94617e+10	5.68953e+10	0	-40210.6	-24972	0	6.68282e+21	-1.06072e+22	0	4.867e+24	-2.25614e+10	-9.72168e+10	0	34266.8	-8217.14	0	1.2919e+22	5.48688e+22	0	5.972e+24	-1.26471e+11	-6.98511e+10	0	15306.4	-25540.6	0	3.05685e+22	1.82188e+22	0	6.39e+23	-1.35365e+11	1.86975e+11	0	-19224.4	-14719.5	0	1.00391e+21	-1.31546e+21	0	1.898e+27	-3.10551e+11	7.19373e+11	0	-11950.9	-5235.28	0	1.67249e+23	-3.81306e+23	0	5.683e+26	-1.44115e+12	-1.78588e+11	0	1224.36	-9425.85	0	3.53723e+22	4.56697e+21	0	8.681e+25	1.13579e+12	2.63952e+12	0	-6259.27	2682.52	0	-5.56077e+20	-1.29e+21	0	1.024e+26	3.72144e+12	2.51679e+12	0	-3055.05	4496.4	0	-5.60489e+20	-3.77984e+20	0	7.342e+22	-1.26108e+11	-6.97602e+10	0	15032.8	-24529.6	0	1.72723e+20	1.74164e+20	0	
10	1.9891e+30	1.99937e+09	7.04201e+09	0	11.1244	23.7534	0	-2.23937e+23	2.86363e+23	0	3.285e+23	-4.71461e+10	-2.58047e+10	0	26416	-39158	0	1.03763e+22	6.93513e+21	0	4.867e+24	4.62648e+10	-9.08113e+10	0	32075.9	14355	0	-2.30871e+22	5.1036e+22	0	5.972e+24	-8.66274e+10	-1.13559e+11	0	24005.9	-17615.4	0	2.11189e+22	2.84063e+22	0	6.39e+23	-1.70389e+11	1.53657e+11	0	-15665.5	-18471.7	0	1.26167e+21	-1.07288e+21	0	1.898e+27	-3.34272e+11	7.08502e+11	0	-11767.9	-5634.05	0	1.7997e+23	-3.75492e+23	0	5.683e+26	-1.43858e+12	-1.97423e+11	0	1348.74	-9408.96	0	3.53099e+22	5.0303e+21	0	8.681e+25	1.12326e+12	2.64485e+12	0	-6272.01	2652.77	0	-5.49957e+20	-1.29267e+21	0	1.024e+26	3.71532e+12	2.52577e+12	0	-3065.98	4489	0	-5.59586e+20	-3.79348e+20	0	7.342e+22	-8.6315e+10	-1.13785e+11	0	24583.8	-16785.9	0	9.66402e+19	4.66738e+20	0	
10	1.9891e+30	2.02141e+09	7.0898e+09	0	10.922	24.0412	0	-1.79831e+23	2.9468e+23	0	3.285e+23	3.66079e+10	-4.0112e+10	0	38349.9	28452.8	0	-7.52731e+21	1.02729e+22	0	4.867e+24	9.68184e+10	-4.3913e+10	0	16685.4	30843.4	0	-4.91027e+22	2.64186e+22	0	5.972e+24	-3.29278e+10	-1.38416e+11	0	28960.4	-6925.4	0	8.2897e+21	3.42286e+22	0	6.39e+23	-1.97546e+11	1.13649e+11	0	-11386.8	-21383.5	0	1.46197e+21	-7.80449e+20	0	1.898e+27	-3.57613e+11	6.96841e+11	0	-11571.6	-6026.48	0	1.92491e+23	-3.69254e+23	0	5.683e+26	-1.43576e+12	-2.16223e+11	0	1472.88	-9390.44	0	3.52414e+22	5.49282e+21	0	8.681e+25	1.1107e+12	2.65013e+12	0	-6284.61	2622.96	0	-5.43824e+20	-1.29531e+21	0	1.024e+26	3.70917e+12	2.53474e+12	0	-3076.91	4481.58	0	-5.5868e+20	-3.80711e+20	0	7.342e+22	-3.28855e+10	-1.38799e+11	0	29974.6	-6818.11	0	7.90564e+19	6.17715e+20	0	
10	1.9891e+30	2.04308e+09	7.1382e+09	0	10.7507	24.3593	0	-1.69882e+23	3.40329e+23	0	3.285e+23	4.67451e+10	4.47776e+10	0	-30604.9	36724.4	0	-9.76835e+21	-8.22494e+21	0	4.867e+24	1.08421e+11	2.39658e+10	0	-5488.49	34613.1	0	-5.50182e+22	-8.70239e+21	0	5.972e+24	2.62362e+10	-1.40522e+11	0	29395.5	4855.43	0	-5.85834e+21	3.47996e+22	0	6.39e+23	-2.15586e+11	6.8774e+10	0	-6583.93	-23319.2	0	1.59526e+21	-4.51633e+20	0	1.898e+27	-3.80549e+11	6.84401e+11	0	-11362.3	-6412.11	0	2.04797e+23	-3.62598e+23	0	5.683e+26	-1.43269e+12	-2.34984e+11	0	1596.78	-9370.3	0	3.5167e+22	5.95446e+21	0	8.681e+25	1.09812e+12	2.65534e+12	0	-6297.07	2593.08	0	-5.37677e+20	-1.29792e+21	0	1.024e+26	3.70301e+12	2.5437e+12	0	-3087.81	4474.13	0	-5.57771e+20	-3.82071e+20	0	7.342e+22	2.59768e+10	-1.40807e+11	0	30144.7	4173.26	0	6.31714e+19	5.7401e+20	0	
10	1.9891e+30	2.0644e+09	7.18727e+09	0	10.565	24.7196	0	-2.03377e+23	3.70093e+23	0	3.285e+23	-3.81088e+10	5.04538e+10	0	-34828	-31976.1	0	8.51225e+21	-9.16767e+21	0	4.867e+24	7.63655e+10	8.49316e+10	0	-25433.2	24168.4	0	-3.8601e+22	-4.03882e+22	0	5.972e+24	8.16135e+10	-1.19533e+11	0	25238.7	15880	0	-1.90327e+22	2.9997e+22	0	6.39e+23	-2.23678e+11	2.10834e+10	0	-1477.53	-24188.7	0	1.65516e+21	-1.01723e+20	0	1.898e+27	-4.03054e+11	6.71197e+11	0	-11140.1	-6790.5	0	2.16873e+23	-3.55533e+23	0	5.683e+26	-1.42937e+12	-2.53703e+11	0	1720.4	-9348.53	0	3.50867e+22	6.41514e+21	0	8.681e+25	1.08551e+12	2.6605e+12	0	-6309.39	2563.15	0	-5.31518e+20	-1.3005e+21	0	1.024e+26	3.69682e+12	2.55264e+12	0	-3098.69	4466.66	0	-5.56859e+20	-3.83429e+20	0	7.342e+22	8.12339e+10	-1.1953e+11	0	25200.3	14852.4	0	-2.82784e+19	3.68519e+20	0	
10	1.9891e+30	2.08532e+09	7.23708e+09	0	10.3419	25.0927	0	-2.37755e+23	3.69138e+23	0	3.285e+23	-4.01175e+10	-3.40826e+10	0	33256.6	-33602.9	0	8.93263e+21	8.74581e+21	0	4.867e+24	1.37118e+10	1.13835e+11	0	-34977.8	3668.9	0	-6.09348e+21	-5.58594e+22	0	5.972e+24	1.24541e+11	-7.87169e+10	0	17133.4	24419.4	0	-2.91197e+22	2.05164e+22	0	6.39e+23	-2.21449e+11	-2.72415e+10	0	3697.29	-23951.1	0	1.63879e+21	2.52932e+20	0	1.898e+27	-4.25101e+11	6.57244e+11	0	-10905.3	-7161.24	0	2.28707e+23	-3.48065e+23	0	5.683e+26	-1.42581e+12	-2.72377e+11	0	1843.73	-9325.15	0	3.50004e+22	6.87479e+21	0	8.681e+25	1.07288e+12	2.6656e+12	0	-6321.56	2533.16	0	-5.25347e+20	-1.30306e+21	0	1.024e+26	3.69061e+12	2.56156e+12	0	-3109.56	4459.15	0	-5.55944e+20	-3.84786e+20	0	7.342e+22	1.24314e+11	-7.8422e+10	0	16300.1	23775.1	0	-2.29404e+20	8.41253e+19	0	
10	1.9891e+30	2.10575e+09	7.28764e+09	0	10.0913	25.4615	0	-2.60805e+23	3.65885e+23	0	3.285e+23	4.49213e+10	-3.25135e+10	0	32371.3	35174.2	0	-9.34666e+21	8.68862e+21	0	4.867e+24	-5.37279e+10	9.84466e+10	0	-30004.4	-18528.7	0	2.95304e+22	-4.82143e+22	0	5.972e+24	1.48303e+11	-2.44469e+10	0	6340.93	29137.6	0	-3.45715e+22	7.71441e+21	0	6.39e+23	-2.09001e+11	-7.39894e+10	0	8702.12	-22617.8	0	1.54697e+21	5.95746e+20	0	1.898e+27	-4.46667e+11	6.42557e+11	0	-10658.2	-7523.9	0	2.40284e+23	-3.40203e+23	0	5.683e+26	-1.42199e+12	-2.91002e+11	0	1966.75	-9300.15	0	3.49083e+22	7.33334e+21	0	8.681e+25	1.06023e+12	2.67063e+12	0	-6333.59	2503.11	0	-5.19162e+20	-1.30559e+21	0	1.024e+26	3.68438e+12	2.57048e+12	0	-3120.41	4451.62	0	-5.55025e+20	-3.8614e+20	0	7.342e+22	1.48389e+11	-2.40787e+10	0	5336.2	29365.1	0	-4.72116e+20	-1.08173e+20	0	
10	1.9891e+30	2.12566e+09	7.33893e+09	0	9.81263	25.8287	0	-2.96578e+23	3.61403e+23	0	3.285e+23	3.89658e+10	5.27734e+10	0	-36911.5	30303.2	0	-8.0275e+21	-9.90009e+21	0	4.867e+24	-9.7737e+10	4.48779e+10	0	-12376.9	-33090.2	0	5.31361e+22	-1.99734e+22	0	5.972e+24	1.49184e+11	3.47928e+10	0	-5449.33	29301.3	0	-3.46395e+22	-6.40686e+21	0	6.39e+23	-1.86907e+11	-1.17023e+11	0	13306.8	-20251.1	0	1.38411e+21	9.10744e+20	0	1.898e+27	-4.67726e+11	6.27154e+11	0	-10399	-7878.08	0	2.51592e+23	-3.31955e+23	0	5.683e+26	-1.41794e+12	-3.09576e+11	0	2089.43	-9273.53	0	3.48102e+22	7.79072e+21	0	8.681e+25	1.04755e+12	2.67561e+12	0	-6345.48	2473	0	-5.12966e+20	-1.30809e+21	0	1.024e+26	3.67813e+12	2.57937e+12	0	-3131.24	4444.07	0	-5.54104e+20	-3.87492e+20	0	7.342e+22	1.49519e+11	3.49629e+10	0	-5925.66	30229.3	0	-6.10394e+20	-1.73278e+20	0	
10	1.9891e+30	2.14498e+09	7.39094e+09	0	9.49467	26.177	0	-3.31704e+23	3.25789e+23	0	3.285e+23	-4.53713e+10	4.25239e+10	0	-28256.1	-37852.8	0	1.00412e+22	-7.42431e+21	0	4.867e+24	-9.9658e+10	-2.44944e+10	0	10525.5	-33732.4	0	5.41771e+22	1.69697e+22	0	5.972e+24	1.27051e+11	8.97376e+10	0	-16387.5	24890.1	0	-2.93908e+22	-1.95754e+22	0	6.39e+23	-1.56181e+11	-1.54377e+11	0	17300.3	-16961.2	0	1.15801e+21	1.18336e+21	0	1.898e+27	-4.88255e+11	6.11051e+11	0	-10128.1	-8223.36	0	2.62618e+23	-3.23332e+23	0	5.683e+26	-1.41364e+12	-3.28095e+11	0	2211.75	-9245.31	0	3.47063e+22	8.24684e+21	0	8.681e+25	1.03485e+12	2.68052e+12	0	-6357.23	2442.84	0	-5.06757e+20	-1.31056e+21	0	1.024e+26	3.67186e+12	2.58825e+12	0	-3142.05	4436.49	0	-5.53179e+20	-3.88842e+20	0	7.342e+22	1.27402e+11	8.95836e+10	0	-16000.9	25832.2	0	-5.45427e+20	-1.58206e+20	0	
10	1.9891e+30	2.16363e+09	7.4436e+09	0	9.15963	26.4797	0	-3.27196e+23	2.78964e+23	0	3.285e+23	-3.16355e+10	-4.09197e+10	0	38963.6	-26866.6	0	7.17548e+21	1.02675e+22	0	4.867e+24	-5.86683e+10	-8.04408e+10	0	28944.5	-20177.7	0	3.21877e+22	4.65035e+22	0	5.972e+24	8.53737e+10	1.31796e+11	0	-24755.3	16595.3	0	-1.96325e+22	-2.96161e+22	0	6.39e+23	-1.18234e+11	-1.84352e+11	0	20500.9	-12900.9	0	8.79424e+20	1.40113e+21	0	1.898e+27	-5.08231e+11	5.94267e+11	0	-9845.69	-8559.37	0	2.73349e+23	-3.14342e+23	0	5.683e+26	-1.40909e+12	-3.46556e+11	0	2333.7	-9215.49	0	3.45965e+22	8.70165e+21	0	8.681e+25	1.02212e+12	2.68538e+12	0	-6368.83	2412.61	0	-5.00537e+20	-1.313e+21	0	1.024e+26	3.66556e+12	2.59712e+12	0	-3152.85	4428.88	0	-5.52252e+20	-3.9019e+20	0	7.342e+22	8.54971e+10	1.3143e+11	0	-23794.9	16909.2	0	-3.06169e+20	-1.7686e+20	0	
10	1.9891e+30	2.18163e+09	7.49684e+09	0	8.84583	26.7508	0	-2.97132e+23	2.68267e+23	0	3.285e+23	5.16982e+10	-2.3484e+10	0	25219.3	40657.2	0	-1.08361e+22	6.77979e+21	0	4.867e+24	7.8548e+09	-9.95648e+10	0	35151.7	1714.95	0	-2.97501e+21	5.61325e+22	0	5.972e+24	3.06781e+10	1.54398e+11	0	-29241.2	5712.71	0	-6.84381e+21	-3.49288e+22	0	6.39e+23	-7.48028e+10	-2.0559e+11	0	22764.3	-8257.97	0	5.61451e+20	1.5543e+21	0	1.898e+27	-5.27631e+11	5.7682e+11	0	-9552.13	-8885.71	0	2.83773e+23	-3.04996e+23	0	5.683e+26	-1.4043e+12	-3.64956e+11	0	2455.25	-9184.07	0	3.44808e+22	9.15506e+21	0	8.681e+25	1.00937e+12	2.69017e+12	0	-6380.29	2382.34	0	-4.94305e+20	-1.31541e+21	0	1.024e+26	3.65925e+12	2.60597e+12	0	-3163.63	4421.25	0	-5.51321e+20	-3.91536e+20	0	7.342e+22	3.04856e+10	1.54067e+11	0	-28357.4	5194.89	0	1.72058e+19	-2.57116e+20	0	
10	1.9891e+30	2.19903e+09	7.55061e+09	0	8.55279	27.0306	0	-2.92444e+23	2.89574e+23	0	3.285e+23	2.98658e+10	5.91608e+10	0	-41885.7	22825.2	0	-6.00867e+21	-1.12085e+22	0	4.867e+24	7.20647e+10	-7.41847e+10	0	26760	22720.6	0	-3.63106e+22	4.24794e+22	0	5.972e+24	-2.84771e+10	1.54023e+11	0	-29145.7	-6059.24	0	7.05826e+21	-3.46874e+22	0	6.39e+23	-2.78697e+10	-2.17137e+11	0	23989.9	-3245.79	0	2.18898e+20	1.63624e+21	0	1.898e+27	-5.46432e+11	5.5873e+11	0	-9247.75	-9202.02	0	2.93879e+23	-2.95304e+23	0	5.683e+26	-1.39927e+12	-3.83292e+11	0	2576.39	-9151.05	0	3.43593e+22	9.60702e+21	0	8.681e+25	9.96598e+11	2.69491e+12	0	-6391.61	2352	0	-4.88061e+20	-1.3178e+21	0	1.024e+26	3.65291e+12	2.6148e+12	0	-3174.39	4413.59	0	-5.50387e+20	-3.92879e+20	0	7.342e+22	-2.88513e+10	1.53947e+11	0	-28963.3	-7062.77	0	2.87139e+20	-3.85976e+20	0	
10	1.9891e+30	2.21583e+09	7.60497e+09	0	8.24858	27.3281	0	-3.13851e+23	2.9847e+23	0	3.285e+23	-5.10016e+10	3.33898e+10	0	-20724.7	-42408.6	0	1.12226e+22	-5.43754e+21	0	4.867e+24	1.07496e+11	-1.50847e+10	0	7422.3	34258	0	-5.44554e+22	1.17364e+22	0	5.972e+24	-8.28397e+10	1.30745e+11	0	-24490.7	-16882.7	0	1.99509e+22	-2.89882e+22	0	6.39e+23	2.04291e+10	-2.18479e+11	0	24125.4	1906.63	0	-1.3247e+20	1.64365e+21	0	1.898e+27	-5.64615e+11	5.40019e+11	0	-8932.9	-9507.94	0	3.03654e+23	-2.85276e+23	0	5.683e+26	-1.394e+12	-4.01559e+11	0	2697.09	-9116.45	0	3.42321e+22	1.00574e+22	0	8.681e+25	9.83804e+11	2.69958e+12	0	-6402.78	2321.61	0	-4.81805e+20	-1.32016e+21	0	1.024e+26	3.64655e+12	2.62362e+12	0	-3185.13	4405.9	0	-5.4945e+20	-3.94221e+20	0	7.342e+22	-8.31268e+10	1.3098e+11	0	-25172.2	-17690.3	0	4.10569e+20	-4.90825e+20	0	
10	1.9891e+30	2.23201e+09	7.65993e+09	0	7.92383	27.6268	0	-3.30554e+23	2.96049e+23	0	3.285e+23	-2.19906e+10	-4.60681e+10	0	43333.9	-19173.6	0	5.16007e+21	1.14457e+22	0	4.867e+24	9.97169e+10	5.33374e+10	0	-14925.3	31723.9	0	-5.04822e+22	-2.3653e+22	0	5.972e+24	-1.2391e+11	8.82196e+10	0	-16012.3	-25066.6	0	2.9832e+22	-1.88401e+22	0	6.39e+23	6.79023e+10	-2.09572e+11	0	23168.2	6965.4	0	-4.76692e+20	1.57669e+21	0	1.898e+27	-5.82157e+11	5.20706e+11	0	-8607.93	-9803.12	0	3.13087e+23	-2.74925e+23	0	5.683e+26	-1.38848e+12	-4.19756e+11	0	2817.33	-9080.27	0	3.4099e+22	1.05062e+22	0	8.681e+25	9.70987e+11	2.70419e+12	0	-6413.81	2291.17	0	-4.75538e+20	-1.32248e+21	0	1.024e+26	3.64017e+12	2.63243e+12	0	-3195.85	4398.19	0	-5.48509e+20	-3.9556e+20	0	7.342e+22	-1.23897e+11	8.85952e+10	0	-17050.9	-25053.4	0	3.58276e+20	-4.41517e+20	0	
10	1.9891e+30	2.24752e+09	7.71548e+09	0	7.58267	27.9278	0	-3.51799e+23	3.04707e+23	0	3.285e+23	5.6693e+10	-1.33369e+10	0	17149.3	44697.3	0	-1.19367e+22	4.61558e+21	0	4.867e+24	5.189e+10	1.02974e+11	0	-31203.8	16120.3	0	-2.5879e+22	-4.96566e+22	0	5.972e+24	-1.45266e+11	3.31071e+10	0	-5038.75	-29327	0	3.50282e+22	-5.87439e+21	0	6.39e+23	1.12403e+11	-1.90831e+11	0	21165.1	11702.4	0	-7.98329e+20	1.43885e+21	0	1.898e+27	-5.9904e+11	5.00813e+11	0	-8273.2	-10087.2	0	3.22169e+23	-2.64261e+23	0	5.683e+26	-1.38273e+12	-4.37879e+11	0	2937.09	-9042.5	0	3.39602e+22	1.09534e+22	0	8.681e+25	9.58149e+11	2.70875e+12	0	-6424.69	2260.68	0	-4.6926e+20	-1.32478e+21	0	1.024e+26	3.63377e+12	2.64121e+12	0	-3206.55	4390.45	0	-5.47566e+20	-3.96897e+20	0	7.342e+22	-1.4497e+11	3.33457e+10	0	-5685.55	-28528.4	0	2.72492e+20	-2.01757e+20	0	
10	1.9891e+30	2.26232e+09	7.77164e+09	0	7.2052	28.236	0	-4.03552e+23	3.019e+23	0	3.285e+23	1.97719e+10	6.37258e+10	0	-45358.4	14564.9	0	-3.78886e+21	-1.21075e+22	0	4.867e+24	-1.64262e+10	1.13209e+11	0	-34648.7	-6286.44	0	9.83327e+21	-5.54834e+22	0	5.972e+24	-1.43569e+11	-2.5971e+10	0	6718.69	-28994.5	0	3.4669e+22	7.93938e+21	0	6.39e+23	1.51926e+11	-1.63118e+11	0	18209.5	15905.2	0	-1.08314e+21	1.23672e+21	0	1.898e+27	-6.15243e+11	4.80364e+11	0	-7929.09	-10359.9	0	3.30887e+23	-2.53296e+23	0	5.683e+26	-1.37673e+12	-4.55925e+11	0	3056.35	-9003.17	0	3.38156e+22	1.13987e+22	0	8.681e+25	9.45289e+11	2.71324e+12	0	-6435.43	2230.13	0	-4.62972e+20	-1.32705e+21	0	1.024e+26	3.62734e+12	2.64999e+12	0	-3217.24	4382.68	0	-5.4662e+20	-3.98232e+20	0	7.342e+22	-1.43194e+11	-2.6044e+10	0	6896.16	-27983.4	0	2.28939e+20	1.37237e+20	0	
10	1.9891e+30	2.2763e+09	7.82841e+09	0	6.77156	28.5179	0	-4.53657e+23	2.51271e+23	0	3.285e+23	-5.4808e+10	2.33758e+10	0	-12491.9	-45493.7	0	1.20206e+22	-3.27387e+21	0	4.867e+24	-7.69042e+10	7.94752e+10	0	-23609.5	-26240.6	0	4.20137e+22	-3.80168e+22	0	5.972e+24	-1.19082e+11	-7.97758e+10	0	17429.3	-24119.7	0	2.8793e+22	2.0547e+22	0	6.39e+23	1.84695e+11	-1.27691e+11	0	14436.5	19386.6	0	-1.31866e+21	9.79626e+20	0	1.898e+27	-6.3075e+11	4.59381e+11	0	-7575.99	-10620.9	0	3.39233e+23	-2.42044e+23	0	5.683e+26	-1.3705e+12	-4.73891e+11	0	3175.09	-8962.28	0	3.36653e+22	1.18423e+22	0	8.681e+25	9.32407e+11	2.71767e+12	0	-6446.02	2199.53	0	-4.56672e+20	-1.3293e+21	0	1.024e+26	3.6209e+12	2.65874e+12	0	-3227.9	4374.89	0	-5.4567e+20	-3.99565e+20	0	7.342e+22	-1.18883e+11	-8.01084e+10	0	18292.9	-23607	0	2.51949e+20	4.22712e+20	0	
10	1.9891e+30	2.28938e+09	7.88567e+09	0	6.30958	28.7343	0	-4.5647e+23	1.80592e+23	0	3.285e+23	-1.15142e+10	-4.93354e+10	0	46207.4	-10783.4	0	2.95152e+21	1.22355e+22	0	4.867e+24	-1.04081e+11	1.56504e+10	0	-2559.07	-35245.2	0	5.66489e+22	-4.13463e+21	0	5.972e+24	-7.56274e+10	-1.1989e+11	0	25423.8	-15466.5	0	1.83665e+22	3.00298e+22	0	6.39e+23	2.0924e+11	-8.61555e+10	0	10017.2	21992.3	0	-1.49468e+21	6.79204e+20	0	1.898e+27	-6.45542e+11	4.37888e+11	0	-7214.3	-10869.9	0	3.47197e+23	-2.30515e+23	0	5.683e+26	-1.36403e+12	-4.91773e+11	0	3293.3	-8919.82	0	3.35093e+22	1.2284e+22	0	8.681e+25	9.19505e+11	2.72204e+12	0	-6456.47	2168.88	0	-4.50361e+20	-1.33151e+21	0	1.024e+26	3.61443e+12	2.66749e+12	0	-3238.55	4367.08	0	-5.44717e+20	-4.00895e+20	0	7.342e+22	-7.57427e+10	-1.20254e+11	0	26400.2	-15793.5	0	2.86066e+20	5.61698e+20	0	
10	1.9891e+30	2.30155e+09	7.9433e+09	0	5.86542	28.8913	0	-4.25378e+23	1.38126e+23	0	3.285e+23	5.97243e+10	-2.42661e+09	0	8452.49	47141.5	0	-1.2604e+22	2.27615e+21	0	4.867e+24	-8.63961e+10	-5.14458e+10	0	19583.8	-29389	0	4.71167e+22	3.1549e+22	0	5.972e+24	-1.99944e+10	-1.40032e+11	0	29453.2	-4390.51	0	5.08729e+21	3.49303e+22	0	6.39e+23	2.24464e+11	-4.03836e+10	0	5150.27	23607.1	0	-1.60364e+21	3.48855e+20	0	1.898e+27	-6.59602e+11	4.1591e+11	0	-6844.42	-11106.7	0	3.5477e+23	-2.18725e+23	0	5.683e+26	-1.35733e+12	-5.09569e+11	0	3410.94	-8875.82	0	3.33477e+22	1.27237e+22	0	8.681e+25	9.06582e+11	2.72634e+12	0	-6466.78	2138.18	0	-4.4404e+20	-1.33369e+21	0	1.024e+26	3.60794e+12	2.67621e+12	0	-3249.18	4359.23	0	-5.43761e+20	-4.02223e+20	0	7.342e+22	-2.03457e+10	-1.40179e+11	0	29844	-5338.5	0	2.51972e+20	5.06939e+20	0	
10	1.9891e+30	2.31286e+09	8.00122e+09	0	5.45138	29.0204	0	-3.99992e+23	1.19538e+23	0	3.285e+23	9.0454e+09	6.63198e+10	0	-47216.6	5822.01	0	-1.45122e+21	-1.25701e+22	0	4.867e+24	-3.13767e+10	-9.35749e+10	0	33407.9	-11224.6	0	1.77592e+22	5.35473e+22	0	5.972e+24	3.91213e+10	-1.37036e+11	0	28881.3	7373.94	0	-8.89727e+21	3.44143e+22	0	6.39e+23	2.29687e+11	7.56415e+09	0	53.6816	24160.1	0	-1.64091e+21	3.1813e+18	0	1.898e+27	-6.72914e+11	3.9347e+11	0	-6466.77	-11330.8	0	3.61943e+23	-2.06684e+23	0	5.683e+26	-1.35039e+12	-5.27276e+11	0	3528.01	-8830.27	0	3.31804e+22	1.31613e+22	0	8.681e+25	8.93638e+11	2.73059e+12	0	-6476.93	2107.43	0	-4.37709e+20	-1.33585e+21	0	1.024e+26	3.60144e+12	2.68492e+12	0	-3259.79	4351.36	0	-5.42802e+20	-4.03549e+20	0	7.342e+22	3.8787e+10	-1.36867e+11	0	28391.7	6452.26	0	7.96621e+19	3.29522e+20	0	
10	1.9891e+30	2.32337e+09	8.05937e+09	0	5.06215	29.1314	0	-3.71441e+23	1.02372e+23	0	3.285e+23	-5.6662e+10	1.2834e+10	0	-3838.01	-47009.2	0	1.24117e+22	-1.00465e+21	0	4.867e+24	3.77583e+10	-9.32817e+10	0	33225.6	11471.1	0	-1.8503e+22	5.29168e+22	0	5.972e+24	9.2476e+10	-1.11352e+11	0	23788.7	17986.4	0	-2.1378e+22	2.84719e+22	0	6.39e+23	2.24676e+11	5.55317e+10	0	-5044.88	23627	0	-1.60489e+21	-3.42605e+20	0	1.898e+27	-6.85464e+11	3.70595e+11	0	-6081.78	-11542.2	0	3.68707e+23	-1.94408e+23	0	5.683e+26	-1.34322e+12	-5.44889e+11	0	3644.48	-8783.18	0	3.30075e+22	1.35969e+22	0	8.681e+25	8.80674e+11	2.73477e+12	0	-6486.94	2076.63	0	-4.31367e+20	-1.33797e+21	0	1.024e+26	3.59491e+12	2.69362e+12	0	-3270.39	4343.47	0	-5.4184e+20	-4.04873e+20	0	7.342e+22	9.24086e+10	-1.10986e+11	0	22757.1	17776.4	0	-2.25674e+20	1.41133e+20	0	
10	1.9891e+30	2.33314e+09	8.11774e+09	0	4.70994	29.2343	0	-3.28422e+23	1.09051e+23	0	3.285e+23	-5.685e+08	-5.05956e+10	0	47474	-1982.48	0	6.22864e+20	1.26042e+22	0	4.867e+24	9.22602e+10	-5.10103e+10	0	19339.9	29262	0	-4.6608e+22	3.06453e+22	0	5.972e+24	1.31723e+11	-6.69815e+10	0	14965.4	25790.3	0	-3.05094e+22	1.79358e+22	0	6.39e+23	2.09657e+11	1.01363e+11	0	-9917.69	22031.3	0	-1.49716e+21	-6.73296e+20	0	1.898e+27	-6.97236e+11	3.4731e+11	0	-5689.88	-11740.5	0	3.75055e+23	-1.81911e+23	0	5.683e+26	-1.33581e+12	-5.62407e+11	0	3760.33	-8734.57	0	3.2829e+22	1.40303e+22	0	8.681e+25	8.6769e+11	2.73889e+12	0	-6496.81	2045.78	0	-4.25015e+20	-1.34007e+21	0	1.024e+26	3.58835e+12	2.7023e+12	0	-3280.96	4335.55	0	-5.40875e+20	-4.06195e+20	0	7.342e+22	1.31968e+11	-6.66874e+10	0	14172.8	26430	0	-5.04745e+20	6.34489e+19	0	
10	1.9891e+30	2.34224e+09	8.17633e+09	0	4.39439	29.3654	0	-3.07403e+23	1.56892e+23	0	3.285e+23	6.0682e+10	8.86221e+09	0	-554.56	47896.2	0	-1.28103e+22	-1.50583e+20	0	4.867e+24	1.09796e+11	1.55962e+10	0	-2419.35	34966.1	0	-5.55603e+22	-3.83672e+21	0	5.972e+24	1.50722e+11	-1.08562e+10	0	3794.27	29568.2	0	-3.49403e+22	4.51365e+21	0	6.39e+23	1.85301e+11	1.42994e+11	0	-14346.7	19443.4	0	-1.3223e+21	-9.74293e+20	0	1.898e+27	-7.08219e+11	3.23642e+11	0	-5291.51	-11925.5	0	3.80979e+23	-1.69205e+23	0	5.683e+26	-1.32818e+12	-5.79827e+11	0	3875.54	-8684.43	0	3.26449e+22	1.44615e+22	0	8.681e+25	8.54687e+11	2.74296e+12	0	-6506.53	2014.88	0	-4.18654e+20	-1.34214e+21	0	1.024e+26	3.58178e+12	2.71096e+12	0	-3291.51	4327.6	0	-5.39907e+20	-4.07514e+20	0	7.342e+22	1.51105e+11	-1.08453e+10	0	3759.35	30593.7	0	-6.29525e+20	4.92453e+19	0	
10	1.9891e+30	2.35071e+09	8.23524e+09	0	4.07228	29.5493	0	-3.41274e+23	2.03381e+23	0	3.285e+23	-1.93099e+09	6.68638e+10	0	-47405.6	-3090.43	0	9.19128e+20	-1.25862e+22	0	4.867e+24	8.32418e+10	7.91549e+10	0	-23196.6	26319.9	0	-4.19801e+22	-3.68047e+22	0	5.972e+24	1.46498e+11	4.82484e+10	0	-7970.57	28729.7	0	-3.40025e+22	-9.61779e+21	0	6.39e+23	1.52699e+11	1.7855e+11	0	-18132.8	15977.6	0	-1.08785e+21	-1.2322e+21	0	1.898e+27	-7.18398e+11	2.99617e+11	0	-4887.12	-12097	0	3.86474e+23	-1.56305e+23	0	5.683e+26	-1.32031e+12	-5.97144e+11	0	3990.09	-8632.78	0	3.24553e+22	1.48904e+22	0	8.681e+25	8.41664e+11	2.74695e+12	0	-6516.1	1983.93	0	-4.12282e+20	-1.34417e+21	0	1.024e+26	3.57519e+12	2.71961e+12	0	-3302.05	4319.63	0	-5.38935e+20	-4.08831e+20	0	7.342e+22	1.46762e+11	4.79652e+10	0	-7237.2	29421	0	-5.52112e+20	2.78059e+19	0	
10	1.9891e+30	2.35849e+09	8.29454e+09	0	3.70144	29.7592	0	-3.95288e+23	2.07091e+23	0	3.285e+23	-5.64982e+10	2.13339e+09	0	4944.64	-46905.9	0	1.23846e+22	1.29647e+21	0	4.867e+24	2.34023e+10	1.13492e+11	0	-34506.4	6760.26	0	-1.10125e+22	-5.50468e+22	0	5.972e+24	1.19714e+11	1.01089e+11	0	-18482	23403.9	0	-2.78016e+22	-2.21678e+22	0	6.39e+23	1.13313e+11	2.0642e+11	0	-21104.8	11787.4	0	-8.0395e+20	-1.43537e+21	0	1.898e+27	-7.27764e+11	2.75263e+11	0	-4477.17	-12254.8	0	3.91531e+23	-1.43227e+23	0	5.683e+26	-1.31222e+12	-6.14357e+11	0	4103.97	-8579.63	0	3.22602e+22	1.53168e+22	0	8.681e+25	8.28622e+11	2.75089e+12	0	-6525.52	1952.94	0	-4.059e+20	-1.34618e+21	0	1.024e+26	3.56857e+12	2.72824e+12	0	-3312.57	4311.63	0	-5.37961e+20	-4.10145e+20	0	7.342e+22	1.19682e+11	1.00708e+11	0	-17465.5	23291.1	0	-3.26208e+20	-7.087e+19	0	
10	1.9891e+30	2.36549e+09	8.35426e+09	0	3.28357	29.9578	0	-4.32826e+23	1.87063e+23	0	3.285e+23	1.04676e+10	-4.97901e+10	0	47076.8	6924.25	0	-1.74638e+21	1.25324e+22	0	4.867e+24	-4.51252e+10	1.04174e+11	0	-31530.7	-15772.1	0	2.50866e+22	-5.06178e+22	0	5.972e+24	7.45638e+10	1.39406e+11	0	-26092.1	14421.1	0	-1.72592e+22	-3.1134e+22	0	6.39e+23	6.89134e+10	2.25339e+11	0	-23126.7	7059.48	0	-4.83001e+20	-1.57447e+21	0	1.898e+27	-7.36304e+11	2.50607e+11	0	-4062.13	-12398.8	0	3.96146e+23	-1.29984e+23	0	5.683e+26	-1.3039e+12	-6.31462e+11	0	4217.15	-8524.98	0	3.20597e+22	1.57409e+22	0	8.681e+25	8.15562e+11	2.75477e+12	0	-6534.8	1921.91	0	-3.99509e+20	-1.34816e+21	0	1.024e+26	3.56194e+12	2.73685e+12	0	-3323.06	4303.61	0	-5.36983e+20	-4.11458e+20	0	7.342e+22	7.42529e+10	1.39193e+11	0	-25506	13561.8	0	-4.07575e+19	-2.66807e+20	0	
10	1.9891e+30	2.37161e+09	8.41436e+09	0	2.83258	30.136	0	-4.65894e+23	1.66703e+23	0	3.285e+23	5.95345e+10	2.01314e+10	0	-9541.66	46932.7	0	-1.2547e+22	-2.57182e+21	0	4.867e+24	-9.37374e+10	5.47649e+10	0	-15286.4	-31843.7	0	5.1114e+22	-2.4651e+22	0	5.972e+24	1.81138e+10	1.57218e+11	0	-29613.9	3183.56	0	-3.92459e+21	-3.51576e+22	0	6.39e+23	2.15026e+10	2.34439e+11	0	-24104.5	2005.52	0	-1.39197e+20	-1.64284e+21	0	1.898e+27	-7.44009e+11	2.25677e+11	0	-3642.46	-12528.7	0	4.00313e+23	-1.16592e+23	0	5.683e+26	-1.29535e+12	-6.48456e+11	0	4329.62	-8468.84	0	3.18537e+22	1.61624e+22	0	8.681e+25	8.02483e+11	2.75858e+12	0	-6543.93	1890.82	0	-3.93109e+20	-1.35011e+21	0	1.024e+26	3.55528e+12	2.74545e+12	0	-3333.54	4295.56	0	-5.36002e+20	-4.12767e+20	0	7.342e+22	1.77496e+10	1.57317e+11	0	-29895.9	2191.23	0	1.53343e+20	-4.86673e+20	0	
10	1.9891e+30	2.37679e+09	8.47479e+09	0	2.34413	30.2853	0	-5.04035e+23	1.24315e+23	0	3.285e+23	-1.27689e+10	6.53551e+10	0	-45933.8	-11858.2	0	3.23852e+21	-1.21627e+22	0	4.867e+24	-1.01858e+11	-1.41492e+10	0	7465.94	-34537.4	0	5.54981e+22	1.20465e+22	0	5.972e+24	-4.08024e+10	1.51756e+11	0	-28504.6	-8550.27	0	1.01293e+22	-3.37024e+22	0	6.39e+23	-2.67756e+10	2.33295e+11	0	-23990.4	-3146.68	0	2.12083e+20	-1.63691e+21	0	1.898e+27	-7.50871e+11	2.00502e+11	0	-3218.64	-12644.4	0	4.04027e+23	-1.03066e+23	0	5.683e+26	-1.28658e+12	-6.65336e+11	0	4441.35	-8411.22	0	3.16423e+22	1.65814e+22	0	8.681e+25	7.89386e+11	2.76233e+12	0	-6552.92	1859.7	0	-3.86699e+20	-1.35203e+21	0	1.024e+26	3.5486e+12	2.75404e+12	0	-3344	4287.48	0	-5.35018e+20	-4.14075e+20	0	7.342e+22	-4.09503e+10	1.52097e+11	0	-29471.3	-8973.99	0	2.09216e+20	-6.08793e+20	0	
10	1.9891e+30	2.38097e+09	8.53546e+09	0	1.83044	30.3766	0	-5.09354e+23	5.63304e+22	0	3.285e+23	-5.43219e+10	-8.35061e+09	0	13560.5	-45187.3	0	1.19402e+22	3.55581e+21	0	4.867e+24	-6.6026e+10	-7.3533e+10	0	27034.9	-22678.6	0	3.62402e+22	4.34796e+22	0	5.972e+24	-9.29697e+10	1.23893e+11	0	-22946.1	-18942.1	0	2.26429e+22	-2.71032e+22	0	6.39e+23	-7.37307e+10	2.21942e+11	0	-22785.8	-8163.34	0	5.54913e+20	-1.55646e+21	0	1.898e+27	-7.56881e+11	1.75109e+11	0	-2791.14	-12745.9	0	4.07284e+23	-8.94211e+22	0	5.683e+26	-1.27758e+12	-6.821e+11	0	4552.33	-8352.14	0	3.14256e+22	1.69977e+22	0	8.681e+25	7.76272e+11	2.76602e+12	0	-6561.75	1828.52	0	-3.8028e+20	-1.35391e+21	0	1.024e+26	3.5419e+12	2.7626e+12	0	-3354.44	4279.38	0	-5.34031e+20	-4.1538e+20	0	7.342e+22	-9.27902e+10	1.24229e+11	0	-23861.5	-18484.5	0	1.8089e+20	-5.13274e+20	0	
10	1.9891e+30	2.38412e+09	8.59625e+09	0	1.33529	30.4061	0	-4.70929e+23	9.80499e+21	0	3.285e+23	2.12046e+10	-4.69308e+10	0	45014.9	15622.6	0	-4.0725e+21	1.2015e+22	0	4.867e+24	-1.45604e+09	-9.84943e+10	0	35172.5	-1405.98	0	2.01533e+21	5.62299e+22	0	5.972e+24	-1.30232e+11	7.79997e+10	0	-13808.2	-26362.5	0	3.1542e+22	-1.63607e+22	0	6.39e+23	-1.17225e+11	2.00884e+11	0	-20542.1	-12815.3	0	8.73523e+20	-1.40467e+21	0	1.898e+27	-7.62033e+11	1.49528e+11	0	-2360.46	-12832.9	0	4.10079e+23	-7.5673e+22	0	5.683e+26	-1.26837e+12	-6.98744e+11	0	4662.53	-8291.59	0	3.12035e+22	1.74112e+22	0	8.681e+25	7.6314e+11	2.76964e+12	0	-6570.44	1797.31	0	-3.73853e+20	-1.35577e+21	0	1.024e+26	3.53519e+12	2.77115e+12	0	-3364.86	4271.26	0	-5.33041e+20	-4.16683e+20	0	7.342e+22	-1.29858e+11	7.80921e+10	0	-14050.3	-25376.2	0	1.952e+20	-2.50402e+20	0	
10	1.9891e+30	2.38634e+09	8.65707e+09	0	0.882384	30.4128	0	-4.35055e+23	9.34312e+21	0	3.285e+23	5.63216e+10	3.09839e+10	0	-18179.4	44287.4	0	-1.18249e+22	-4.89499e+21	0	4.867e+24	6.47573e+10	-7.88828e+10	0	28664.3	20277.5	0	-3.24516e+22	4.55458e+22	0	5.972e+24	-1.46768e+11	2.12604e+10	0	-2515.11	-29650.8	0	3.54176e+22	-3.09129e+21	0	6.39e+23	-1.55271e+11	1.71066e+11	0	-17358.7	-16888.6	0	1.15307e+21	-1.18808e+21	0	1.898e+27	-7.66321e+11	1.23787e+11	0	-1927.07	-12905.3	0	4.1241e+23	-6.18372e+22	0	5.683e+26	-1.25894e+12	-7.15265e+11	0	4771.95	-8229.59	0	3.09762e+22	1.78221e+22	0	8.681e+25	7.4999e+11	2.77321e+12	0	-6578.98	1766.05	0	-3.67416e+20	-1.3576e+21	0	1.024e+26	3.52845e+12	2.77969e+12	0	-3375.26	4263.11	0	-5.32048e+20	-4.17984e+20	0	7.342e+22	-1.46452e+11	2.10407e+10	0	-1939.77	-28812.1	0	2.73562e+20	7.60842e+19	0	
10	1.9891e+30	2.38767e+09	8.71791e+09	0	0.448536	30.427	0	-4.31779e+23	1.6192e+22	0	3.285e+23	-2.3092e+10	6.18612e+10	0	-42865.3	-20177.7	0	5.42786e+21	-1.13212e+22	0	4.867e+24	1.0526e+11	-2.31222e+10	0	10407.5	33476.6	0	-5.32258e+22	1.64738e+22	0	5.972e+24	-1.39996e+11	-3.74496e+10	0	9174	-28295.4	0	3.36842e+22	1.07179e+22	0	6.39e+23	-1.86127e+11	1.33841e+11	0	-13378.9	-20194.9	0	1.38035e+21	-9.16374e+20	0	1.898e+27	-7.6974e+11	9.79164e+10	0	-1491.48	-12963.2	0	4.14274e+23	-4.79293e+22	0	5.683e+26	-1.24928e+12	-7.31661e+11	0	4880.55	-8166.15	0	3.07436e+22	1.823e+22	0	8.681e+25	7.36824e+11	2.77671e+12	0	-6587.37	1734.76	0	-3.6097e+20	-1.3594e+21	0	1.024e+26	3.52168e+12	2.78821e+12	0	-3385.64	4254.93	0	-5.31051e+20	-4.19282e+20	0	7.342e+22	-1.39946e+11	-3.78305e+10	0	10181.6	-28185.1	0	3.8725e+20	3.31698e+20	0	
10	1.9891e+30	2.38813e+09	8.77878e+09	0	0.0130365	30.4396	0	-4.32713e+23	7.74272e+21	0	3.285e+23	-5.02081e+10	-1.82509e+10	0	21718.5	-41909.5	0	1.10916e+22	5.70009e+21	0	4.867e+24	1.0353e+11	4.57234e+10	0	-12073.9	32914.6	0	-5.23431e+22	-1.91193e+22	0	5.972e+24	-1.10976e+11	-8.89477e+10	0	19436.6	-22512.3	0	2.66606e+22	2.29543e+22	0	6.39e+23	-2.08375e+11	9.0901e+10	0	-8783.94	-22580.4	0	1.54456e+21	-6.01947e+20	0	1.898e+27	-7.72286e+11	7.19445e+10	0	-1054.16	-13006.3	0	4.15668e+23	-3.39653e+22	0	5.683e+26	-1.23941e+12	-7.47929e+11	0	4988.33	-8101.28	0	3.05058e+22	1.86351e+22	0	8.681e+25	7.23641e+11	2.78015e+12	0	-6595.61	1703.42	0	-3.54516e+20	-1.36117e+21	0	1.024e+26	3.5149e+12	2.79671e+12	0	-3396.01	4246.73	0	-5.30052e+20	-4.20578e+20	0	7.342e+22	-1.1123e+11	-8.92216e+10	0	20195.1	-23238.2	0	4.70282e+20	4.36094e+20	0	
10	1.9891e+30	2.38772e+09	8.83966e+09	0	-0.418866	30.4454	0	-4.27158e+23	6.95942e+21	0	3.285e+23	3.12604e+10	-4.21058e+10	0	41349.8	23800.8	0	-6.27055e+21	1.10642e+22	0	4.867e+24	6.02715e+10	9.93833e+10	0	-29652	18814.1	0	-3.01354e+22	-4.71373e+22	0	5.972e+24	-6.4242e+10	-1.25175e+11	0	26668.7	-13210	0	1.55502e+22	3.17088e+22	0	6.39e+23	-2.20992e+11	4.42079e+10	0	-3784.5	-23933.7	0	1.63778e+21	-2.59368e+20	0	1.898e+27	-7.73955e+11	4.5901e+10	0	-615.628	-13034.7	0	4.16591e+23	-1.99608e+22	0	5.683e+26	-1.22933e+12	-7.64065e+11	0	5095.26	-8034.99	0	3.02628e+22	1.90371e+22	0	8.681e+25	7.10441e+11	2.78352e+12	0	-6603.7	1672.04	0	-3.48053e+20	-1.36291e+21	0	1.024e+26	3.5081e+12	2.80519e+12	0	-3406.35	4238.5	0	-5.29049e+20	-4.21871e+20	0	7.342e+22	-6.46177e+10	-1.25146e+11	0	26597.8	-14242.3	0	3.99756e+20	3.72756e+20	0	
10	1.9891e+30	2.38645e+09	8.90057e+09	0	-0.853989	30.4575	0	-4.44295e+23	1.55408e+22	0	3.285e+23	5.11607e+10	4.10371e+10	0	-26153.4	40061.2	0	-1.06738e+22	-7.03273e+21	0	4.867e+24	-6.85789e+09	1.15634e+11	0	-35063.4	-3179.21	0	4.85638e+21	-5.60836e+22	0	5.972e+24	-7.09697e+09	-1.40452e+11	0	29732.8	-1842.18	0	2.12041e+21	3.54957e+22	0	6.39e+23	-2.23396e+11	-4.10231e+09	0	1389.32	-24191.4	0	1.65553e+21	9.53604e+19	0	1.898e+27	-7.74747e+11	1.98154e+10	0	-176.371	-13048.4	0	4.17041e+23	-5.93191e+21	0	5.683e+26	-1.21903e+12	-7.80068e+11	0	5201.33	-7967.29	0	3.00147e+22	1.94361e+22	0	8.681e+25	6.97226e+11	2.78683e+12	0	-6611.65	1640.62	0	-3.41583e+20	-1.36461e+21	0	1.024e+26	3.50128e+12	2.81366e+12	0	-3416.67	4230.25	0	-5.28043e+20	-4.23162e+20	0	7.342e+22	-7.31716e+09	-1.40148e+11	0	28886.3	-2449.08	0	1.49828e+20	2.68012e+20	0	
10	1.9891e+30	2.38428e+09	8.96149e+09	0	-1.31985	30.4649	0	-4.81573e+23	-8.75557e+21	0	3.285e+23	-3.2543e+10	5.65162e+10	0	-38317	-27765.5	0	7.41502e+21	-1.00959e+22	0	4.867e+24	-7.00922e+10	8.74326e+10	0	-25855.7	-24021.5	0	3.84173e+22	-4.15965e+22	0	5.972e+24	5.15279e+10	-1.32375e+11	0	28142.2	9818.04	0	-1.15747e+22	3.36396e+22	0	6.39e+23	-2.15476e+11	-5.1818e+10	0	6498.99	-23341.5	0	1.59694e+21	4.45608e+20	0	1.898e+27	-7.74661e+11	-6.28269e+09	0	263.112	-13047.2	0	4.17018e+23	8.10541e+21	0	5.683e+26	-1.20853e+12	-7.95933e+11	0	5306.52	-7898.19	0	2.97615e+22	1.9832e+22	0	8.681e+25	6.83995e+11	2.79008e+12	0	-6619.44	1609.16	0	-3.35103e+20	-1.36629e+21	0	1.024e+26	3.49443e+12	2.82211e+12	0	-3426.98	4221.97	0	-5.27034e+20	-4.2445e+20	0	7.342e+22	5.16296e+10	-1.3201e+11	0	27139	10069.8	0	-1.98934e+20	2.16075e+20	0	
10	1.9891e+30	2.38115e+09	9.0224e+09	0	-1.81165	30.428	0	-4.88559e+23	-6.64463e+22	0	3.285e+23	-4.42956e+10	-2.72188e+10	0	29140.9	-37177.8	0	9.86364e+21	7.6585e+21	0	4.867e+24	-1.02868e+11	2.63021e+10	0	-5704.65	-34872.6	0	5.60445e+22	-9.20181e+21	0	5.972e+24	1.02465e+11	-1.02188e+11	0	22141.4	19953	0	-2.35173e+22	2.64114e+22	0	6.39e+23	-1.97599e+11	-9.67552e+10	0	11309.1	-21423.9	0	1.46486e+21	7.74979e+20	0	1.898e+27	-7.73695e+11	-3.23637e+10	0	702.322	-13031.3	0	4.16522e+23	2.21351e+22	0	5.683e+26	-1.19781e+12	-8.11659e+11	0	5410.8	-7827.71	0	2.95033e+22	2.02247e+22	0	8.681e+25	6.70748e+11	2.79327e+12	0	-6627.09	1577.66	0	-3.28616e+20	-1.36794e+21	0	1.024e+26	3.48757e+12	2.83055e+12	0	-3437.26	4213.67	0	-5.26022e+20	-4.25737e+20	0	7.342e+22	1.02813e+11	-1.02019e+11	0	21698.4	20857.2	0	-4.67603e+20	2.37053e+20	0	
10	1.9891e+30	2.37705e+09	9.08317e+09	0	-2.28774	30.337	0	-4.54286e+23	-1.08216e+23	0	3.285e+23	4.02754e+10	-3.54726e+10	0	36201.7	31161.6	0	-8.25802e+21	9.70859e+21	0	4.867e+24	-9.12583e+10	-4.21081e+10	0	16879.2	-31024.7	0	4.97799e+22	2.72157e+22	0	5.972e+24	1.37744e+11	-5.45997e+10	0	12671.3	26979	0	-3.18722e+22	1.50046e+22	0	6.39e+23	-1.70587e+11	-1.3686e+11	0	15598.6	-18528.2	0	1.26566e+21	1.06815e+21	0	1.898e+27	-7.71852e+11	-5.8398e+10	0	1140.76	-13000.6	0	4.15553e+23	3.61412e+22	0	5.683e+26	-1.18688e+12	-8.27243e+11	0	5514.17	-7755.84	0	2.92401e+22	2.06142e+22	0	8.681e+25	6.57487e+11	2.79639e+12	0	-6634.58	1546.13	0	-3.22121e+20	-1.36955e+21	0	1.024e+26	3.48068e+12	2.83897e+12	0	-3447.52	4205.34	0	-5.25007e+20	-4.2702e+20	0	7.342e+22	1.381e+11	-5.47455e+10	0	13064.9	27923.3	0	-5.75692e+20	2.59758e+20	0	
10	1.9891e+30	2.37203e+09	9.14373e+09	0	-2.72589	30.223	0	-4.20761e+23	-1.14999e+23	0	3.285e+23	4.42398e+10	4.99404e+10	0	-33176	34413.7	0	-9.13986e+21	-8.906e+21	0	4.867e+24	-4.02115e+10	-8.89825e+10	0	32281.6	-14155.5	0	2.24783e+22	5.18e+22	0	5.972e+24	1.51839e+11	2.95407e+09	0	1218.3	29794.6	0	-3.53321e+22	1.27857e+21	0	6.39e+23	-1.35682e+11	-1.70305e+11	0	19171.7	-14789.5	0	1.00886e+21	1.31165e+21	0	1.898e+27	-7.69133e+11	-8.43562e+10	0	1577.93	-12955.1	0	4.14113e+23	5.01078e+22	0	5.683e+26	-1.17575e+12	-8.42682e+11	0	5616.61	-7682.62	0	2.89719e+22	2.10003e+22	0	8.681e+25	6.4421e+11	2.79945e+12	0	-6641.93	1514.56	0	-3.15618e+20	-1.37114e+21	0	1.024e+26	3.47378e+12	2.84737e+12	0	-3457.77	4196.99	0	-5.23988e+20	-4.28301e+20	0	7.342e+22	1.51965e+11	2.59096e+09	0	2179	30119	0	-4.99291e+20	2.06111e+20	0	
10	1.9891e+30	2.36616e+09	9.20406e+09	0	-3.1396	30.1063	0	-4.02545e+23	-1.18427e+23	0	3.285e+23	-4.07968e+10	4.95194e+10	0	-32454.9	-34365.6	0	9.13593e+21	-8.53328e+21	0	4.867e+24	2.86865e+10	-9.48264e+10	0	34115.9	8487.4	0	-1.37634e+22	5.43955e+22	0	5.972e+24	1.42539e+11	6.14741e+10	0	-10420.5	27953.9	0	-3.32959e+22	-1.25571e+22	0	6.39e+23	-9.44857e+10	-1.9557e+11	0	21866.5	-10381.1	0	7.06647e+20	1.49447e+21	0	1.898e+27	-7.65541e+11	-1.10209e+11	0	2013.33	-12895	0	4.12201e+23	6.40189e+22	0	5.683e+26	-1.16442e+12	-8.57973e+11	0	5718.09	-7608.04	0	2.86988e+22	2.1383e+22	0	8.681e+25	6.30919e+11	2.80245e+12	0	-6649.13	1482.95	0	-3.09107e+20	-1.37269e+21	0	1.024e+26	3.46685e+12	2.85576e+12	0	-3467.99	4188.61	0	-5.22967e+20	-4.2958e+20	0	7.342e+22	1.42351e+11	6.11491e+10	0	-9531.45	27408.6	0	-3.05966e+20	2.79036e+19	0	
10	1.9891e+30	2.35948e+09	9.26415e+09	0	-3.53212	29.9855	0	-3.76219e+23	-1.18857e+23	0	3.285e+23	-3.67848e+10	-3.49357e+10	0	35572.9	-31148.1	0	8.29411e+21	9.36538e+21	0	4.867e+24	8.67136e+10	-5.75267e+10	0	21844.3	27447.6	0	-4.37569e+22	3.46455e+22	0	5.972e+24	1.11296e+11	1.1181e+11	0	-20421.5	21739.4	0	-2.60002e+22	-2.4305e+22	0	6.39e+23	-4.88823e+10	-2.11517e+11	0	23562.6	-5506.27	0	3.73176e+20	1.60859e+21	0	1.898e+27	-7.61081e+11	-1.35926e+11	0	2446.47	-12820.3	0	4.09822e+23	7.78587e+22	0	5.683e+26	-1.15288e+12	-8.73113e+11	0	5818.6	-7532.11	0	2.84209e+22	2.17623e+22	0	8.681e+25	6.17614e+11	2.80539e+12	0	-6656.17	1451.31	0	-3.02589e+20	-1.37422e+21	0	1.024e+26	3.45991e+12	2.86413e+12	0	-3478.2	4180.21	0	-5.21942e+20	-4.30856e+20	0	7.342e+22	1.10926e+11	1.11763e+11	0	-20273.5	20700.1	0	-1.09272e+20	-2.73173e+20	0	
10	1.9891e+30	2.35205e+09	9.32401e+09	0	-3.89711	29.8777	0	-3.54147e+23	-8.98659e+22	0	3.285e+23	4.79268e+10	-2.72542e+10	0	29746.3	37434.7	0	-9.95898e+21	7.99302e+21	0	4.867e+24	1.10042e+11	7.28191e+09	0	664.26	35043.9	0	-5.56833e+22	1.05577e+21	0	5.972e+24	6.30021e+10	1.46098e+11	0	-27224.4	12121.8	0	-1.45069e+22	-3.22379e+22	0	6.39e+23	-9.51201e+08	-2.17432e+11	0	24186.1	-388.412	0	2.38747e+19	1.64926e+21	0	1.898e+27	-7.55757e+11	-1.6148e+11	0	2876.86	-12731	0	4.06976e+23	9.16112e+22	0	5.683e+26	-1.14114e+12	-8.881e+11	0	5918.12	-7454.87	0	2.81382e+22	2.21381e+22	0	8.681e+25	6.04294e+11	2.80826e+12	0	-6663.07	1419.63	0	-2.96063e+20	-1.37571e+21	0	1.024e+26	3.45294e+12	2.87248e+12	0	-3488.38	4171.78	0	-5.20914e+20	-4.3213e+20	0	7.342e+22	6.27232e+10	1.46355e+11	0	-27917.8	11363	0	-2.55913e+19	-5.35746e+20	0	
10	1.9891e+30	2.3439e+09	9.38369e+09	0	-4.26027	29.8096	0	-3.7738e+23	-4.83407e+22	0	3.285e+23	3.58108e+10	5.73855e+10	0	-38997	27555.7	0	-7.28376e+21	-1.04471e+22	0	4.867e+24	8.91832e+10	7.29291e+10	0	-20786.9	28258.8	0	-4.50317e+22	-3.29518e+22	0	5.972e+24	5.21572e+09	1.58989e+11	0	-29771.8	610.738	0	-6.70845e+20	-3.5199e+22	0	6.39e+23	4.71294e+10	-2.13062e+11	0	23712.3	4739.61	0	-3.25317e+20	1.61514e+21	0	1.898e+27	-7.49576e+11	-1.86841e+11	0	3304	-12627.2	0	4.03668e+23	1.05261e+23	0	5.683e+26	-1.12921e+12	-9.02932e+11	0	6016.64	-7376.3	0	2.78506e+22	2.25102e+22	0	8.681e+25	5.90961e+11	2.81106e+12	0	-6669.82	1387.92	0	-2.8953e+20	-1.37718e+21	0	1.024e+26	3.44595e+12	2.88081e+12	0	-3498.54	4163.33	0	-5.19883e+20	-4.33402e+20	0	7.342e+22	5.23372e+09	1.59367e+11	0	-30808.6	646.576	0	-1.80611e+19	-6.36987e+20	0	
10	1.9891e+30	2.33498e+09	9.44326e+09	0	-4.66772	29.7659	0	-4.33964e+23	-4.75712e+22	0	3.285e+23	-4.75696e+10	4.11245e+10	0	-25487	-39758.3	0	1.05366e+22	-6.68907e+21	0	4.867e+24	3.26119e+10	1.12411e+11	0	-33769.2	9785.44	0	-1.58242e+22	-5.38125e+22	0	5.972e+24	-5.30209e+10	1.48483e+11	0	-27670.6	-10986.7	0	1.32474e+22	-3.27685e+22	0	6.39e+23	9.31819e+10	-1.98621e+11	0	22166.3	9646.01	0	-6.5868e+20	1.50826e+21	0	1.898e+27	-7.42543e+11	-2.11979e+11	0	3727.42	-12509.2	0	3.99901e+23	1.18792e+23	0	5.683e+26	-1.11708e+12	-9.17605e+11	0	6114.14	-7296.43	0	2.75584e+22	2.28786e+22	0	8.681e+25	5.77615e+11	2.81381e+12	0	-6676.41	1356.17	0	-2.8299e+20	-1.37861e+21	0	1.024e+26	3.43895e+12	2.88913e+12	0	-3508.69	4154.85	0	-5.18849e+20	-4.3467e+20	0	7.342e+22	-5.2716e+10	1.4872e+11	0	-28300.9	-10200.2	0	5.10787e+18	-5.24538e+20	0	
10	1.9891e+30	2.32519e+09	9.50274e+09	0	-5.12652	29.6999	0	-4.73197e+23	-8.75547e+22	0	3.285e+23	-2.79311e+10	-4.11238e+10	0	40789.5	-24019.3	0	6.43136e+21	1.07614e+22	0	4.867e+24	-3.64656e+10	1.09209e+11	0	-32805	-12903.6	0	2.04656e+22	-5.26077e+22	0	5.972e+24	-1.02602e+11	1.16239e+11	0	-21249	-20853.2	0	2.50032e+22	-2.52712e+22	0	6.39e+23	1.35127e+11	-1.74773e+11	0	19621.2	14110.5	0	-9.61404e+20	1.33386e+21	0	1.898e+27	-7.34669e+11	-2.36868e+11	0	4146.63	-12376.9	0	3.9568e+23	1.32189e+23	0	5.683e+26	-1.10475e+12	-9.32116e+11	0	6210.61	-7215.27	0	2.72615e+22	2.32433e+22	0	8.681e+25	5.64256e+11	2.81649e+12	0	-6682.86	1324.39	0	-2.76443e+20	-1.38001e+21	0	1.024e+26	3.43192e+12	2.89743e+12	0	-3518.81	4146.35	0	-5.17812e+20	-4.35937e+20	0	7.342e+22	-1.02223e+11	1.16174e+11	0	-21060.2	-19852.6	0	1.1085e+20	-2.7849e+20	0	
10	1.9891e+30	2.31446e+09	9.56203e+09	0	-5.61004	29.5891	0	-4.86385e+23	-1.3137e+23	0	3.285e+23	5.39372e+10	-1.77316e+10	0	22210.4	42386.2	0	-1.13062e+22	5.97771e+21	0	4.867e+24	-8.92853e+10	6.43329e+10	0	-18068.5	-30349.7	0	4.86826e+22	-2.91109e+22	0	5.972e+24	-1.35781e+11	6.73112e+10	0	-11507.8	-27447.1	0	3.27472e+22	-1.38246e+22	0	6.39e+23	1.71077e+11	-1.42606e+11	0	16194.1	17933.7	0	-1.2202e+21	1.1001e+21	0	1.898e+27	-7.2596e+11	-2.61478e+11	0	4561.15	-12230.6	0	3.91008e+23	1.45437e+23	0	5.683e+26	-1.09224e+12	-9.46465e+11	0	6306.02	-7132.84	0	2.696e+22	2.36042e+22	0	8.681e+25	5.50884e+11	2.81911e+12	0	-6689.15	1292.58	0	-2.6989e+20	-1.38138e+21	0	1.024e+26	3.42487e+12	2.90572e+12	0	-3528.92	4137.82	0	-5.16772e+20	-4.37201e+20	0	7.342e+22	-1.35585e+11	6.69835e+10	0	-10626.3	-26923.5	0	3.0022e+20	4.22637e+18	0	
10	1.9891e+30	2.30274e+09	9.62107e+09	0	-6.10458	29.4355	0	-4.97341e+23	-1.76968e+23	0	3.285e+23	2.61778e+10	6.31201e+10	0	-43414.1	19742	0	-5.17817e+21	-1.16031e+22	0	4.867e+24	-1.03534e+11	-3.57932e+09	0	4347.31	-35067.9	0	5.63581e+22	7.02911e+21	0	5.972e+24	-1.4738e+11	9.35603e+09	0	35.0484	-29742.9	0	3.53215e+22	-1.33167e+20	0	6.39e+23	1.99418e+11	-1.03578e+11	0	12040.7	20946	0	-1.42382e+21	8.17592e+20	0	1.898e+27	-7.16427e+11	-2.85781e+11	0	4970.52	-12070.5	0	3.85892e+23	1.58521e+23	0	5.683e+26	-1.07953e+12	-9.60647e+11	0	6400.36	-7049.14	0	2.66539e+22	2.39612e+22	0	8.681e+25	5.37499e+11	2.82166e+12	0	-6695.29	1260.74	0	-2.63329e+20	-1.38272e+21	0	1.024e+26	3.4178e+12	2.91398e+12	0	-3539	4129.27	0	-5.15728e+20	-4.38462e+20	0	7.342e+22	-1.47496e+11	8.99591e+09	0	1007.99	-30081.5	0	4.96978e+20	1.96424e+20	0	
10	1.9891e+30	2.29003e+09	9.67974e+09	0	-6.60381	29.2252	0	-4.88916e+23	-2.43816e+23	0	3.285e+23	-5.26331e+10	3.16328e+10	0	-17655.6	-43767.8	0	1.15747e+22	-4.62655e+21	0	4.867e+24	-7.31508e+10	-6.59311e+10	0	24904.8	-25003.3	0	3.99999e+22	4.00914e+22	0	5.972e+24	-1.35591e+11	-4.8561e+10	0	11577.9	-27388.3	0	3.23972e+22	1.36953e+22	0	6.39e+23	2.18879e+11	-5.94518e+10	0	7348.18	23014.1	0	-1.56349e+21	4.98981e+20	0	1.898e+27	-7.06082e+11	-3.0975e+11	0	5374.26	-11896.6	0	3.80337e+23	1.71425e+23	0	5.683e+26	-1.06663e+12	-9.7466e+11	0	6493.62	-6964.19	0	2.63432e+22	2.43142e+22	0	8.681e+25	5.24103e+11	2.82415e+12	0	-6701.28	1228.87	0	-2.56762e+20	-1.38403e+21	0	1.024e+26	3.41072e+12	2.92223e+12	0	-3549.06	4120.7	0	-5.14682e+20	-4.39721e+20	0	7.342e+22	-1.35938e+11	-4.86885e+10	0	11944.6	-28383.1	0	5.99267e+20	2.41945e+20	0	
10	1.9891e+30	2.27635e+09	9.73792e+09	0	-7.07152	28.9485	0	-4.34342e+23	-3.00434e+23	0	3.285e+23	-1.80394e+10	-4.55562e+10	0	44603.4	-16029	0	4.33387e+21	1.17958e+22	0	4.867e+24	-1.10571e+10	-9.6547e+10	0	34911.1	-4526.73	0	7.00764e+21	5.58708e+22	0	5.972e+24	-1.02258e+11	-9.73783e+10	0	21314.4	-20755.9	0	2.45426e+22	2.54342e+22	0	6.39e+23	2.2859e+11	-1.22131e+10	0	2326.72	24046.7	0	-1.63322e+21	1.58369e+20	0	1.898e+27	-6.94934e+11	-3.33358e+11	0	5771.92	-11709.3	0	3.74349e+23	1.84134e+23	0	5.683e+26	-1.05355e+12	-9.88503e+11	0	6585.77	-6878.01	0	2.60281e+22	2.46631e+22	0	8.681e+25	5.10694e+11	2.82658e+12	0	-6707.12	1196.97	0	-2.50188e+20	-1.3853e+21	0	1.024e+26	3.40361e+12	2.93047e+12	0	-3559.1	4112.1	0	-5.13632e+20	-4.40977e+20	0	7.342e+22	-1.02581e+11	-9.71799e+10	0	20794.9	-21643	0	4.77899e+20	2.03575e+20	0	
10	1.9891e+30	2.26179e+09	9.79551e+09	0	-7.47153	28.6394	0	-3.63824e+23	-3.04964e+23	0	3.285e+23	5.80849e+10	-7.23696e+09	0	13863.6	45828	0	-1.22452e+22	3.73613e+21	0	4.867e+24	5.66364e+10	-8.28824e+10	0	30346.2	17663.6	0	-2.83192e+22	4.82659e+22	0	5.972e+24	-5.25916e+10	-1.29453e+11	0	27716.3	-10878.7	0	1.29372e+22	3.31288e+22	0	6.39e+23	2.28116e+11	3.60132e+10	0	-2799.24	23998.2	0	-1.63002e+21	-1.89248e+20	0	1.898e+27	-6.82998e+11	-3.56579e+11	0	6163.04	-11508.6	0	3.67935e+23	1.96635e+23	0	5.683e+26	-1.04029e+12	-1.00217e+12	0	6676.81	-6790.6	0	2.57085e+22	2.50079e+22	0	8.681e+25	4.97274e+11	2.82894e+12	0	-6712.81	1165.04	0	-2.43608e+20	-1.38655e+21	0	1.024e+26	3.39648e+12	2.93868e+12	0	-3569.12	4103.47	0	-5.12579e+20	-4.42231e+20	0	7.342e+22	-5.26558e+10	-1.29076e+11	0	26704.7	-11054.4	0	1.94471e+20	2.08427e+20	0	
10	1.9891e+30	2.2465e+09	9.85249e+09	0	-7.81607	28.3467	0	-3.28881e+23	-2.76495e+23	0	3.285e+23	1.56844e+10	6.69513e+10	0	-46278.6	11258.8	0	-2.90348e+21	-1.2337e+22	0	4.867e+24	1.01902e+11	-3.09155e+10	0	13316.7	32428.1	0	-5.15832e+22	2.11014e+22	0	5.972e+24	5.64875e+09	-1.39756e+11	0	29778.4	705.912	0	-6.80304e+20	3.55443e+22	0	6.39e+23	2.17475e+11	8.30592e+10	0	-7800.78	22870.8	0	-1.554e+21	-5.28589e+20	0	1.898e+27	-6.70287e+11	-3.79384e+11	0	6547.19	-11294.9	0	3.61102e+23	2.08913e+23	0	5.683e+26	-1.02685e+12	-1.01566e+12	0	6766.72	-6701.99	0	2.53845e+22	2.53484e+22	0	8.681e+25	4.83843e+11	2.83124e+12	0	-6718.35	1133.08	0	-2.37022e+20	-1.38776e+21	0	1.024e+26	3.38933e+12	2.94688e+12	0	-3579.13	4094.82	0	-5.11523e+20	-4.43482e+20	0	7.342e+22	5.89448e+09	-1.39459e+11	0	28986	1342.23	0	-1.36672e+20	2.84825e+20	0	
10	1.9891e+30	2.23054e+09	9.90891e+09	0	-8.14199	28.0786	0	-3.20527e+23	-2.59828e+23	0	3.285e+23	-5.58181e+10	2.13771e+10	0	-9228.24	-46263.8	0	1.22194e+22	-2.41414e+21	0	4.867e+24	1.06242e+11	3.78105e+10	0	-9127.8	33847.2	0	-5.38121e+22	-1.44357e+22	0	5.972e+24	6.33572e+10	-1.26661e+11	0	27177.4	12192.4	0	-1.42721e+22	3.23311e+22	0	6.39e+23	1.97144e+11	1.26808e+11	0	-12454.3	20713.7	0	-1.40838e+21	-8.4469e+20	0	1.898e+27	-6.56814e+11	-4.0175e+11	0	6923.91	-11068.4	0	3.53859e+23	2.20954e+23	0	5.683e+26	-1.01323e+12	-1.02898e+12	0	6855.48	-6612.19	0	2.50561e+22	2.56847e+22	0	8.681e+25	4.70401e+11	2.83347e+12	0	-6723.73	1101.1	0	-2.3043e+20	-1.38894e+21	0	1.024e+26	3.38216e+12	2.95506e+12	0	-3589.11	4086.15	0	-5.10464e+20	-4.44731e+20	0	7.342e+22	6.37428e+10	-1.26642e+11	0	27146.2	13201.4	0	-3.74638e+20	3.86837e+20	0	
10	1.9891e+30	2.21394e+09	9.96481e+09	0	-8.45954	27.8223	0	-3.10723e+23	-2.48445e+23	0	3.285e+23	-7.45289e+09	-4.80683e+10	0	46872.6	-7448.15	0	2.0701e+21	1.24278e+22	0	4.867e+24	6.78845e+10	9.50698e+10	0	-27873	21355.7	0	-3.41587e+22	-4.42673e+22	0	5.972e+24	1.11505e+11	-9.22026e+10	0	20322	21785.4	0	-2.57363e+22	2.4039e+22	0	6.39e+23	1.68029e+11	1.6529e+11	0	-16550.8	17622.2	0	-1.1994e+21	-1.12351e+21	0	1.898e+27	-6.42596e+11	-4.2365e+11	0	7292.8	-10829.4	0	3.46214e+23	2.32743e+23	0	5.683e+26	-9.99427e+11	-1.04211e+12	0	6943.07	-6521.22	0	2.47234e+22	2.60166e+22	0	8.681e+25	4.56948e+11	2.83564e+12	0	-6728.96	1069.08	0	-2.23832e+20	-1.3901e+21	0	1.024e+26	3.37497e+12	2.96322e+12	0	-3599.07	4077.45	0	-5.09402e+20	-4.45977e+20	0	7.342e+22	1.11764e+11	-9.24786e+10	0	21086.7	22486.8	0	-4.56236e+20	4.4486e+20	0	
10	1.9891e+30	2.19671e+09	1.00202e+10	0	-8.77118	27.5837	0	-3.1438e+23	-2.24934e+23	0	3.285e+23	6.02178e+10	3.85956e+09	0	5009.71	47631	0	-1.27381e+22	1.35248e+21	0	4.867e+24	2.45978e+09	1.17193e+11	0	-35204.7	-58.2145	0	-1.3873e+20	-5.6252e+22	0	5.972e+24	1.42552e+11	-4.176e+10	0	10288.6	27980.9	0	-3.32586e+22	1.20581e+22	0	6.39e+23	1.31435e+11	1.96764e+11	0	-19905.5	13733	0	-9.36054e+20	-1.35252e+21	0	1.898e+27	-6.27649e+11	-4.45059e+11	0	7653.42	-10578	0	3.38174e+23	2.44268e+23	0	5.683e+26	-9.85454e+11	-1.05506e+12	0	7029.49	-6429.08	0	2.43864e+22	2.63441e+22	0	8.681e+25	4.43485e+11	2.83775e+12	0	-6734.05	1037.04	0	-2.17228e+20	-1.39122e+21	0	1.024e+26	3.36777e+12	2.97137e+12	0	-3609	4068.73	0	-5.08337e+20	-4.47221e+20	0	7.342e+22	1.42507e+11	-4.21366e+10	0	11308.1	27854.1	0	-3.83942e+20	3.53672e+20	0	
10	1.9891e+30	2.17884e+09	1.00752e+10	0	-9.10366	27.3638	0	-3.50613e+23	-2.19753e+23	0	3.285e+23	4.7036e+09	6.87569e+10	0	-47500.9	2412.11	0	-5.4342e+20	-1.2629e+22	0	4.867e+24	-6.30292e+10	9.47226e+10	0	-27892.4	-21622.9	0	3.45344e+22	-4.48313e+22	0	5.972e+24	1.51631e+11	1.67834e+10	0	-1351.27	29801.6	0	-3.55652e+22	-1.70395e+21	0	6.39e+23	8.90039e+10	2.19803e+11	0	-22365.6	9218.8	0	-6.29817e+20	-1.52125e+21	0	1.898e+27	-6.11988e+11	-4.65954e+11	0	8005.36	-10314.7	0	3.2975e+23	2.55516e+23	0	5.683e+26	-9.7131e+11	-1.06783e+12	0	7114.71	-6335.8	0	2.40452e+22	2.6667e+22	0	8.681e+25	4.30012e+11	2.83979e+12	0	-6738.97	1004.98	0	-2.10619e+20	-1.3923e+21	0	1.024e+26	3.36054e+12	2.9795e+12	0	-3618.92	4059.98	0	-5.07269e+20	-4.48462e+20	0	7.342e+22	1.51319e+11	1.65804e+10	0	-788.116	28912.9	0	-2.6004e+20	9.5967e+19	0	
10	1.9891e+30	2.16027e+09	1.01297e+10	0	-9.47337	27.1255	0	-3.78689e+23	-2.60316e+23	0	3.285e+23	-5.70164e+10	1.07176e+10	0	-489.79	-47164.5	0	1.24511e+22	-1.23749e+20	0	4.867e+24	-1.0113e+11	3.67575e+10	0	-8798.19	-34225.9	0	5.49874e+22	-1.41767e+22	0	5.972e+24	1.37315e+11	7.42749e+10	0	-12777	26955.8	0	-3.21967e+22	-1.5119e+22	0	6.39e+23	4.26456e+10	2.33356e+11	0	-23817.4	4281.56	0	-2.9418e+20	-1.62178e+21	0	1.898e+27	-5.95633e+11	-4.8631e+11	0	8348.23	-10039.6	0	3.20951e+23	2.66473e+23	0	5.683e+26	-9.56996e+11	-1.08041e+12	0	7198.73	-6241.39	0	2.36997e+22	2.69853e+22	0	8.681e+25	4.1653e+11	2.84177e+12	0	-6743.75	972.891	0	-2.04004e+20	-1.39336e+21	0	1.024e+26	3.35329e+12	2.98761e+12	0	-3628.82	4051.21	0	-5.06197e+20	-4.497e+20	0	7.342e+22	1.36961e+11	7.44008e+10	0	-13098.7	25966.7	0	-1.99444e+20	-2.57415e+20	0	
10	1.9891e+30	2.14094e+09	1.01836e+10	0	-9.84946	26.8374	0	-3.62344e+23	-3.09489e+23	0	3.285e+23	3.46031e+09	-4.85567e+10	0	47505.6	1428.14	0	-2.83739e+20	1.26292e+22	0	4.867e+24	-9.56807e+10	-3.24241e+10	0	14041.1	-32413.4	0	5.20308e+22	2.26623e+22	0	5.972e+24	1.01843e+11	1.21728e+11	0	-22206	19889.2	0	-2.36782e+22	-2.62248e+22	0	6.39e+23	-5.54671e+09	2.36794e+11	0	-24192.1	-856.717	0	5.58882e+19	-1.64914e+21	0	1.898e+27	-5.78602e+11	-5.06105e+11	0	8681.63	-9753.2	0	3.11788e+23	2.77127e+23	0	5.683e+26	-9.42516e+11	-1.09279e+12	0	7281.52	-6145.87	0	2.33501e+22	2.72989e+22	0	8.681e+25	4.03037e+11	2.84368e+12	0	-6748.37	940.777	0	-1.97384e+20	-1.39439e+21	0	1.024e+26	3.34602e+12	2.9957e+12	0	-3638.7	4042.41	0	-5.05122e+20	-4.50936e+20	0	7.342e+22	1.01702e+11	1.22085e+11	0	-23147.6	19511.5	0	-2.1621e+20	-5.08844e+20	0	
10	1.9891e+30	2.12089e+09	1.0237e+10	0	-10.1957	26.5149	0	-3.27576e+23	-3.26265e+23	0	3.285e+23	6.02574e+10	1.51682e+10	0	-4028.06	47726.4	0	-1.27647e+22	-1.08275e+21	0	4.867e+24	-4.90156e+10	-8.36748e+10	0	30895.9	-16978.7	0	2.70209e+22	4.96247e+22	0	5.972e+24	5.0768e+10	1.51728e+11	0	-28165.9	9714.51	0	-1.14248e+22	-3.33146e+22	0	6.39e+23	-5.33899e+10	2.29949e+11	0	-23469.1	-5963.42	0	4.04575e+20	-1.6016e+21	0	1.898e+27	-5.60913e+11	-5.25315e+11	0	9005.19	-9455.71	0	3.0227e+23	2.87465e+23	0	5.683e+26	-9.27871e+11	-1.10499e+12	0	7363.07	-6049.25	0	2.29963e+22	2.76078e+22	0	8.681e+25	3.89536e+11	2.84553e+12	0	-6752.84	908.641	0	-1.90759e+20	-1.39538e+21	0	1.024e+26	3.33874e+12	3.00378e+12	0	-3648.55	4033.59	0	-5.04045e+20	-4.52169e+20	0	7.342e+22	5.09431e+10	1.5207e+11	0	-29078.9	10175.1	0	-2.31455e+20	-5.86139e+20	0	
10	1.9891e+30	2.10018e+09	1.02897e+10	0	-10.515	26.186	0	-3.10413e+23	-3.29263e+23	0	3.285e+23	-6.37768e+09	6.84894e+10	0	-47050.9	-6483.56	0	1.81725e+21	-1.24756e+22	0	4.867e+24	1.90957e+10	-9.56244e+10	0	34736.8	5427.22	0	-8.89743e+21	5.54408e+22	0	5.972e+24	-7.91755e+09	1.59595e+11	0	-29726	-1969.33	0	2.55868e+21	-3.52763e+22	0	6.39e+23	-9.87096e+10	2.13116e+11	0	-21677.8	-10805.9	0	7.35925e+20	-1.48085e+21	0	1.898e+27	-5.42588e+11	-5.4392e+11	0	9318.54	-9147.49	0	2.92408e+23	2.97476e+23	0	5.683e+26	-9.13064e+11	-1.11699e+12	0	7443.38	-5951.55	0	2.26383e+22	2.79119e+22	0	8.681e+25	3.76026e+11	2.84731e+12	0	-6757.16	876.482	0	-1.84128e+20	-1.39634e+21	0	1.024e+26	3.33143e+12	3.01184e+12	0	-3658.39	4024.75	0	-5.02964e+20	-4.534e+20	0	7.342e+22	-7.54357e+09	1.59694e+11	0	-29976.2	-994.297	0	-1.61162e+20	-4.83822e+20	0	
10	1.9891e+30	2.07884e+09	1.03417e+10	0	-10.8195	25.8492	0	-2.92625e+23	-3.40745e+23	0	3.285e+23	-5.61901e+10	2.9276e+07	0	8264.47	-46441.2	0	1.22634e+22	2.17033e+21	0	4.867e+24	8.01968e+10	-6.36086e+10	0	24182.5	25409.5	0	-4.05513e+22	3.83864e+22	0	5.972e+24	-6.5035e+10	1.44113e+11	0	-26641	-13331.3	0	1.60411e+22	-3.17515e+22	0	6.39e+23	-1.3944e+11	1.87049e+11	0	-18896.6	-15162.1	0	1.03459e+21	-1.292e+21	0	1.898e+27	-5.23646e+11	-5.61898e+11	0	9621.32	-8828.9	0	2.82215e+23	3.07149e+23	0	5.683e+26	-8.98098e+11	-1.12879e+12	0	7522.41	-5852.8	0	2.22763e+22	2.82111e+22	0	8.681e+25	3.62508e+11	2.84903e+12	0	-6761.33	844.301	0	-1.77493e+20	-1.39727e+21	0	1.024e+26	3.3241e+12	3.01988e+12	0	-3668.2	4015.88	0	-5.0188e+20	-4.54628e+20	0	7.342e+22	-6.47215e+10	1.43902e+11	0	-26040.4	-12486.3	0	2.5741e+19	-2.765e+20	0	
10	1.9891e+30	2.05692e+09	1.03931e+10	0	-11.099	25.506	0	-2.63422e+23	-3.37123e+23	0	3.285e+23	1.43159e+10	-4.69893e+10	0	46468.1	10290.2	0	-2.64626e+21	1.23864e+22	0	4.867e+24	1.09148e+11	-1.11722e+09	0	3748.69	34844	0	-5.5376e+22	5.95118e+21	0	5.972e+24	-1.11659e+11	1.07715e+11	0	-19390.5	-22595.9	0	2.69021e+22	-2.32173e+22	0	6.39e+23	-1.73718e+11	1.52926e+11	0	-15250.3	-18831.2	0	1.28657e+21	-1.04342e+21	0	1.898e+27	-5.0411e+11	-5.79229e+11	0	9913.19	-8500.3	0	2.71701e+23	3.16472e+23	0	5.683e+26	-8.82976e+11	-1.1404e+12	0	7600.16	-5752.99	0	2.19102e+22	2.85054e+22	0	8.681e+25	3.48981e+11	2.85069e+12	0	-6765.34	812.099	0	-1.70853e+20	-1.39817e+21	0	1.024e+26	3.31676e+12	3.0279e+12	0	-3677.99	4006.99	0	-5.00793e+20	-4.55854e+20	0	7.342e+22	-1.11629e+11	1.0734e+11	0	-18354.6	-22507.7	0	3.1552e+20	-7.72012e+19	0	
10	1.9891e+30	2.03446e+09	1.04438e+10	0	-11.3571	25.1806	0	-2.57286e+23	-3.08379e+23	0	3.285e+23	5.81996e+10	2.62912e+10	0	-12919.5	46110.1	0	-1.23238e+22	-3.47726e+21	0	4.867e+24	9.41559e+10	6.61008e+10	0	-18212.2	29975.1	0	-4.77396e+22	-2.88432e+22	0	5.972e+24	-1.4051e+11	5.61033e+10	0	-9105.86	-28322.6	0	3.35531e+22	-1.09419e+22	0	6.39e+23	-1.99973e+11	1.12296e+11	0	-10904.3	-21643.1	0	1.47993e+21	-7.46362e+20	0	1.898e+27	-4.84001e+11	-5.95893e+11	0	10193.8	-8162.07	0	2.6088e+23	3.25435e+23	0	5.683e+26	-8.67699e+11	-1.1518e+12	0	7676.62	-5652.17	0	2.154e+22	2.87947e+22	0	8.681e+25	3.35446e+11	2.85228e+12	0	-6769.2	779.877	0	-1.64208e+20	-1.39904e+21	0	1.024e+26	3.30939e+12	3.03591e+12	0	-3687.76	3998.08	0	-4.99703e+20	-4.57077e+20	0	7.342e+22	-1.40777e+11	5.58375e+10	0	-8380.61	-29063.1	0	5.59877e+20	1.44119e+19	0	
10	1.9891e+30	2.01148e+09	1.04938e+10	0	-11.6309	24.8787	0	-2.91145e+23	-2.99925e+23	0	3.285e+23	-1.71723e+10	6.61723e+10	0	-44956.3	-15116.8	0	4.0961e+21	-1.18885e+22	0	4.867e+24	4.12981e+10	1.10413e+11	0	-32766.8	12730.3	0	-2.051e+22	-5.21634e+22	0	5.972e+24	-1.47089e+11	-2.64667e+09	0	2603.76	-29624	0	3.50419e+22	3.12969e+21	0	6.39e+23	-2.17e+11	6.70125e+10	0	-6057.22	-23467	0	1.60547e+21	-4.14497e+20	0	1.898e+27	-4.63342e+11	-6.11871e+11	0	10462.9	-7814.59	0	2.49763e+23	3.34027e+23	0	5.683e+26	-8.5227e+11	-1.16301e+12	0	7751.77	-5550.33	0	2.11659e+22	2.9079e+22	0	8.681e+25	3.21904e+11	2.85381e+12	0	-6772.91	747.635	0	-1.57559e+20	-1.39987e+21	0	1.024e+26	3.30201e+12	3.04389e+12	0	-3697.51	3989.14	0	-4.9861e+20	-4.58297e+20	0	7.342e+22	-1.47461e+11	-2.6028e+09	0	2498.44	-30667.7	0	6.38833e+20	1.3261e+19	0	
10	1.9891e+30	1.98791e+09	1.05433e+10	0	-11.9403	24.5615	0	-3.1919e+23	-3.36609e+23	0	3.285e+23	-5.33681e+10	-1.03135e+10	0	16739.1	-44117.9	0	1.16619e+22	4.39389e+21	0	4.867e+24	-2.77853e+10	1.13343e+11	0	-33819.2	-9938.6	0	1.56915e+22	-5.41817e+22	0	5.972e+24	-1.30372e+11	-5.9344e+10	0	13904	-26299.9	0	3.11839e+22	1.66869e+22	0	6.39e+23	-2.24015e+11	1.91445e+10	0	-931.643	-24217.6	0	1.65715e+21	-6.32552e+19	0	1.898e+27	-4.42157e+11	-6.27145e+11	0	10720.1	-7458.25	0	2.38363e+23	3.42239e+23	0	5.683e+26	-8.36692e+11	-1.17401e+12	0	7825.59	-5447.5	0	2.07877e+22	2.93582e+22	0	8.681e+25	3.08355e+11	2.85527e+12	0	-6776.46	715.374	0	-1.50906e+20	-1.40068e+21	0	1.024e+26	3.2946e+12	3.05186e+12	0	-3707.24	3980.17	0	-4.97514e+20	-4.59515e+20	0	7.342e+22	-1.30583e+11	-5.90219e+10	0	13067.2	-26869.1	0	4.93198e+20	3.64508e+19	0	
10	1.9891e+30	1.96371e+09	1.0592e+10	0	-12.2601	24.1982	0	-3.11749e+23	-3.84186e+23	0	3.285e+23	2.47294e+10	-4.3407e+10	0	43783.5	18824	0	-4.93323e+21	1.17011e+22	0	4.867e+24	-8.43907e+10	7.33457e+10	0	-20704.7	-28619.2	0	4.58677e+22	-3.33334e+22	0	5.972e+24	-9.29731e+10	-1.05118e+11	0	23025.4	-18864.3	0	2.24964e+22	2.75486e+22	0	6.39e+23	-2.20697e+11	-2.91179e+10	0	4236.38	-23859.9	0	1.63248e+21	2.90951e+20	0	1.898e+27	-4.2047e+11	-6.41698e+11	0	10965.1	-7093.46	0	2.26693e+23	3.50061e+23	0	5.683e+26	-8.20969e+11	-1.1848e+12	0	7898.08	-5343.7	0	2.04057e+22	2.96322e+22	0	8.681e+25	2.94799e+11	2.85667e+12	0	-6779.86	683.095	0	-1.44248e+20	-1.40145e+21	0	1.024e+26	3.28718e+12	3.05982e+12	0	-3716.94	3971.19	0	-4.96415e+20	-4.6073e+20	0	7.342e+22	-9.28757e+10	-1.04746e+11	0	22041.5	-18601.4	0	2.27737e+20	1.46783e+20	0	
10	1.9891e+30	1.93888e+09	1.064e+10	0	-12.563	23.7948	0	-2.91238e+23	-4.16713e+23	0	3.285e+23	5.4118e+10	3.68354e+10	0	-21339	42842.9	0	-1.14331e+22	-5.73976e+21	0	4.867e+24	-1.0465e+11	6.96737e+09	0	1196.33	-35323.2	0	5.67685e+22	1.95483e+21	0	5.972e+24	-4.07351e+10	-1.32805e+11	0	28541.2	-8472.43	0	1.02677e+22	3.40143e+22	0	6.39e+23	-2.07199e+11	-7.55662e+10	0	9208.76	-22410.7	0	1.53262e+21	6.31554e+20	0	1.898e+27	-3.98305e+11	-6.55514e+11	0	11197.8	-6720.64	0	2.14767e+23	3.57485e+23	0	5.683e+26	-8.05101e+11	-1.19538e+12	0	7969.21	-5238.94	0	2.00197e+22	2.99012e+22	0	8.681e+25	2.81236e+11	2.85801e+12	0	-6783.11	650.799	0	-1.37586e+20	-1.40219e+21	0	1.024e+26	3.27973e+12	3.06775e+12	0	-3726.63	3962.18	0	-4.95312e+20	-4.61943e+20	0	7.342e+22	-4.03909e+10	-1.32631e+11	0	28084.4	-7566.98	0	-5.20933e+19	3.30119e+20	0	
10	1.9891e+30	1.91347e+09	1.06872e+10	0	-12.8458	23.3579	0	-2.68733e+23	-4.54856e+23	0	3.285e+23	-2.73063e+10	6.19003e+10	0	-41303.6	-23190.1	0	6.21619e+21	-1.08952e+22	0	4.867e+24	-7.9952e+10	-5.7865e+10	0	22579.4	-27134.3	0	4.34475e+22	3.6381e+22	0	5.972e+24	1.8176e+10	-1.38064e+11	0	29590.4	3256.56	0	-3.66057e+21	3.51214e+22	0	6.39e+23	-1.84144e+11	-1.18077e+11	0	13756.7	-19937.5	0	1.36237e+21	9.42665e+20	0	1.898e+27	-3.75687e+11	-6.68576e+11	0	11417.7	-6340.21	0	2.02599e+23	3.64502e+23	0	5.683e+26	-7.89093e+11	-1.20575e+12	0	8038.98	-5133.24	0	1.96299e+22	3.01649e+22	0	8.681e+25	2.67666e+11	2.85928e+12	0	-6786.2	618.486	0	-1.3092e+20	-1.4029e+21	0	1.024e+26	3.27227e+12	3.07566e+12	0	-3736.29	3953.14	0	-4.94207e+20	-4.63153e+20	0	7.342e+22	1.85301e+10	-1.38203e+11	0	29990.9	4201.25	0	-2.36747e+20	5.05229e+20	0	
10	1.9891e+30	1.88752e+09	1.07334e+10	0	-13.0924	22.8793	0	-2.15158e+23	-4.93755e+23	0	3.285e+23	-4.86482e+10	-1.99499e+10	0	24648.1	-40270.1	0	1.06646e+22	6.47505e+21	0	4.867e+24	-2.08194e+10	-9.39025e+10	0	34378.3	-7615.94	0	1.19515e+22	5.5075e+22	0	5.972e+24	7.45449e+10	-1.20062e+11	0	26011.8	14489.7	0	-1.71371e+22	3.07546e+22	0	6.39e+23	-1.52594e+11	-1.54709e+11	0	17671.9	-16555.7	0	1.12987e+21	1.20988e+21	0	1.898e+27	-3.52643e+11	-6.8087e+11	0	11624.6	-5952.61	0	1.90202e+23	3.71104e+23	0	5.683e+26	-7.72946e+11	-1.21591e+12	0	8107.38	-5026.63	0	1.92364e+22	3.04235e+22	0	8.681e+25	2.54091e+11	2.86048e+12	0	-6789.14	586.157	0	-1.24251e+20	-1.40357e+21	0	1.024e+26	3.26479e+12	3.08356e+12	0	-3745.93	3944.08	0	-4.93098e+20	-4.6436e+20	0	7.342e+22	7.46531e+10	-1.20418e+11	0	27021.6	14794.8	0	-2.7171e+20	5.81162e+20	0	
10	1.9891e+30	1.86115e+09	1.07787e+10	0	-13.2697	22.3794	0	-1.37436e+23	-4.90853e+23	0	3.285e+23	3.43278e+10	-3.7924e+10	0	39534.4	26722	0	-7.0604e+21	1.05911e+22	0	4.867e+24	4.78299e+10	-8.62982e+10	0	31793.5	14909.3	0	-2.39679e+22	5.06138e+22	0	5.972e+24	1.19547e+11	-8.16019e+10	0	18367.8	23464.7	0	-2.7976e+22	2.16984e+22	0	6.39e+23	-1.13997e+11	-1.83797e+11	0	20776.1	-12422.6	0	8.46174e+20	1.42101e+21	0	1.898e+27	-3.29197e+11	-6.92382e+11	0	11818.4	-5558.27	0	1.77591e+23	3.77283e+23	0	5.683e+26	-7.56664e+11	-1.22586e+12	0	8174.38	-4919.11	0	1.8839e+22	3.06768e+22	0	8.681e+25	2.4051e+11	2.86162e+12	0	-6791.93	553.813	0	-1.17578e+20	-1.40421e+21	0	1.024e+26	3.25729e+12	3.09144e+12	0	-3755.55	3935	0	-4.91987e+20	-4.65565e+20	0	7.342e+22	1.19335e+11	-8.19146e+10	0	19225.6	22893.3	0	-2.26708e+20	4.39267e+20	0	
10	1.9891e+30	1.83449e+09	1.0823e+10	0	-13.3791	21.9089	0	-8.88821e+22	-4.40897e+23	0	3.285e+23	4.81592e+10	4.64279e+10	0	-28979.8	38048.6	0	-1.01287e+22	-7.78495e+21	0	4.867e+24	9.7507e+10	-3.85345e+10	0	16121.8	31124.4	0	-4.95449e+22	2.55595e+22	0	5.972e+24	1.46132e+11	-2.86899e+10	0	7851.47	28769.2	0	-3.43686e+22	9.33172e+21	0	6.39e+23	-7.01237e+10	-2.04024e+11	0	22929.4	-7729.09	0	5.2466e+20	1.56659e+21	0	1.898e+27	-3.05378e+11	-7.03098e+11	0	11998.9	-5157.64	0	1.6478e+23	3.83033e+23	0	5.683e+26	-7.40249e+11	-1.23559e+12	0	8239.97	-4810.71	0	1.84381e+22	3.09249e+22	0	8.681e+25	2.26923e+11	2.8627e+12	0	-6794.56	521.454	0	-1.10901e+20	-1.40483e+21	0	1.024e+26	3.24977e+12	3.0993e+12	0	-3765.15	3925.9	0	-4.90872e+20	-4.66767e+20	0	7.342e+22	1.45757e+11	-2.87295e+10	0	7964.48	27733.9	0	-2.16776e+20	1.37575e+20	0	
10	1.9891e+30	1.80765e+09	1.08664e+10	0	-13.465	21.4907	0	-8.71025e+22	-3.9541e+23	0	3.285e+23	-3.64309e+10	5.58332e+10	0	-36229.6	-30429.4	0	8.10819e+21	-9.53496e+21	0	4.867e+24	1.07881e+11	2.95277e+10	0	-6111.52	34509.4	0	-5.48564e+22	-9.65173e+21	0	5.972e+24	1.50131e+11	3.04044e+10	0	-3896.53	29567.9	0	-3.52625e+22	-4.48698e+21	0	6.39e+23	-2.29778e+10	-2.14482e+11	0	24036.6	-2691.14	0	1.8032e+20	1.64035e+21	0	1.898e+27	-2.81211e+11	-7.13008e+11	0	12165.7	-4751.19	0	1.51784e+23	3.88347e+23	0	5.683e+26	-7.23705e+11	-1.2451e+12	0	8304.15	-4701.45	0	1.80334e+22	3.11677e+22	0	8.681e+25	2.13332e+11	2.86371e+12	0	-6797.04	489.082	0	-1.04221e+20	-1.40541e+21	0	1.024e+26	3.24223e+12	3.10714e+12	0	-3774.73	3916.77	0	-4.89755e+20	-4.67966e+20	0	7.342e+22	1.49858e+11	3.06731e+10	0	-4594.47	28823.8	0	-2.90807e+20	-1.97989e+20	0	
10	1.9891e+30	1.78062e+09	1.0909e+10	0	-13.5573	21.1053	0	-9.59365e+22	-3.73575e+23	0	3.285e+23	-4.21906e+10	-2.85419e+10	0	31721.9	-35023	0	9.30118e+21	8.34492e+21	0	4.867e+24	7.47262e+10	8.9923e+10	0	-25872.6	23721.2	0	-3.78985e+22	-4.10525e+22	0	5.972e+24	1.30913e+11	8.6442e+10	0	-15041.7	25737.9	0	-3.05702e+22	-1.76907e+22	0	6.39e+23	2.52931e+10	-2.14711e+11	0	24051	2461.12	0	-1.70996e+20	1.63943e+21	0	1.898e+27	-2.56724e+11	-7.221e+11	0	12318.7	-4339.36	0	1.38618e+23	3.9322e+23	0	5.683e+26	-7.07034e+11	-1.25439e+12	0	8366.9	-4591.34	0	1.76253e+22	3.14052e+22	0	8.681e+25	1.99735e+11	2.86465e+12	0	-6799.36	456.697	0	-9.75381e+19	-1.40595e+21	0	1.024e+26	3.23467e+12	3.11497e+12	0	-3784.28	3907.62	0	-4.88634e+20	-4.69163e+20	0	7.342e+22	1.30929e+11	8.68284e+10	0	-16049.8	25787.1	0	-3.82303e+20	-4.15647e+20	0	
10	1.9891e+30	1.75341e+09	1.09508e+10	0	-13.6577	20.7393	0	-1.05842e+23	-3.53407e+23	0	3.285e+23	4.27664e+10	-3.07243e+10	0	33863.1	33695.5	0	-8.94696e+21	9.0913e+21	0	4.867e+24	1.15311e+10	1.17729e+11	0	-35061.5	3057.5	0	-5.12445e+21	-5.59635e+22	0	5.972e+24	9.14845e+10	1.3066e+11	0	-23840.2	17884	0	-2.10902e+22	-2.82183e+22	0	6.39e+23	7.24984e+10	-2.04717e+11	0	22975.7	7493.9	0	-5.13345e+20	1.56439e+21	0	1.898e+27	-2.31945e+11	-7.30362e+11	0	12457.7	-3922.64	0	1.25297e+23	3.97645e+23	0	5.683e+26	-6.90238e+11	-1.26346e+12	0	8428.2	-4480.41	0	1.72137e+22	3.16374e+22	0	8.681e+25	1.86134e+11	2.86553e+12	0	-6801.53	424.299	0	-9.08519e+19	-1.40647e+21	0	1.024e+26	3.22709e+12	3.12277e+12	0	-3793.82	3898.44	0	-4.8751e+20	-4.70357e+20	0	7.342e+22	9.17825e+10	1.30901e+11	0	-24480.6	18685	0	-4.15513e+20	-4.71957e+20	0	
10	1.9891e+30	1.72598e+09	1.09919e+10	0	-13.7791	20.3926	0	-1.40441e+23	-3.41006e+23	0	3.285e+23	4.05401e+10	5.47334e+10	0	-35568.1	31908.8	0	-8.46366e+21	-9.53813e+21	0	4.867e+24	-5.56815e+10	1.01162e+11	0	-29702.7	-19053.2	0	3.0368e+22	-4.76999e+22	0	5.972e+24	3.80159e+10	1.56147e+11	0	-28913.2	7241.79	0	-8.39202e+21	-3.43906e+22	0	6.39e+23	1.16503e+11	-1.84966e+11	0	20863	12180.5	0	-8.31416e+20	1.41911e+21	0	1.898e+27	-2.06903e+11	-7.37787e+11	0	12582.7	-3501.49	0	1.11837e+23	4.01618e+23	0	5.683e+26	-6.73322e+11	-1.27231e+12	0	8488.05	-4368.67	0	1.67987e+22	3.18643e+22	0	8.681e+25	1.72529e+11	2.86635e+12	0	-6803.55	391.89	0	-8.41629e+19	-1.40695e+21	0	1.024e+26	3.21949e+12	3.13056e+12	0	-3803.33	3889.24	0	-4.86384e+20	-4.71549e+20	0	7.342e+22	3.83926e+10	1.56083e+11	0	-28725.6	8243.5	0	-3.0428e+20	-3.88314e+20	0	
10	1.9891e+30	1.69827e+09	1.10324e+10	0	-13.9429	20.0373	0	-1.81618e+23	-3.74223e+23	0	3.285e+23	-4.42345e+10	4.81928e+10	0	-29916.7	-36592.7	0	9.71241e+21	-7.85761e+21	0	4.867e+24	-9.88005e+10	4.6823e+10	0	-11822.5	-33307.5	0	5.34805e+22	-1.9047e+22	0	5.972e+24	-2.11281e+10	1.58924e+11	0	-29463.6	-4520.49	0	5.50574e+21	-3.51739e+22	0	6.39e+23	1.55323e+11	-1.56365e+11	0	17811.3	16311.1	0	-1.11118e+21	1.21053e+21	0	1.898e+27	-1.81624e+11	-7.44366e+11	0	12693.4	-3076.4	0	9.82518e+22	4.05134e+23	0	5.683e+26	-6.56287e+11	-1.28094e+12	0	8546.44	-4256.14	0	1.63803e+22	3.20858e+22	0	8.681e+25	1.5892e+11	2.8671e+12	0	-6805.41	359.471	0	-7.7471e+19	-1.4074e+21	0	1.024e+26	3.21188e+12	3.13833e+12	0	-3812.81	3880.02	0	-4.85254e+20	-4.72737e+20	0	7.342e+22	-2.09427e+10	1.58602e+11	0	-28540.7	-4009.82	0	-3.92474e+19	-2.48736e+20	0	
10	1.9891e+30	1.67019e+09	1.1072e+10	0	-14.1288	19.6297	0	-1.78874e+23	-4.36882e+23	0	3.285e+23	-3.42164e+10	-3.57822e+10	0	37714.3	-28547.7	0	7.61283e+21	9.93944e+21	0	4.867e+24	-9.95592e+10	-2.2586e+10	0	11088.8	-33550.8	0	5.38743e+22	1.79117e+22	0	5.972e+24	-7.67016e+10	1.38569e+11	0	-25402	-15565.1	0	1.84557e+22	-3.03479e+22	0	6.39e+23	1.87214e+11	-1.20215e+11	0	13960.1	19702.1	0	-1.34046e+21	9.48273e+20	0	1.898e+27	-1.56139e+11	-7.5009e+11	0	12789.7	-2647.84	0	8.4558e+22	4.0819e+23	0	5.683e+26	-6.39137e+11	-1.28934e+12	0	8603.34	-4142.84	0	1.59587e+22	3.23019e+22	0	8.681e+25	1.45308e+11	2.86779e+12	0	-6807.12	327.041	0	-7.07765e+19	-1.40782e+21	0	1.024e+26	3.20424e+12	3.14608e+12	0	-3822.28	3870.78	0	-4.84121e+20	-4.73924e+20	0	7.342e+22	-7.68466e+10	1.38223e+11	0	-24434	-15947.6	0	3.09687e+20	-1.79651e+20	0	
10	1.9891e+30	1.64177e+09	1.11108e+10	0	-14.2879	19.1675	0	-1.34223e+23	-4.755e+23	0	3.285e+23	4.97373e+10	-2.20517e+10	0	26966.1	39486.1	0	-1.05194e+22	7.25319e+21	0	4.867e+24	-5.76467e+10	-7.78236e+10	0	29268.5	-19677.4	0	3.13703e+22	4.70553e+22	0	5.972e+24	-1.20024e+11	9.82765e+10	0	-17366.4	-24173	0	2.85782e+22	-2.06758e+22	0	6.39e+23	2.10745e+11	-7.815e+10	0	9483.5	22203.5	0	-1.50937e+21	6.44144e+20	0	1.898e+27	-1.30475e+11	-7.54955e+11	0	12871.6	-2216.31	0	7.07711e+22	4.10783e+23	0	5.683e+26	-6.21875e+11	-1.29751e+12	0	8658.76	-4028.79	0	1.5534e+22	3.25127e+22	0	8.681e+25	1.31692e+11	2.86841e+12	0	-6808.67	294.602	0	-6.40795e+19	-1.40821e+21	0	1.024e+26	3.19659e+12	3.15381e+12	0	-3831.73	3861.51	0	-4.82986e+20	-4.75107e+20	0	7.342e+22	-1.20386e+11	9.81593e+10	0	-17047.2	-25148.8	0	5.45483e+20	-1.89647e+20	0	
10	1.9891e+30	1.61307e+09	1.11487e+10	0	-14.401	18.6852	0	-9.43355e+22	-4.81234e+23	0	3.285e+23	3.15327e+10	6.14672e+10	0	-40871.9	24652.5	0	-6.50338e+21	-1.09373e+22	0	4.867e+24	9.15227e+09	-9.58011e+10	0	35092.6	2318.45	0	-3.95269e+21	5.60666e+22	0	5.972e+24	-1.44332e+11	4.4358e+10	0	-6619.01	-29004.5	0	3.43358e+22	-7.74693e+21	0	6.39e+23	2.24864e+11	-3.2068e+10	0	4582.47	23704.8	0	-1.61069e+21	3.11659e+20	0	1.898e+27	-1.04662e+11	-7.58954e+11	0	12938.8	-1782.29	0	5.69068e+22	4.12909e+23	0	5.683e+26	-6.04503e+11	-1.30545e+12	0	8712.67	-3914	0	1.51062e+22	3.2718e+22	0	8.681e+25	1.18073e+11	2.86896e+12	0	-6810.07	262.154	0	-5.73802e+19	-1.40856e+21	0	1.024e+26	3.18891e+12	3.16153e+12	0	-3841.15	3852.22	0	-4.81847e+20	-4.76288e+20	0	7.342e+22	-1.44656e+11	4.45597e+10	0	-7147.4	-29886.8	0	5.92713e+20	-2.02616e+20	0	
10	1.9891e+30	1.58419e+09	1.11856e+10	0	-14.4814	18.1987	0	-6.47016e+22	-4.87682e+23	0	3.285e+23	-5.04549e+10	3.92545e+10	0	-22586.9	-41476.4	0	1.0979e+22	-5.92197e+21	0	4.867e+24	7.28631e+10	-6.93258e+10	0	26337.2	23172.5	0	-3.70405e+22	4.18366e+22	0	5.972e+24	-1.45835e+11	-1.47498e+10	0	5155.36	-29305.9	0	3.48164e+22	6.32158e+21	0	6.39e+23	2.28937e+11	1.59577e+10	0	-523.902	24140.2	0	-1.6401e+21	-3.45435e+19	0	1.898e+27	-7.87293e+10	-7.62083e+11	0	12991.5	-1346.27	0	4.2981e+22	4.14567e+23	0	5.683e+26	-5.87025e+11	-1.31317e+12	0	8765.08	-3798.51	0	1.46753e+22	3.29178e+22	0	8.681e+25	1.04452e+11	2.86946e+12	0	-6811.31	229.699	0	-5.06788e+19	-1.40888e+21	0	1.024e+26	3.18122e+12	3.16922e+12	0	-3850.55	3842.91	0	-4.80706e+20	-4.77467e+20	0	7.342e+22	-1.45901e+11	-1.43679e+10	0	4165.86	-29476.6	0	4.61783e+20	-1.17732e+20	0	
10	1.9891e+30	1.55517e+09	1.12215e+10	0	-14.5262	17.7064	0	-2.22561e+22	-4.87978e+23	0	3.285e+23	-2.50021e+10	-4.14107e+10	0	42414.9	-21060.1	0	5.65259e+21	1.12024e+22	0	4.867e+24	1.07216e+11	-9.63977e+09	0	6803.52	34371	0	-5.46474e+22	1.07883e+22	0	5.972e+24	-1.24303e+11	-6.98036e+10	0	16115.8	-25026.2	0	2.98771e+22	1.93093e+22	0	6.39e+23	2.22782e+11	6.3768e+10	0	-5607.77	23490.2	0	-1.59635e+21	-3.79274e+20	0	1.898e+27	-5.27059e+10	-7.64338e+11	0	13029.4	-908.762	0	2.90093e+22	4.15754e+23	0	5.683e+26	-5.69444e+11	-1.32065e+12	0	8815.96	-3682.32	0	1.42416e+22	3.31122e+22	0	8.681e+25	9.08279e+10	2.86988e+12	0	-6812.4	197.237	0	-4.39752e+19	-1.40917e+21	0	1.024e+26	3.17351e+12	3.1769e+12	0	-3859.93	3833.57	0	-4.79561e+20	-4.78642e+20	0	7.342e+22	-1.24066e+11	-6.95047e+10	0	15322.3	-24372.4	0	2.42787e+20	7.91082e+19	0	
10	1.9891e+30	1.52611e+09	1.12564e+10	0	-14.5276	17.2285	0	1.47081e+22	-4.5734e+23	0	3.285e+23	5.49848e+10	-1.22071e+10	0	19087.6	43877.6	0	-1.17159e+22	5.14216e+21	0	4.867e+24	9.82051e+10	5.86156e+10	0	-15496	31449.5	0	-5.00643e+22	-2.45254e+22	0	5.972e+24	-8.31016e+10	-1.12194e+11	0	24551.3	-16827.7	0	2.02121e+22	2.91939e+22	0	6.39e+23	2.06671e+11	1.09213e+11	0	-10442.2	21783.4	0	-1.48127e+21	-7.07392e+20	0	1.898e+27	-2.66215e+10	-7.65717e+11	0	13052.6	-470.246	0	1.5008e+22	4.1647e+23	0	5.683e+26	-5.51762e+11	-1.32789e+12	0	8865.32	-3565.45	0	1.38051e+22	3.33011e+22	0	8.681e+25	7.72021e+10	2.87025e+12	0	-6813.34	164.768	0	-3.72698e+19	-1.40943e+21	0	1.024e+26	3.16578e+12	3.18456e+12	0	-3869.28	3824.21	0	-4.78413e+20	-4.79815e+20	0	7.342e+22	-8.27212e+10	-1.12183e+11	0	24524.1	-15801.8	0	4.40456e+19	3.54276e+20	0	
10	1.9891e+30	1.49707e+09	1.12904e+10	0	-14.5117	16.7892	0	9.56411e+21	-4.20362e+23	0	3.285e+23	2.14583e+10	6.63986e+10	0	-44708.1	16546.2	0	-4.32319e+21	-1.19354e+22	0	4.867e+24	4.94788e+10	1.07393e+11	0	-31501.8	15565	0	-2.50143e+22	-5.01019e+22	0	5.972e+24	-2.86703e+10	-1.35291e+11	0	29148.2	-5987.4	0	7.27618e+21	3.45166e+22	0	6.39e+23	1.81323e+11	1.50246e+11	0	-14810.8	19094.7	0	-1.29973e+21	-1.0044e+21	0	1.898e+27	-5.05384e+08	-7.66218e+11	0	13061	-31.2244	0	9.92755e+20	4.16714e+23	0	5.683e+26	-5.33984e+11	-1.33491e+12	0	8913.13	-3447.93	0	1.33658e+22	3.34844e+22	0	8.681e+25	6.35746e+10	2.87054e+12	0	-6814.12	132.294	0	-3.05627e+19	-1.40966e+21	0	1.024e+26	3.15803e+12	3.1922e+12	0	-3878.61	3814.83	0	-4.77263e+20	-4.80986e+20	0	7.342e+22	-2.84173e+10	-1.35568e+11	0	29931.9	-5301.59	0	-5.37598e+19	5.78755e+20	0	
10	1.9891e+30	1.46805e+09	1.13236e+10	0	-14.5149	16.3689	0	-1.40636e+22	-4.23055e+23	0	3.285e+23	-5.48823e+10	2.93333e+10	0	-14492.7	-44919.9	0	1.18694e+22	-3.79354e+21	0	4.867e+24	-1.90503e+10	1.16416e+11	0	-34556.7	-6900.12	0	1.07985e+22	-5.53093e+22	0	5.972e+24	3.04789e+10	-1.35473e+11	0	29191.5	5799.92	0	-6.90261e+21	3.45248e+22	0	6.39e+23	1.4787e+11	1.85014e+11	0	-18517	15542.5	0	-1.0595e+21	-1.25706e+21	0	1.898e+27	2.56128e+10	-7.65842e+11	0	13054.7	407.806	0	-1.30204e+22	4.16486e+23	0	5.683e+26	-5.16111e+11	-1.34169e+12	0	8959.39	-3329.78	0	1.29239e+22	3.36621e+22	0	8.681e+25	4.99457e+10	2.87077e+12	0	-6814.75	99.8144	0	-2.38539e+19	-1.40985e+21	0	1.024e+26	3.15027e+12	3.19982e+12	0	-3887.92	3805.42	0	-4.76109e+20	-4.82153e+20	0	7.342e+22	3.04123e+10	-1.35839e+11	0	30232.5	5628.02	0	-4.56663e+19	6.33555e+20	0	
10	1.9891e+30	1.439e+09	1.13559e+10	0	-14.5301	15.9298	0	-1.0317e+22	-4.50799e+23	0	3.285e+23	-1.48658e+10	-4.52217e+10	0	45653.2	-12811.7	0	3.48328e+21	1.20868e+22	0	4.867e+24	-7.89763e+10	8.161e+10	0	-23170.6	-26660.9	0	4.26735e+22	-3.72821e+22	0	5.972e+24	8.509e+10	-1.12702e+11	0	24674.1	16684.7	0	-1.99728e+22	2.92612e+22	0	6.39e+23	1.07809e+11	2.11944e+11	0	-21392.6	11284.2	0	-7.70951e+20	-1.4539e+21	0	1.898e+27	5.17035e+10	-7.64587e+11	0	13033.6	846.347	0	-2.70156e+22	4.15786e+23	0	5.683e+26	-4.98147e+11	-1.34823e+12	0	9004.09	-3211.01	0	1.24794e+22	3.38342e+22	0	8.681e+25	3.63157e+10	2.87094e+12	0	-6815.22	67.3313	0	-1.71437e+19	-1.41001e+21	0	1.024e+26	3.14248e+12	3.20742e+12	0	-3897.21	3795.99	0	-4.74953e+20	-4.83318e+20	0	7.342e+22	8.47565e+10	-1.12889e+11	0	25186.2	15803.8	0	-6.76784e+19	4.59568e+20	0	
10	1.9891e+30	1.40994e+09	1.13873e+10	0	-14.5277	15.4677	0	1.56524e+22	-4.64453e+23	0	3.285e+23	5.83163e+10	-1.53608e+09	0	10511.5	46704.3	0	-1.24881e+22	2.83595e+21	0	4.867e+24	-1.05079e+11	1.72948e+10	0	-1965.21	-35297.9	0	5.67142e+22	-3.14724e+21	0	5.972e+24	1.26612e+11	-7.0526e+10	0	16295.6	24958.7	0	-2.9825e+22	1.94539e+22	0	6.39e+23	6.29413e+10	2.29805e+11	0	-23305.7	6509.35	0	-4.4671e+20	-1.58577e+21	0	1.898e+27	7.77374e+10	-7.62457e+11	0	12997.8	1283.9	0	-4.09771e+22	4.14616e+23	0	5.683e+26	-4.80095e+11	-1.35453e+12	0	9047.22	-3091.64	0	1.20324e+22	3.40006e+22	0	8.681e+25	2.2685e+10	2.87104e+12	0	-6815.54	34.8448	0	-1.04322e+19	-1.41014e+21	0	1.024e+26	3.13468e+12	3.215e+12	0	-3906.48	3786.54	0	-4.73794e+20	-4.84481e+20	0	7.342e+22	1.26251e+11	-7.03995e+10	0	15961.2	23989.7	0	-1.77769e+20	1.73928e+20	0	
10	1.9891e+30	1.38091e+09	1.14178e+10	0	-14.5018	14.9988	0	3.46012e+22	-4.69915e+23	0	3.285e+23	1.06767e+10	6.93647e+10	0	-46949.8	7885.67	0	-2.00548e+21	-1.25017e+22	0	4.867e+24	-8.6269e+10	-4.95102e+10	0	20072.4	-29057.1	0	4.65589e+22	3.2363e+22	0	5.972e+24	1.48541e+11	-1.55332e+10	0	5360.73	29324.7	0	-3.49147e+22	6.56071e+21	0	6.39e+23	1.52883e+10	2.37778e+11	0	-24166.7	1432.13	0	-1.01137e+20	-1.64632e+21	0	1.898e+27	1.03685e+11	-7.59453e+11	0	12947.3	1719.98	0	-5.48891e+22	4.12977e+23	0	5.683e+26	-4.61959e+11	-1.36059e+12	0	9088.78	-2971.7	0	1.1583e+22	3.41614e+22	0	8.681e+25	9.0537e+09	2.87108e+12	0	-6815.7	2.35576	0	-3.71947e+18	-1.41023e+21	0	1.024e+26	3.12686e+12	3.22256e+12	0	-3915.72	3777.07	0	-4.72631e+20	-4.8564e+20	0	7.342e+22	1.48396e+11	-1.51746e+10	0	4428.22	28939.8	0	-3.56383e+20	-1.03604e+20	0	
10	1.9891e+30	1.35195e+09	1.14473e+10	0	-14.4547	14.5183	0	6.36575e+22	-4.8623e+23	0	3.285e+23	-5.73685e+10	1.87775e+10	0	-5910.18	-46812.5	0	1.23574e+22	-1.54268e+21	0	4.867e+24	-3.05654e+10	-9.07032e+10	0	33577.6	-10656.2	0	1.68242e+22	5.3843e+22	0	5.972e+24	1.47438e+11	4.36785e+10	0	-6422.39	29101.6	0	-3.45059e+22	-7.45357e+21	0	6.39e+23	-3.29947e+10	2.35484e+11	0	-23932.9	-3718.3	0	2.50242e+20	-1.63228e+21	0	1.898e+27	1.29517e+11	-7.55578e+11	0	12882.1	2154.08	0	-6.87358e+22	4.10871e+23	0	5.683e+26	-4.43741e+11	-1.36642e+12	0	9128.75	-2851.2	0	1.11314e+22	3.43165e+22	0	8.681e+25	-4.57774e+09	2.87105e+12	0	-6815.71	-30.1351	0	2.99425e+18	-1.4103e+21	0	1.024e+26	3.11902e+12	3.23011e+12	0	-3924.94	3767.57	0	-4.71466e+20	-4.86797e+20	0	7.342e+22	1.47604e+11	4.40232e+10	0	-7330.32	29568.3	0	-5.10547e+20	-2.74368e+20	0	
10	1.9891e+30	1.32312e+09	1.14758e+10	0	-14.3642	14.0273	0	1.19212e+23	-4.8376e+23	0	3.285e+23	-4.15866e+09	-4.70712e+10	0	47306	-4082.69	0	1.17575e+21	1.25568e+22	0	4.867e+24	3.85133e+10	-8.92386e+10	0	33001.1	12030.6	0	-1.9417e+22	5.25821e+22	0	5.972e+24	1.23472e+11	9.78472e+10	0	-17208.7	24329.1	0	-2.87229e+22	-2.04046e+22	0	6.39e+23	-7.97166e+10	2.23011e+11	0	-22611	-8707.83	0	5.9142e+20	-1.5438e+21	0	1.898e+27	1.55204e+11	-7.50838e+11	0	12802.4	2585.72	0	-8.25015e+22	4.08301e+23	0	5.683e+26	-4.25445e+11	-1.372e+12	0	9167.12	-2730.17	0	1.06774e+22	3.44658e+22	0	8.681e+25	-1.8209e+10	2.87096e+12	0	-6815.56	-62.6271	0	9.70884e+18	-1.41033e+21	0	1.024e+26	3.11116e+12	3.23763e+12	0	-3934.14	3758.05	0	-4.70298e+20	-4.87952e+20	0	7.342e+22	1.23838e+11	9.79355e+10	0	-17449.3	25342.9	0	-5.54879e+20	-2.98395e+20	0	
10	1.9891e+30	1.29453e+09	1.15034e+10	0	-14.2183	13.5615	0	1.64384e+23	-4.36414e+23	0	3.285e+23	5.96076e+10	9.58385e+09	0	1549.56	47857.4	0	-1.28038e+22	4.21389e+20	0	4.867e+24	9.22339e+10	-4.60603e+10	0	18810.1	29576.4	0	-4.71295e+22	2.98313e+22	0	5.972e+24	8.03922e+10	1.38499e+11	0	-25304.9	15759.1	0	-1.85594e+22	-3.01858e+22	0	6.39e+23	-1.2275e+11	2.00912e+11	0	-20257.9	-13308.1	0	9.06643e+20	-1.38443e+21	0	1.898e+27	1.80717e+11	-7.45237e+11	0	12708.3	3014.4	0	-9.61706e+22	4.0527e+23	0	5.683e+26	-4.07074e+11	-1.37734e+12	0	9203.9	-2608.62	0	1.02214e+22	3.46093e+22	0	8.681e+25	-3.18399e+10	2.8708e+12	0	-6815.26	-95.1194	0	1.64241e+19	-1.41033e+21	0	1.024e+26	3.10328e+12	3.24514e+12	0	-3943.31	3748.51	0	-4.69127e+20	-4.89103e+20	0	7.342e+22	8.06967e+10	1.38275e+11	0	-24687.8	16584.6	0	-3.96391e+20	-2.47795e+20	0	
10	1.9891e+30	1.26626e+09	1.15301e+10	0	-14.0513	13.1526	0	1.60022e+23	-3.80649e+23	0	3.285e+23	-4.30532e+08	7.02718e+10	0	-47530.1	-1017.51	0	3.6463e+20	-1.26224e+22	0	4.867e+24	1.08574e+11	2.08073e+10	0	-3044.47	34902.7	0	-5.54874e+22	-4.7982e+21	0	5.972e+24	2.49376e+10	1.59276e+11	0	-29438.6	4732.97	0	-5.59167e+21	-3.51758e+22	0	6.39e+23	-1.60129e+11	1.70179e+11	0	-16978.2	-17307.3	0	1.18118e+21	-1.16113e+21	0	1.898e+27	2.06027e+11	-7.38782e+11	0	12599.8	3439.66	0	-1.09728e+23	4.01781e+23	0	5.683e+26	-3.88631e+11	-1.38243e+12	0	9239.07	-2486.58	0	9.76324e+21	3.47469e+22	0	8.681e+25	-4.547e+10	2.87058e+12	0	-6814.81	-127.611	0	2.314e+19	-1.41029e+21	0	1.024e+26	3.09538e+12	3.25263e+12	0	-3952.46	3738.95	0	-4.67953e+20	-4.90252e+20	0	7.342e+22	2.49551e+10	1.58905e+11	0	-28385.5	4783.99	0	-7.93404e+19	-2.20954e+20	0	
10	1.9891e+30	1.23831e+09	1.1556e+10	0	-13.904	12.7839	0	1.33308e+23	-3.58337e+23	0	3.285e+23	-5.78313e+10	7.95479e+09	0	2870.8	-47093.2	0	1.24289e+22	7.57682e+20	0	4.867e+24	8.08815e+10	8.38634e+10	0	-23670.3	25896.7	0	-4.13403e+22	-3.75334e+22	0	5.972e+24	-3.42201e+10	1.56938e+11	0	-28961	-7027.97	0	8.23663e+21	-3.45289e+22	0	6.39e+23	-1.90142e+11	1.32207e+11	0	-12920.2	-20520.3	0	1.40206e+21	-8.83946e+20	0	1.898e+27	2.31106e+11	-7.31481e+11	0	12477.1	3860.99	0	-1.23158e+23	3.97839e+23	0	5.683e+26	-3.70119e+11	-1.38728e+12	0	9272.62	-2364.06	0	9.30312e+21	3.48787e+22	0	8.681e+25	-5.9099e+10	2.87029e+12	0	-6814.2	-160.102	0	2.98563e+19	-1.41023e+21	0	1.024e+26	3.08747e+12	3.2601e+12	0	-3961.59	3729.36	0	-4.66777e+20	-4.91399e+20	0	7.342e+22	-3.4507e+10	1.56689e+11	0	-28266.8	-7782.76	0	2.56905e+20	-2.90841e+20	0	
10	1.9891e+30	1.21063e+09	1.15812e+10	0	-13.7793	12.4257	0	1.16396e+23	-3.54533e+23	0	3.285e+23	6.74385e+09	-4.68821e+10	0	47303	4825.08	0	-1.19148e+21	1.25892e+22	0	4.867e+24	2.04129e+10	1.1712e+11	0	-34639.6	6139.66	0	-1.00508e+22	-5.52421e+22	0	5.972e+24	-8.78348e+10	1.31862e+11	0	-23953.1	-17689.6	0	2.08671e+22	-2.8427e+22	0	6.39e+23	-2.11413e+11	8.87221e+10	0	-8268.76	-22797.7	0	1.55878e+21	-5.65595e+20	0	1.898e+27	2.55926e+11	-7.23341e+11	0	12340.3	4277.94	0	-1.36446e+23	3.93449e+23	0	5.683e+26	-3.51541e+11	-1.39189e+12	0	9304.54	-2241.09	0	8.8411e+21	3.50047e+22	0	8.681e+25	-7.27267e+10	2.86994e+12	0	-6813.43	-192.591	0	3.65729e+19	-1.41013e+21	0	1.024e+26	3.07954e+12	3.26755e+12	0	-3970.69	3719.75	0	-4.65597e+20	-4.92542e+20	0	7.342e+22	-8.82173e+10	1.31909e+11	0	-24079.1	-18696.3	0	4.54235e+20	-3.72317e+20	0	
10	1.9891e+30	1.18318e+09	1.16057e+10	0	-13.6711	12.0716	0	9.58392e+22	-3.51145e+23	0	3.285e+23	5.88096e+10	2.07585e+10	0	-7469.74	47293.8	0	-1.26504e+22	-2.00933e+21	0	4.867e+24	-4.79807e+10	1.06568e+11	0	-31268.6	-16341.5	0	2.59778e+22	-5.01781e+22	0	5.972e+24	-1.27531e+11	8.79803e+10	0	-15205.5	-25587.3	0	3.03268e+22	-1.78981e+22	0	6.39e+23	-2.22963e+11	4.1711e+10	0	-3237.48	-24033.3	0	1.64383e+21	-2.20854e+20	0	1.898e+27	2.80458e+11	-7.14373e+11	0	12189.6	4690.02	0	-1.49577e+23	3.88615e+23	0	5.683e+26	-3.32902e+11	-1.39625e+12	0	9334.84	-2117.68	0	8.37725e+21	3.51246e+22	0	8.681e+25	-8.63526e+10	2.86952e+12	0	-6812.51	-225.077	0	4.32897e+19	-1.41e+21	0	1.024e+26	3.07159e+12	3.27498e+12	0	-3979.78	3710.12	0	-4.64414e+20	-4.93683e+20	0	7.342e+22	-1.27748e+11	8.82985e+10	0	-16044.6	-26165.1	0	4.83391e+20	-3.84576e+20	0	
10	1.9891e+30	1.15593e+09	1.16295e+10	0	-13.5914	11.7099	0	6.36526e+22	-3.75848e+23	0	3.285e+23	-1.14746e+10	6.9102e+10	0	-46442.3	-9849.22	0	2.70329e+21	-1.23008e+22	0	4.867e+24	-9.57539e+10	5.62748e+10	0	-14741.4	-32126.6	0	5.1545e+22	-2.37474e+22	0	5.972e+24	-1.47111e+11	3.21629e+10	0	-4091.09	-29486.2	0	3.50985e+22	-4.66263e+21	0	6.39e+23	-2.24263e+11	-6.6772e+09	0	1942.08	-24169.5	0	1.65314e+21	1.34171e+20	0	1.898e+27	3.04675e+11	-7.04585e+11	0	12025.1	5096.78	0	-1.62536e+23	3.83344e+23	0	5.683e+26	-3.14203e+11	-1.40036e+12	0	9363.51	-1993.87	0	7.91166e+21	3.52387e+22	0	8.681e+25	-9.99766e+10	2.86904e+12	0	-6811.44	-257.56	0	5.00064e+19	-1.40983e+21	0	1.024e+26	3.06362e+12	3.28239e+12	0	-3988.84	3700.47	0	-4.63229e+20	-4.94822e+20	0	7.342e+22	-1.4702e+11	3.25367e+10	0	-5070.3	-29230.1	0	3.84575e+20	-2.53105e+20	0	
10	1.9891e+30	1.1288e+09	1.16526e+10	0	-13.5315	11.3028	0	6.47131e+22	-4.36835e+23	0	3.285e+23	-5.62578e+10	-2.75738e+09	0	11554.6	-45752.5	0	1.20816e+22	3.03365e+21	0	4.867e+24	-1.02696e+11	-1.28085e+10	0	8054.92	-34418.9	0	5.52726e+22	1.30211e+22	0	5.972e+24	-1.4352e+11	-2.68615e+10	0	7653.08	-28774.1	0	3.438e+22	9.1957e+21	0	6.39e+23	-2.15254e+11	-5.42289e+10	0	7031.24	-23200.2	0	1.58629e+21	4.82855e+20	0	1.898e+27	3.2855e+11	-6.93989e+11	0	11847.1	5497.76	0	-1.75308e+23	3.77641e+23	0	5.683e+26	-2.95449e+11	-1.40422e+12	0	9390.53	-1869.66	0	7.44441e+21	3.53467e+22	0	8.681e+25	-1.13598e+11	2.86849e+12	0	-6810.21	-290.039	0	5.6723e+19	-1.40964e+21	0	1.024e+26	3.05563e+12	3.28978e+12	0	-3997.87	3690.79	0	-4.62041e+20	-4.95957e+20	0	7.342e+22	-1.43184e+11	-2.66954e+10	0	7203.99	-27826.5	0	2.35336e+20	1.95732e+19	0	
10	1.9891e+30	1.10182e+09	1.16747e+10	0	-13.4424	10.8363	0	1.19583e+23	-4.84046e+23	0	3.285e+23	1.74546e+10	-4.46474e+10	0	45630	13598.1	0	-3.53516e+21	1.21757e+22	0	4.867e+24	-6.58617e+10	-7.15905e+10	0	27409.6	-22220	0	3.54651e+22	4.40978e+22	0	5.972e+24	-1.17323e+11	-7.9867e+10	0	18196.2	-23557.1	0	2.8185e+22	2.15522e+22	0	6.39e+23	-1.96353e+11	-9.87698e+10	0	11795.7	-21170.7	0	1.4465e+21	8.08916e+20	0	1.898e+27	3.52055e+11	-6.82598e+11	0	11655.7	5892.51	0	-1.8788e+23	3.71514e+23	0	5.683e+26	-2.76642e+11	-1.40784e+12	0	9415.9	-1745.09	0	6.97558e+21	3.54487e+22	0	8.681e+25	-1.27217e+11	2.86788e+12	0	-6808.82	-322.513	0	6.34393e+19	-1.40941e+21	0	1.024e+26	3.04763e+12	3.29715e+12	0	-4006.88	3681.09	0	-4.6085e+20	-4.9709e+20	0	7.342e+22	-1.16982e+11	-8.00276e+10	0	18630.3	-22616.3	0	1.57671e+20	3.55494e+20	0	
10	1.9891e+30	1.07508e+09	1.16959e+10	0	-13.2872	10.3466	0	1.86235e+23	-4.82762e+23	0	3.285e+23	5.5947e+10	3.15911e+10	0	-16215.8	45034.6	0	-1.20342e+22	-4.36339e+21	0	4.867e+24	-9.02662e+08	-9.54595e+10	0	35173	-814.288	0	1.03839e+21	5.62399e+22	0	5.972e+24	-7.26161e+10	-1.18568e+11	0	25897.9	-14649.6	0	1.74822e+22	3.06053e+22	0	6.39e+23	-1.68433e+11	-1.38267e+11	0	16016.9	-18176.1	0	1.2405e+21	1.09725e+21	0	1.898e+27	3.75164e+11	-6.70423e+11	0	11451.2	6280.57	0	-2.00237e+23	3.64969e+23	0	5.683e+26	-2.57786e+11	-1.4112e+12	0	9439.62	-1620.16	0	6.50525e+21	3.55446e+22	0	8.681e+25	-1.40833e+11	2.8672e+12	0	-6807.28	-354.981	0	7.01551e+19	-1.40915e+21	0	1.024e+26	3.0396e+12	3.3045e+12	0	-4015.87	3671.37	0	-4.59656e+20	-4.98221e+20	0	7.342e+22	-7.25185e+10	-1.18932e+11	0	26903.6	-14384.5	0	1.59125e+20	5.77608e+20	0	
10	1.9891e+30	1.04871e+09	1.17161e+10	0	-13.0765	9.87169	0	2.2985e+23	-4.62078e+23	0	3.285e+23	-2.20737e+10	6.59076e+10	0	-43737.5	-18302.6	0	4.93018e+21	-1.15548e+22	0	4.867e+24	6.49254e+10	-7.47459e+10	0	28292.8	20747.4	0	-3.32226e+22	4.49686e+22	0	5.972e+24	-1.63893e+10	-1.36911e+11	0	29557.8	-3445.99	0	4.00488e+21	3.49946e+22	0	6.39e+23	-1.32776e+11	-1.70922e+11	0	19502.2	-14355.6	0	9.78136e+20	1.33461e+21	0	1.898e+27	3.97851e+11	-6.5748e+11	0	11233.8	6661.53	0	-2.12365e+23	3.58013e+23	0	5.683e+26	-2.38885e+11	-1.41432e+12	0	9461.69	-1494.91	0	6.03351e+21	3.56344e+22	0	8.681e+25	-1.54446e+11	2.86646e+12	0	-6805.59	-387.443	0	7.68703e+19	-1.40886e+21	0	1.024e+26	3.03156e+12	3.31184e+12	0	-4024.84	3661.63	0	-4.5846e+20	-4.99348e+20	0	7.342e+22	-1.66137e+10	-1.37215e+11	0	30407.1	-4040.83	0	1.72658e+20	5.9512e+20	0	
10	1.9891e+30	1.0228e+09	1.17354e+10	0	-12.8256	9.41685	0	2.7051e+23	-4.41178e+23	0	3.285e+23	-5.27054e+10	-1.29871e+10	0	19848	-42834.2	0	1.13258e+22	5.21135e+21	0	4.867e+24	1.04429e+11	-1.83402e+10	0	9815.39	33628.5	0	-5.34939e+22	1.55574e+22	0	5.972e+24	4.25628e+10	-1.32018e+11	0	28600.1	8297.29	0	-1.00233e+22	3.39981e+22	0	6.39e+23	-9.10201e+10	-1.95255e+11	0	22094	-9886.18	0	6.71793e+20	1.51031e+21	0	1.898e+27	4.20091e+11	-6.43782e+11	0	11003.8	7034.94	0	-2.24252e+23	3.50656e+23	0	5.683e+26	-2.19941e+11	-1.41718e+12	0	9482.09	-1369.36	0	5.56042e+21	3.57181e+22	0	8.681e+25	-1.68056e+11	2.86565e+12	0	-6803.74	-419.898	0	8.35848e+19	-1.40853e+21	0	1.024e+26	3.0235e+12	3.31915e+12	0	-4033.78	3651.87	0	-4.57261e+20	-5.00473e+20	0	7.342e+22	4.21774e+10	-1.3205e+11	0	28691	7294.94	0	7.49813e+19	4.35323e+20	0	
10	1.9891e+30	9.97435e+08	1.17538e+10	0	-12.5319	8.9924	0	3.11135e+23	-3.97605e+23	0	3.285e+23	2.75915e+10	-4.04361e+10	0	42335.3	21923.6	0	-5.77062e+21	1.13247e+22	0	4.867e+24	1.01488e+11	5.04224e+10	0	-12652.5	32681.2	0	-5.20114e+22	-2.00152e+22	0	5.972e+24	9.50154e+10	-1.04641e+11	0	23166.3	18741.6	0	-2.23959e+22	2.76828e+22	0	6.39e+23	-4.5074e+10	-2.1017e+11	0	23676.6	-4973.86	0	3.35797e+20	1.61663e+21	0	1.898e+27	4.41858e+11	-6.29346e+11	0	10761.3	7400.39	0	-2.35883e+23	3.42905e+23	0	5.683e+26	-2.00957e+11	-1.41979e+12	0	9500.82	-1243.52	0	5.08607e+21	3.57957e+22	0	8.681e+25	-1.81661e+11	2.86478e+12	0	-6801.74	-452.344	0	9.02984e+19	-1.40818e+21	0	1.024e+26	3.01543e+12	3.32644e+12	0	-4042.7	3642.08	0	-4.56059e+20	-5.01595e+20	0	7.342e+22	9.47354e+10	-1.04377e+11	0	22461.1	18001.6	0	-1.30462e+20	2.04746e+20	0	
10	1.9891e+30	9.72689e+08	1.17714e+10	0	-12.2127	8.62512	0	3.14896e+23	-3.33133e+23	0	3.285e+23	5.11223e+10	4.16973e+10	0	-24370	41165.3	0	-1.09802e+22	-6.55228e+21	0	4.867e+24	5.72816e+10	1.03287e+11	0	-29988.2	18278.2	0	-2.93248e+22	-4.76618e+22	0	5.972e+24	1.32757e+11	-5.90523e+10	0	14099.5	26252.4	0	-3.11924e+22	1.69636e+22	0	6.39e+23	2.96668e+09	-2.15004e+11	0	24181.3	156.459	0	-1.43352e+19	1.64916e+21	0	1.898e+27	4.63128e+11	-6.14186e+11	0	10506.7	7757.47	0	-2.47245e+23	3.3477e+23	0	5.683e+26	-1.81938e+11	-1.42215e+12	0	9517.89	-1117.41	0	4.61054e+21	3.58671e+22	0	8.681e+25	-1.95263e+11	2.86384e+12	0	-6799.58	-484.783	0	9.70109e+19	-1.40779e+21	0	1.024e+26	3.00733e+12	3.33372e+12	0	-4051.6	3632.27	0	-4.54854e+20	-5.02715e+20	0	7.342e+22	1.32769e+11	-5.8668e+10	0	13085.9	26291.7	0	-3.91123e+20	7.83816e+18	0	
10	1.9891e+30	9.4857e+08	1.17883e+10	0	-11.9133	8.31173	0	2.77796e+23	-2.98857e+23	0	3.285e+23	-3.18604e+10	6.08101e+10	0	-39519.7	-26087.6	0	6.97087e+21	-1.04155e+22	0	4.867e+24	-1.01509e+10	1.18328e+11	0	-35018.7	-3811.87	0	5.83543e+21	-5.60083e+22	0	5.972e+24	1.49875e+11	-2.37949e+09	0	2816.28	29657.2	0	-3.51041e+22	3.4845e+21	0	6.39e+23	5.09186e+10	-2.09554e+11	0	23588.9	5271.36	0	-3.62633e+20	1.60689e+21	0	1.898e+27	4.83877e+11	-5.98321e+11	0	10240.3	8105.78	0	-2.58327e+23	3.26259e+23	0	5.683e+26	-1.62887e+11	-1.42426e+12	0	9533.27	-991.072	0	4.13392e+21	3.59323e+22	0	8.681e+25	-2.08859e+11	2.86284e+12	0	-6797.27	-517.212	0	1.03722e+20	-1.40736e+21	0	1.024e+26	2.99922e+12	3.34097e+12	0	-4060.47	3622.44	0	-4.53646e+20	-5.03832e+20	0	7.342e+22	1.50166e+11	-2.14182e+09	0	2180.71	30481.4	0	-5.92604e+20	-9.077e+19	0	
10	1.9891e+30	9.25011e+08	1.18046e+10	0	-11.65	8.00869	0	2.51375e+23	-3.08532e+23	0	3.285e+23	-4.72935e+10	-2.23772e+10	0	27469.5	-38432.9	0	1.0184e+22	7.21929e+21	0	4.867e+24	-7.29123e+10	8.89788e+10	0	-25444.3	-24495.7	0	3.91546e+22	-4.09242e+22	0	5.972e+24	1.43688e+11	5.65114e+10	0	-8914.8	28427.3	0	-3.35996e+22	-1.06368e+22	0	6.39e+23	9.66097e+10	-1.94082e+11	0	21929.7	10139.7	0	-6.93415e+20	1.49224e+21	0	1.898e+27	5.04081e+11	-5.81769e+11	0	9962.42	8444.93	0	-2.69116e+23	3.17382e+23	0	5.683e+26	-1.43806e+11	-1.42612e+12	0	9546.98	-864.511	0	3.65629e+21	3.59913e+22	0	8.681e+25	-2.22452e+11	2.86177e+12	0	-6794.8	-549.63	0	1.10432e+20	-1.40691e+21	0	1.024e+26	2.99109e+12	3.34821e+12	0	-4069.32	3612.59	0	-4.52436e+20	-5.04946e+20	0	7.342e+22	1.4405e+11	5.64248e+10	0	-8681.79	29453.6	0	-6.19403e+20	-7.9942e+19	0	
10	1.9891e+30	9.01964e+08	1.18203e+10	0	-11.3964	7.69019	0	2.56741e+23	-3.22297e+23	0	3.285e+23	3.6793e+10	-3.43859e+10	0	37524.5	29500.6	0	-7.81478e+21	1.00608e+22	0	4.867e+24	-1.04633e+11	2.72335e+10	0	-5100.87	-34991.1	0	5.62044e+22	-8.20911e+21	0	5.972e+24	1.15161e+11	1.08404e+11	0	-19249.9	22757.5	0	-2.6959e+22	-2.30488e+22	0	6.39e+23	1.37977e+11	-1.69305e+11	0	19282	14542.7	0	-9.91976e+20	1.31079e+21	0	1.898e+27	5.23719e+11	-5.64548e+11	0	9673.29	8774.54	0	-2.79599e+23	3.0815e+23	0	5.683e+26	-1.247e+11	-1.42772e+12	0	9559.01	-737.753	0	3.17772e+21	3.6044e+22	0	8.681e+25	-2.36039e+11	2.86064e+12	0	-6792.18	-582.038	0	1.17141e+20	-1.40642e+21	0	1.024e+26	2.98294e+12	3.35542e+12	0	-4078.14	3602.72	0	-4.51223e+20	-5.06057e+20	0	7.342e+22	1.15329e+11	1.08064e+11	0	-18331.8	23218.2	0	-4.23687e+20	-9.82269e+19	0	
10	1.9891e+30	8.79433e+08	1.18354e+10	0	-11.133	7.36622	0	2.65145e+23	-3.21465e+23	0	3.285e+23	4.45113e+10	5.07211e+10	0	-31637.1	35832.6	0	-9.5309e+21	-8.49423e+21	0	4.867e+24	-9.18421e+10	-4.10068e+10	0	17411.5	-30744.6	0	4.92867e+22	2.80875e+22	0	5.972e+24	6.8755e+10	1.4518e+11	0	-26566.9	13531.8	0	-1.61451e+22	-3.17467e+22	0	6.39e+23	1.73159e+11	-1.36352e+11	0	15767.6	18284.1	0	-1.24521e+21	1.07102e+21	0	1.898e+27	5.42767e+11	-5.46678e+11	0	9373.28	9094.23	0	-2.89766e+23	2.98573e+23	0	5.683e+26	-1.05571e+11	-1.42907e+12	0	9569.35	-610.821	0	2.6983e+21	3.60905e+22	0	8.681e+25	-2.4962e+11	2.85945e+12	0	-6789.4	-614.435	0	1.23848e+20	-1.4059e+21	0	1.024e+26	2.97478e+12	3.36262e+12	0	-4086.94	3592.82	0	-4.50007e+20	-5.07166e+20	0	7.342e+22	6.86036e+10	1.44833e+11	0	-25611.8	13127.8	0	-1.17021e+20	-2.0296e+20	0	
10	1.9891e+30	8.57435e+08	1.18498e+10	0	-10.8645	7.03957	0	2.71428e+23	-3.31158e+23	0	3.285e+23	-4.04985e+10	5.39987e+10	0	-33945.5	-32941.4	0	8.75931e+21	-8.92725e+21	0	4.867e+24	-4.00031e+10	-8.70214e+10	0	32512.4	-13610.3	0	2.15624e+22	5.21722e+22	0	5.972e+24	1.17292e+10	1.61091e+11	0	-29721.4	2189.85	0	-2.75956e+21	-3.53715e+22	0	6.39e+23	2.00575e+11	-9.67204e+10	0	11546.2	21197.6	0	-1.44211e+21	7.83837e+20	0	1.898e+27	5.61205e+11	-5.28178e+11	0	9062.73	9403.66	0	-2.99605e+23	2.88662e+23	0	5.683e+26	-8.64238e+10	-1.43016e+12	0	9578	-483.736	0	2.21811e+21	3.61307e+22	0	8.681e+25	-2.63196e+11	2.85818e+12	0	-6786.47	-646.819	0	1.30553e+20	-1.40535e+21	0	1.024e+26	2.9666e+12	3.36979e+12	0	-4095.72	3582.91	0	-4.48789e+20	-5.08272e+20	0	7.342e+22	1.13599e+10	1.60978e+11	0	-29411.9	1229.37	0	1.57062e+20	-3.77726e+20	0	
10	1.9891e+30	8.35987e+08	1.18635e+10	0	-10.5778	6.69941	0	3.03804e+23	-3.42307e+23	0	3.285e+23	-4.02073e+10	-3.05973e+10	0	34158.2	-32692.5	0	8.69076e+21	8.99079e+21	0	4.867e+24	2.89627e+10	-9.17089e+10	0	33951.6	9054.69	0	-1.46996e+22	5.41321e+22	0	5.972e+24	-4.69995e+10	1.53658e+11	0	-28227	-9496.29	0	1.11473e+22	-3.34449e+22	0	6.39e+23	2.18998e+11	-5.21999e+10	0	6808.09	23154.7	0	-1.57422e+21	4.62114e+20	0	1.898e+27	5.79011e+11	-5.0907e+11	0	8741.99	9702.47	0	-3.09104e+23	2.78427e+23	0	5.683e+26	-6.72606e+10	-1.431e+12	0	9584.96	-356.521	0	1.73724e+21	3.61645e+22	0	8.681e+25	-2.76766e+11	2.85686e+12	0	-6783.39	-679.19	0	1.37256e+20	-1.40477e+21	0	1.024e+26	2.9584e+12	3.37695e+12	0	-4104.47	3572.97	0	-4.47568e+20	-5.09376e+20	0	7.342e+22	-4.73305e+10	1.53854e+11	0	-28759.9	-10362.4	0	3.09274e+20	-5.11329e+20	0	
10	1.9891e+30	8.15153e+08	1.18766e+10	0	-10.2486	6.36377	0	3.49145e+23	-3.17727e+23	0	3.285e+23	4.47263e+10	-2.67007e+10	0	31359.9	36050.7	0	-9.58949e+21	8.42468e+21	0	4.867e+24	8.63145e+10	-5.34599e+10	0	21358	27795	0	-4.43354e+22	3.38799e+22	0	5.972e+24	-9.82506e+10	1.24055e+11	0	-22324.9	-19699	0	2.33962e+22	-2.63339e+22	0	6.39e+23	2.27603e+11	-4.79734e+09	0	1765.56	24069.3	0	-1.63592e+21	1.20098e+20	0	1.898e+27	5.96166e+11	-4.89375e+11	0	8411.42	9990.33	0	-3.18255e+23	2.67882e+23	0	5.683e+26	-4.80851e+10	-1.43159e+12	0	9590.23	-229.198	0	1.25577e+21	3.61921e+22	0	8.681e+25	-2.9033e+11	2.85547e+12	0	-6780.15	-711.547	0	1.43957e+20	-1.40415e+21	0	1.024e+26	2.95018e+12	3.38409e+12	0	-4113.2	3563.01	0	-4.46344e+20	-5.10476e+20	0	7.342e+22	-9.83163e+10	1.2443e+11	0	-23337.3	-19872.6	0	3.21017e+20	-5.23204e+20	0	
10	1.9891e+30	7.95014e+08	1.1889e+10	0	-9.88825	6.07047	0	3.59356e+23	-2.65526e+23	0	3.285e+23	3.63515e+10	5.83462e+10	0	-37756.7	29235.9	0	-7.74413e+21	-1.01184e+22	0	4.867e+24	1.08507e+11	1.16906e+10	0	54.279	35025.5	0	-5.56884e+22	1.01633e+20	0	5.972e+24	-1.34016e+11	7.69169e+10	0	-12943	-26820.7	0	3.20029e+22	-1.52169e+22	0	6.39e+23	2.26006e+11	4.33543e+10	0	-3356.09	23901.1	0	-1.62459e+21	-2.27164e+20	0	1.898e+27	6.12651e+11	-4.69116e+11	0	8071.4	10266.9	0	-3.27045e+23	2.57037e+23	0	5.683e+26	-2.89008e+10	-1.43192e+12	0	9593.8	-101.79	0	7.73769e+20	3.62133e+22	0	8.681e+25	-3.03886e+11	2.85401e+12	0	-6776.76	-743.89	0	1.50656e+20	-1.40351e+21	0	1.024e+26	2.94194e+12	3.3912e+12	0	-4121.91	3553.03	0	-4.45117e+20	-5.11574e+20	0	7.342e+22	-1.33778e+11	7.7212e+10	0	-13729.5	-26158.6	0	2.63986e+20	-3.48896e+20	0	
10	1.9891e+30	7.75592e+08	1.19009e+10	0	-9.538	5.82108	0	3.35452e+23	-2.36939e+23	0	3.285e+23	-4.76943e+10	4.57178e+10	0	-27213.8	-38635.9	0	1.02393e+22	-7.14386e+21	0	4.867e+24	8.65084e+10	7.69215e+10	0	-21277.4	27873.5	0	-4.44637e+22	-3.37231e+22	0	5.972e+24	-1.48709e+11	1.96175e+10	0	-1546.85	-29744.6	0	3.55514e+22	-1.82673e+21	0	6.39e+23	2.14277e+11	9.00892e+10	0	-8328.27	22657.8	0	-1.54074e+21	-5.6443e+20	0	1.898e+27	6.28446e+11	-4.48315e+11	0	7722.31	10531.9	0	-3.35467e+23	2.45905e+23	0	5.683e+26	-9.71105e+09	-1.432e+12	0	9595.67	25.6826	0	2.91336e+20	3.62281e+22	0	8.681e+25	-3.17436e+11	2.85249e+12	0	-6773.21	-776.217	0	1.57353e+20	-1.40283e+21	0	1.024e+26	2.93369e+12	3.3983e+12	0	-4130.59	3543.03	0	-4.43888e+20	-5.12669e+20	0	7.342e+22	-1.48339e+11	1.9614e+10	0	-1535.07	-28685	0	2.23315e+20	-2.0577e+19	0	
10	1.9891e+30	7.56846e+08	1.19123e+10	0	-9.21037	5.58414	0	3.19675e+23	-2.36475e+23	0	3.285e+23	-3.16899e+10	-3.73572e+10	0	39681.5	-25802.3	0	6.89179e+21	1.04649e+22	0	4.867e+24	2.92493e+10	1.15375e+11	0	-33941.6	9176.12	0	-1.48952e+22	-5.40909e+22	0	5.972e+24	-1.4004e+11	-3.88883e+10	0	10089	-28011.4	0	3.3411e+22	1.18472e+22	0	6.39e+23	1.9294e+11	1.33304e+11	0	-12928.8	20394	0	-1.38794e+21	-8.76872e+20	0	1.898e+27	6.43534e+11	-4.26996e+11	0	7364.55	10785.1	0	-3.43509e+23	2.34499e+23	0	5.683e+26	9.48076e+09	-1.43182e+12	0	9595.85	153.196	0	-1.91449e+20	3.62366e+22	0	8.681e+25	-3.30979e+11	2.85091e+12	0	-6769.51	-808.528	0	1.64047e+20	-1.40211e+21	0	1.024e+26	2.92542e+12	3.40537e+12	0	-4139.25	3533	0	-4.42656e+20	-5.13762e+20	0	7.342e+22	-1.39809e+11	-3.91884e+10	0	10891.3	-27365.9	0	2.85007e+20	3.10875e+20	0	
10	1.9891e+30	7.38746e+08	1.19233e+10	0	-8.89043	5.34655	0	3.16566e+23	-2.34485e+23	0	3.285e+23	5.11024e+10	-1.76483e+10	0	24057.4	41329.8	0	-1.10249e+22	6.4734e+21	0	4.867e+24	-3.97783e+10	1.10925e+11	0	-32583	-13498.6	0	2.13871e+22	-5.22572e+22	0	5.972e+24	-1.09365e+11	-8.94577e+10	0	20153.1	-21895.6	0	2.59974e+22	2.37754e+22	0	6.39e+23	1.62947e+11	1.7105e+11	0	-16951.3	17209.3	0	-1.17273e+21	-1.15065e+21	0	1.898e+27	6.57898e+11	-4.05183e+11	0	6998.51	11026	0	-3.51165e+23	2.22831e+23	0	5.683e+26	2.86712e+10	-1.43138e+12	0	9594.33	280.728	0	-6.74501e+20	3.62387e+22	0	8.681e+25	-3.44514e+11	2.84926e+12	0	-6765.65	-840.823	0	1.70739e+20	-1.40137e+21	0	1.024e+26	2.91713e+12	3.41243e+12	0	-4147.88	3522.96	0	-4.41422e+20	-5.14851e+20	0	7.342e+22	-1.09439e+11	-8.98322e+10	0	21159.7	-22092.7	0	3.57401e+20	4.90921e+20	0	
10	1.9891e+30	7.2128e+08	1.19337e+10	0	-8.57825	5.11158	0	3.02347e+23	-2.36822e+23	0	3.285e+23	2.69362e+10	6.43076e+10	0	-42515.4	21621.4	0	-5.6903e+21	-1.13686e+22	0	4.867e+24	-9.18186e+10	6.50806e+10	0	-17539	-30688	0	4.91989e+22	-2.82557e+22	0	5.972e+24	-6.14821e+10	-1.24185e+11	0	27074	-12357	0	1.45409e+22	3.20968e+22	0	6.39e+23	1.25641e+11	2.01619e+11	0	-20214.3	13244.5	0	-9.04363e+20	-1.37347e+21	0	1.898e+27	6.71523e+11	-3.829e+11	0	6624.61	11254.6	0	-3.58425e+23	2.10914e+23	0	5.683e+26	4.78569e+10	-1.4307e+12	0	9591.1	408.256	0	-1.15774e+21	3.62344e+22	0	8.681e+25	-3.58042e+11	2.84754e+12	0	-6761.64	-873.1	0	1.77427e+20	-1.40059e+21	0	1.024e+26	2.90883e+12	3.41947e+12	0	-4156.49	3512.89	0	-4.40185e+20	-5.15938e+20	0	7.342e+22	-6.18172e+10	-1.24373e+11	0	27587.5	-13236.6	0	3.53231e+20	4.90971e+20	0	
10	1.9891e+30	7.04423e+08	1.19437e+10	0	-8.27895	4.85896	0	2.99075e+23	-2.70251e+23	0	3.285e+23	-5.32057e+10	3.62594e+10	0	-19558.6	-42984.2	0	1.13659e+22	-5.12651e+21	0	4.867e+24	-1.04881e+11	-3.1227e+09	0	4960.24	-35011.1	0	5.62308e+22	8.02324e+21	0	5.972e+24	-3.87689e+09	-1.37634e+11	0	29765.8	-888.866	0	8.99102e+20	3.54458e+22	0	6.39e+23	8.26957e+10	2.23623e+11	0	-22569.2	8675.61	0	-5.945e+20	-1.53514e+21	0	1.898e+27	6.84392e+11	-3.60173e+11	0	6243.28	11470.5	0	-3.65281e+23	1.98762e+23	0	5.683e+26	6.70345e+10	-1.42975e+12	0	9586.18	535.758	0	-1.64107e+21	3.62237e+22	0	8.681e+25	-3.71561e+11	2.84577e+12	0	-6757.47	-905.359	0	1.84113e+20	-1.39978e+21	0	1.024e+26	2.90051e+12	3.42648e+12	0	-4165.08	3502.8	0	-4.38946e+20	-5.17022e+20	0	7.342e+22	-4.24377e+09	-1.37513e+11	0	29435.4	-1841.04	0	2.00453e+20	3.74051e+20	0	
10	1.9891e+30	6.88177e+08	1.19531e+10	0	-7.96015	4.56749	0	3.43099e+23	-3.04877e+23	0	3.285e+23	-2.20352e+10	-4.24146e+10	0	43841.7	-17990.9	0	4.84338e+21	1.15881e+22	0	4.867e+24	-7.3411e+10	-6.49793e+10	0	25337.7	-24585.6	0	3.92863e+22	4.0787e+22	0	5.972e+24	5.44428e+10	-1.27693e+11	0	27799.9	10716.6	0	-1.27958e+22	3.32319e+22	0	6.39e+23	3.60434e+10	2.36054e+11	0	-23906.7	3706.73	0	-2.56754e+20	-1.62804e+21	0	1.898e+27	6.96491e+11	-3.37027e+11	0	5854.94	11673.4	0	-3.71725e+23	1.86389e+23	0	5.683e+26	8.62005e+10	-1.42855e+12	0	9579.55	663.21	0	-2.12442e+21	3.62066e+22	0	8.681e+25	-3.85071e+11	2.84392e+12	0	-6753.15	-937.598	0	1.90796e+20	-1.39894e+21	0	1.024e+26	2.89217e+12	3.43348e+12	0	-4173.64	3492.7	0	-4.37704e+20	-5.18104e+20	0	7.342e+22	5.42987e+10	-1.27343e+11	0	26835.6	10335	0	-7.9534e+19	2.19644e+20	0	
10	1.9891e+30	6.72625e+08	1.19619e+10	0	-7.58038	4.26242	0	4.11383e+23	-2.92527e+23	0	3.285e+23	5.5686e+10	-7.5466e+09	0	15878.1	45139	0	-1.20635e+22	4.27788e+21	0	4.867e+24	-1.07949e+10	-9.45488e+10	0	34982.3	-3938.72	0	6.028e+21	5.59765e+22	0	5.972e+24	1.04354e+11	-9.59073e+10	0	21476.6	20646.8	0	-2.44461e+22	2.5713e+22	0	6.39e+23	-1.22095e+10	2.38331e+11	0	-24163.1	-1438.78	0	9.38295e+19	-1.64748e+21	0	1.898e+27	7.07807e+11	-3.13488e+11	0	5460.02	11863.2	0	-3.77752e+23	1.73808e+23	0	5.683e+26	1.05352e+11	-1.4271e+12	0	9571.22	790.592	0	-2.60769e+21	3.61831e+22	0	8.681e+25	-3.98573e+11	2.84202e+12	0	-6748.68	-969.818	0	1.97475e+20	-1.39807e+21	0	1.024e+26	2.88381e+12	3.44045e+12	0	-4182.17	3482.57	0	-4.36459e+20	-5.19182e+20	0	7.342e+22	1.0453e+11	-9.55713e+10	0	20568.7	21128.4	0	-3.97344e+20	1.33404e+20	0	
10	1.9891e+30	6.57894e+08	1.19702e+10	0	-7.14316	3.99204	0	4.51758e+23	-2.4342e+23	0	3.285e+23	1.66015e+10	6.84019e+10	0	-45751.6	13268.5	0	-3.44792e+21	-1.22041e+22	0	4.867e+24	5.66449e+10	-7.97525e+10	0	30031.8	18164.9	0	-2.91496e+22	4.77573e+22	0	5.972e+24	1.38044e+11	-4.72419e+10	0	11783.9	27352.1	0	-3.23227e+22	1.4064e+22	0	6.39e+23	-5.98765e+10	2.30335e+11	0	-23322.6	-6527.94	0	4.41412e+20	-1.59207e+21	0	1.898e+27	7.18327e+11	-2.89583e+11	0	5058.98	12039.6	0	-3.83353e+23	1.61033e+23	0	5.683e+26	1.24484e+11	-1.42539e+12	0	9561.2	917.879	0	-3.09081e+21	3.61531e+22	0	8.681e+25	-4.12066e+11	2.84004e+12	0	-6744.06	-1002.02	0	2.04151e+20	-1.39716e+21	0	1.024e+26	2.87544e+12	3.44741e+12	0	-4190.69	3472.42	0	-4.35212e+20	-5.20258e+20	0	7.342e+22	1.38409e+11	-4.71625e+10	0	11574.2	28381.3	0	-6.04327e+20	1.2625e+20	0	
10	1.9891e+30	6.44068e+08	1.1978e+10	0	-6.68047	3.77074	0	4.67234e+23	-1.98381e+23	0	3.285e+23	-5.68477e+10	2.5954e+10	0	-11242.5	-45844.4	0	1.2105e+22	-2.94269e+21	0	4.867e+24	1.00997e+11	-2.70562e+10	0	12751.2	32629.2	0	-5.19337e+22	2.0201e+22	0	5.972e+24	1.50238e+11	1.06897e+10	0	242.906	29785.5	0	-3.52634e+22	1.69018e+20	0	6.39e+23	-1.0479e+11	2.12411e+11	0	-21419.8	-11328.7	0	7.7006e+20	-1.4638e+21	0	1.898e+27	7.28039e+11	-2.65339e+11	0	4652.26	12202.5	0	-3.88523e+23	1.48079e+23	0	5.683e+26	1.43595e+11	-1.42343e+12	0	9549.47	1045.05	0	-3.57368e+21	3.61167e+22	0	8.681e+25	-4.25549e+11	2.83801e+12	0	-6739.28	-1034.2	0	2.10823e+20	-1.39623e+21	0	1.024e+26	2.86705e+12	3.45434e+12	0	-4199.17	3462.24	0	-4.33962e+20	-5.21331e+20	0	7.342e+22	1.50524e+11	1.04465e+10	0	898.024	30597.3	0	-5.92113e+20	1.39244e+20	0	
10	1.9891e+30	6.31182e+08